profile_id,entity_id,entity_name,provider_industry,location,title_raw,standardized_role,role_family,seniority_provider,start_date,profile_last_updated,months_since_update,staleness_cutoff_date,salary_est_base,live_for_headcount,live_for_structure,excluded_reason
700125,4471023,Cardinal Comfort Services LLC,Residential HVAC & plumbing services,"Cincinnati, OH",Apprentice HVAC Technician,HVAC Service Technician,Field - Service,Entry,2024-03-15,2024-10-30,22.0,2024-09-01,,True,True,
700417,4471023,Cardinal Comfort Services LLC,Residential HVAC & plumbing services,"Cincinnati, OH",Branch Manager,Branch Manager,Executive & Corporate,Manager,2019-12-17,2025-02-14,18.5,2024-09-01,,True,True,
700399,4471023,Cardinal Comfort Services LLC,Residential HVAC & plumbing services,"Cincinnati, OH",Brand Manager,Marketing Manager,Marketing,Manager,2024-02-15,2026-07-16,1.5,2024-09-01,,True,True,
700288,4471023,Cardinal Comfort Services LLC,Residential HVAC & plumbing services,"Cincinnati, OH",Call Center Team Lead,Customer Care Supervisor,Customer Care & Dispatch,Manager,2020-03-30,2025-10-06,10.8,2024-09-01,,True,True,
700158,4471023,Cardinal Comfort Services LLC,Residential HVAC & plumbing services,"Cincinnati, OH",Comfort Advisor,Sales Consultant,Sales,Entry,2024-03-08,2024-12-25,20.2,2024-09-01,51000.0,True,True,
700152,4471023,Cardinal Comfort Services LLC,Residential HVAC & plumbing services,"Cincinnati, OH",Comfort Advisor,Sales Consultant,Sales,Entry,2025-08-13,2026-05-02,4.0,2024-09-01,,True,True,
700136,4471023,Cardinal Comfort Services LLC,Residential HVAC & plumbing services,"Cincinnati, OH",Comfort Advisor,Sales Consultant,Sales,Mid,2020-04-13,2024-12-28,20.1,2024-09-01,,True,True,
700339,4471023,Cardinal Comfort Services LLC,Residential HVAC & plumbing services,"Cincinnati, OH",Controller,Controller,Finance & Accounting,Manager,2026-01-02,2026-05-06,3.9,2024-09-01,64000.0,True,True,
700338,4471023,Cardinal Comfort Services LLC,Residential HVAC & plumbing services,"Cincinnati, OH",Controller,Controller,Finance & Accounting,Manager,2022-09-30,2025-04-09,16.8,2024-09-01,70000.0,True,True,
700292,4471023,Cardinal Comfort Services LLC,Residential HVAC & plumbing services,"Cincinnati, OH",Customer Experience Manager,Customer Care Manager,Customer Care & Dispatch,Manager,2025-06-19,2025-11-04,9.9,2024-09-01,39500.0,True,True,
700237,4471023,Cardinal Comfort Services LLC,Residential HVAC & plumbing services,"Cincinnati, OH",Customer Service Representative,Customer Service Representative,Customer Care & Dispatch,Mid,2022-02-26,2025-04-12,16.7,2024-09-01,,True,True,
700250,4471023,Cardinal Comfort Services LLC,Residential HVAC & plumbing services,"Cincinnati, OH",Customer Service Representative,Customer Service Representative,Customer Care & Dispatch,Entry,2025-02-20,2025-12-11,8.7,2024-09-01,,True,True,
700254,4471023,Cardinal Comfort Services LLC,Residential HVAC & plumbing services,"Cincinnati, OH",Customer Service Representative,Customer Service Representative,Customer Care & Dispatch,Mid,2022-12-24,2025-09-03,11.9,2024-09-01,,True,True,
700232,4471023,Cardinal Comfort Services LLC,Residential HVAC & plumbing services,"Cincinnati, OH",Customer Service Representative,Customer Service Representative,Customer Care & Dispatch,Mid,2022-01-04,2025-12-27,8.1,2024-09-01,35500.0,True,True,
700251,4471023,Cardinal Comfort Services LLC,Residential HVAC & plumbing services,"Cincinnati, OH",Customer Service Representative,Customer Service Representative,Customer Care & Dispatch,Entry,2024-08-22,2025-01-09,19.7,2024-09-01,,True,True,
700248,4471023,Cardinal Comfort Services LLC,Residential HVAC & plumbing services,"Cincinnati, OH",Customer Service Representative,Customer Service Representative,Customer Care & Dispatch,Mid,2017-01-17,2025-09-15,11.5,2024-09-01,,True,True,
700249,4471023,Cardinal Comfort Services LLC,Residential HVAC & plumbing services,"Cincinnati, OH",Customer Service Representative,Customer Service Representative,Customer Care & Dispatch,Entry,2026-04-19,2026-05-11,3.7,2024-09-01,,True,True,
700252,4471023,Cardinal Comfort Services LLC,Residential HVAC & plumbing services,"Cincinnati, OH",Customer Service Representative,Customer Service Representative,Customer Care & Dispatch,Mid,2021-11-01,2026-05-23,3.3,2024-09-01,38500.0,True,True,
700242,4471023,Cardinal Comfort Services LLC,Residential HVAC & plumbing services,"Cincinnati, OH",Customer Service Representative,Customer Service Representative,Customer Care & Dispatch,Mid,2021-08-06,2025-11-10,9.7,2024-09-01,36000.0,True,True,
700230,4471023,Cardinal Comfort Services LLC,Residential HVAC & plumbing services,"Cincinnati, OH",Customer Service Representative,Customer Service Representative,Customer Care & Dispatch,Mid,2024-02-13,2026-01-19,7.4,2024-09-01,,True,True,
700241,4471023,Cardinal Comfort Services LLC,Residential HVAC & plumbing services,"Cincinnati, OH",Customer Service Representative,Customer Service Representative,Customer Care & Dispatch,Entry,2026-03-18,2026-05-15,3.6,2024-09-01,,True,True,
700244,4471023,Cardinal Comfort Services LLC,Residential HVAC & plumbing services,"Cincinnati, OH",Customer Service Representative,Customer Service Representative,Customer Care & Dispatch,Mid,2023-01-14,2026-07-28,1.1,2024-09-01,,True,True,
700245,4471023,Cardinal Comfort Services LLC,Residential HVAC & plumbing services,"Cincinnati, OH",Customer Service Representative,Customer Service Representative,Customer Care & Dispatch,Entry,2024-08-28,2025-05-07,15.8,2024-09-01,,True,True,
700393,4471023,Cardinal Comfort Services LLC,Residential HVAC & plumbing services,"Cincinnati, OH",Digital Marketing Specialist,Digital Marketing Specialist,Marketing,Entry,2025-09-11,2026-03-26,5.2,2024-09-01,,True,True,
700391,4471023,Cardinal Comfort Services LLC,Residential HVAC & plumbing services,"Cincinnati, OH",Digital Marketing Specialist,Digital Marketing Specialist,Marketing,Mid,2023-01-05,2024-10-29,22.1,2024-09-01,61500.0,True,True,
700390,4471023,Cardinal Comfort Services LLC,Residential HVAC & plumbing services,"Cincinnati, OH",Digital Marketing Specialist,Digital Marketing Specialist,Marketing,Entry,2026-04-10,2026-05-27,3.2,2024-09-01,,True,True,
700388,4471023,Cardinal Comfort Services LLC,Residential HVAC & plumbing services,"Cincinnati, OH",Digital Marketing Specialist,Digital Marketing Specialist,Marketing,Mid,2023-06-09,2026-06-15,2.6,2024-09-01,,True,True,
700392,4471023,Cardinal Comfort Services LLC,Residential HVAC & plumbing services,"Cincinnati, OH",Digital Marketing Specialist,Digital Marketing Specialist,Marketing,Mid,2023-07-13,2025-04-08,16.8,2024-09-01,,True,True,
700404,4471023,Cardinal Comfort Services LLC,Residential HVAC & plumbing services,"Cincinnati, OH",Director of Operations,Operations Director,Executive & Corporate,Director,2022-09-09,2025-05-07,15.8,2024-09-01,,True,True,
700268,4471023,Cardinal Comfort Services LLC,Residential HVAC & plumbing services,"Cincinnati, OH",Dispatcher,Dispatcher,Customer Care & Dispatch,Mid,2022-05-08,2026-02-03,6.9,2024-09-01,43000.0,True,True,
700266,4471023,Cardinal Comfort Services LLC,Residential HVAC & plumbing services,"Cincinnati, OH",Dispatcher,Dispatcher,Customer Care & Dispatch,Entry,2026-06-01,2026-08-26,0.2,2024-09-01,,True,True,
700271,4471023,Cardinal Comfort Services LLC,Residential HVAC & plumbing services,"Cincinnati, OH",Dispatcher,Dispatcher,Customer Care & Dispatch,Entry,2025-04-21,2026-07-11,1.7,2024-09-01,,True,True,
700446,4471023,Cardinal Comfort Services LLC,Residential HVAC & plumbing services,"Cincinnati, OH",Field Supervisor,Field Supervisor,Field Leadership,Manager,2020-09-18,2025-08-29,12.1,2024-09-01,,True,True,
700449,4471023,Cardinal Comfort Services LLC,Residential HVAC & plumbing services,"Cincinnati, OH",Field Supervisor,Field Supervisor,Field Leadership,Manager,2026-02-20,2026-03-14,5.6,2024-09-01,,True,True,
700450,4471023,Cardinal Comfort Services LLC,Residential HVAC & plumbing services,"Cincinnati, OH",Field Supervisor,Field Supervisor,Field Leadership,Manager,2025-02-04,2025-11-26,9.2,2024-09-01,,True,True,
700312,4471023,Cardinal Comfort Services LLC,Residential HVAC & plumbing services,"Cincinnati, OH",Fleet Coordinator,Fleet Coordinator,Warehouse & Fleet,Mid,2021-05-30,2025-01-10,19.7,2024-09-01,,True,True,
700452,4471023,Cardinal Comfort Services LLC,Residential HVAC & plumbing services,"Cincinnati, OH",General Manager,General Manager,Executive & Corporate,Manager,2013-07-19,2024-11-01,22.0,2024-09-01,,True,True,
700455,4471023,Cardinal Comfort Services LLC,Residential HVAC & plumbing services,"Cincinnati, OH",General Manager,General Manager,Executive & Corporate,Manager,2025-10-24,2026-03-24,5.3,2024-09-01,,True,True,
700453,4471023,Cardinal Comfort Services LLC,Residential HVAC & plumbing services,"Cincinnati, OH",General Manager,General Manager,Executive & Corporate,Manager,2024-04-07,2026-06-28,2.1,2024-09-01,,True,True,
700350,4471023,Cardinal Comfort Services LLC,Residential HVAC & plumbing services,"Cincinnati, OH",HR Generalist,HR Business Partner,HR,Entry,2025-05-15,2026-06-19,2.4,2024-09-01,60500.0,True,True,
700361,4471023,Cardinal Comfort Services LLC,Residential HVAC & plumbing services,"Cincinnati, OH",HR Manager,HR Manager,HR,Manager,2025-09-30,2026-08-16,0.5,2024-09-01,,True,True,
700069,4471023,Cardinal Comfort Services LLC,Residential HVAC & plumbing services,"Cincinnati, OH",HVAC Installer,HVAC Installer,Field - Install,Mid,2023-09-07,2026-06-24,2.3,2024-09-01,,True,True,
700073,4471023,Cardinal Comfort Services LLC,Residential HVAC & plumbing services,"Cincinnati, OH",HVAC Installer,HVAC Installer,Field - Install,Entry,2025-01-16,2026-08-20,0.4,2024-09-01,,True,True,
700067,4471023,Cardinal Comfort Services LLC,Residential HVAC & plumbing services,"Cincinnati, OH",HVAC Installer,HVAC Installer,Field - Install,Entry,2025-07-12,2025-07-17,13.5,2024-09-01,,True,True,
700072,4471023,Cardinal Comfort Services LLC,Residential HVAC & plumbing services,"Cincinnati, OH",HVAC Installer,HVAC Installer,Field - Install,Mid,2021-12-18,2025-02-09,18.7,2024-09-01,,True,True,
700070,4471023,Cardinal Comfort Services LLC,Residential HVAC & plumbing services,"Cincinnati, OH",HVAC Installer,HVAC Installer,Field - Install,Entry,2026-02-19,2026-05-19,3.4,2024-09-01,,True,True,
700071,4471023,Cardinal Comfort Services LLC,Residential HVAC & plumbing services,"Cincinnati, OH",HVAC Installer,HVAC Installer,Field - Install,Mid,2019-04-28,2026-04-27,4.2,2024-09-01,,True,True,
700018,4471023,Cardinal Comfort Services LLC,Residential HVAC & plumbing services,"Cincinnati, OH",HVAC Service Technician,HVAC Service Technician,Field - Service,Entry,2025-02-11,2025-08-28,12.1,2024-09-01,58000.0,True,True,
700021,4471023,Cardinal Comfort Services LLC,Residential HVAC & plumbing services,"Cincinnati, OH",HVAC Service Technician,HVAC Service Technician,Field - Service,Entry,2026-04-11,2026-07-09,1.8,2024-09-01,,True,True,
700015,4471023,Cardinal Comfort Services LLC,Residential HVAC & plumbing services,"Cincinnati, OH",HVAC Service Technician,HVAC Service Technician,Field - Service,Mid,2020-02-03,2025-09-18,11.4,2024-09-01,,True,True,
700013,4471023,Cardinal Comfort Services LLC,Residential HVAC & plumbing services,"Cincinnati, OH",HVAC Service Technician,HVAC Service Technician,Field - Service,Mid,2013-04-12,2025-12-31,8.0,2024-09-01,,True,True,
700031,4471023,Cardinal Comfort Services LLC,Residential HVAC & plumbing services,"Cincinnati, OH",HVAC Service Technician,HVAC Service Technician,Field - Service,Entry,2025-08-20,2026-07-05,1.9,2024-09-01,,True,True,
700032,4471023,Cardinal Comfort Services LLC,Residential HVAC & plumbing services,"Cincinnati, OH",HVAC Service Technician,HVAC Service Technician,Field - Service,Mid,2022-04-01,2024-10-14,22.6,2024-09-01,,True,True,
700016,4471023,Cardinal Comfort Services LLC,Residential HVAC & plumbing services,"Cincinnati, OH",HVAC Service Technician,HVAC Service Technician,Field - Service,Mid,2023-11-28,2026-08-11,0.7,2024-09-01,,True,True,
700023,4471023,Cardinal Comfort Services LLC,Residential HVAC & plumbing services,"Cincinnati, OH",HVAC Service Technician,HVAC Service Technician,Field - Service,Mid,2020-04-20,2025-08-15,12.5,2024-09-01,,True,True,
700175,4471023,Cardinal Comfort Services LLC,Residential HVAC & plumbing services,"Cincinnati, OH",Home Solutions Consultant,Sales Consultant,Sales,Mid,2023-02-21,2026-04-25,4.2,2024-09-01,51000.0,True,True,
700375,4471023,Cardinal Comfort Services LLC,Residential HVAC & plumbing services,"Cincinnati, OH",IT Manager,IT Manager,IT,Manager,2018-09-26,2025-06-26,14.2,2024-09-01,,True,True,
700369,4471023,Cardinal Comfort Services LLC,Residential HVAC & plumbing services,"Cincinnati, OH",IT Support Specialist,Help Desk Technician,IT,Entry,2025-10-26,2026-03-09,5.8,2024-09-01,,True,True,
700364,4471023,Cardinal Comfort Services LLC,Residential HVAC & plumbing services,"Cincinnati, OH",IT Support Specialist,Help Desk Technician,IT,Mid,2022-05-22,2026-03-05,5.9,2024-09-01,,True,True,
700210,4471023,Cardinal Comfort Services LLC,Residential HVAC & plumbing services,"Cincinnati, OH",Inside Sales Representative,Inside Sales Representative,Sales,Mid,2017-12-05,2026-07-24,1.3,2024-09-01,,True,True,
700211,4471023,Cardinal Comfort Services LLC,Residential HVAC & plumbing services,"Cincinnati, OH",Inside Sales Representative,Inside Sales Representative,Sales,Entry,2024-06-02,2025-02-13,18.6,2024-09-01,,True,True,
700213,4471023,Cardinal Comfort Services LLC,Residential HVAC & plumbing services,"Cincinnati, OH",Inside Sales Representative,Inside Sales Representative,Sales,Entry,2026-03-15,2026-06-02,3.0,2024-09-01,,True,True,
700091,4471023,Cardinal Comfort Services LLC,Residential HVAC & plumbing services,"Cincinnati, OH",Install Technician,HVAC Installer,Field - Install,Entry,2024-06-23,2025-08-03,12.9,2024-09-01,,True,True,
700119,4471023,Cardinal Comfort Services LLC,Residential HVAC & plumbing services,"Cincinnati, OH",Lead Installer,HVAC Installer,Field - Install,Senior,2025-11-03,2026-06-11,2.7,2024-09-01,61500.0,True,True,
700118,4471023,Cardinal Comfort Services LLC,Residential HVAC & plumbing services,"Cincinnati, OH",Lead Installer,HVAC Installer,Field - Install,Senior,2024-04-22,2026-07-22,1.3,2024-09-01,,True,True,
700386,4471023,Cardinal Comfort Services LLC,Residential HVAC & plumbing services,"Cincinnati, OH",Marketing Coordinator,Marketing Coordinator,Marketing,Entry,2025-06-20,2026-06-27,2.2,2024-09-01,,True,True,
700384,4471023,Cardinal Comfort Services LLC,Residential HVAC & plumbing services,"Cincinnati, OH",Marketing Coordinator,Marketing Coordinator,Marketing,Entry,2025-09-01,2026-07-12,1.7,2024-09-01,,True,True,
700421,4471023,Cardinal Comfort Services LLC,Residential HVAC & plumbing services,"Cincinnati, OH",Operations Manager,Operations Manager,Executive & Corporate,Manager,2019-01-13,2025-11-28,9.1,2024-09-01,,True,True,
700308,4471023,Cardinal Comfort Services LLC,Residential HVAC & plumbing services,"Cincinnati, OH",Parts Runner,Warehouse Associate,Warehouse & Fleet,Mid,2023-04-30,2025-12-12,8.6,2024-09-01,,True,True,
700343,4471023,Cardinal Comfort Services LLC,Residential HVAC & plumbing services,"Cincinnati, OH",Payroll Administrator,Payroll Specialist,Finance & Accounting,Mid,2021-02-10,2025-06-07,14.8,2024-09-01,,True,True,
700100,4471023,Cardinal Comfort Services LLC,Residential HVAC & plumbing services,"Cincinnati, OH",Plumber,Plumbing Service Technician,Field - Service,Mid,2023-09-17,2025-09-06,11.8,2024-09-01,,True,True,
700097,4471023,Cardinal Comfort Services LLC,Residential HVAC & plumbing services,"Cincinnati, OH",Plumber,Plumbing Service Technician,Field - Service,Mid,2022-05-28,2024-10-15,22.5,2024-09-01,48500.0,True,True,
700505,4471023,Cardinal Comfort Services LLC,Residential HVAC & plumbing services,"Cincinnati, OH",Project Coordinator,Operations Analyst,Executive & Corporate,Entry,2024-08-06,2026-04-20,4.4,2024-09-01,,True,True,
700357,4471023,Cardinal Comfort Services LLC,Residential HVAC & plumbing services,"Cincinnati, OH",Recruiter,Recruiter,HR,Entry,2024-08-13,2025-07-19,13.4,2024-09-01,,True,True,
700358,4471023,Cardinal Comfort Services LLC,Residential HVAC & plumbing services,"Cincinnati, OH",Recruiter,Recruiter,HR,Mid,2019-12-09,2024-10-06,22.8,2024-09-01,81500.0,True,True,
700359,4471023,Cardinal Comfort Services LLC,Residential HVAC & plumbing services,"Cincinnati, OH",Recruiter,Recruiter,HR,Mid,2016-08-23,2024-11-20,21.4,2024-09-01,,True,True,
700458,4471023,Cardinal Comfort Services LLC,Residential HVAC & plumbing services,"Cincinnati, OH",Regional Director,Regional Vice President,Executive & Corporate,Director,2024-10-19,2025-12-28,8.1,2024-09-01,85000.0,True,True,
700191,4471023,Cardinal Comfort Services LLC,Residential HVAC & plumbing services,"Cincinnati, OH",Residential Sales Consultant,Sales Consultant,Sales,Entry,2024-12-29,2026-07-17,1.5,2024-09-01,52500.0,True,True,
700192,4471023,Cardinal Comfort Services LLC,Residential HVAC & plumbing services,"Cincinnati, OH",Residential Sales Consultant,Sales Consultant,Sales,Mid,2023-05-29,2026-03-14,5.6,2024-09-01,48500.0,True,True,
700206,4471023,Cardinal Comfort Services LLC,Residential HVAC & plumbing services,"Cincinnati, OH",Sales Manager,Sales Manager,Sales,Manager,2025-10-15,2025-10-16,10.5,2024-09-01,,True,True,
700111,4471023,Cardinal Comfort Services LLC,Residential HVAC & plumbing services,"Cincinnati, OH",Senior Service Technician,HVAC Service Technician,Field - Service,Senior,2024-10-29,2025-09-25,11.2,2024-09-01,,True,True,
700434,4471023,Cardinal Comfort Services LLC,Residential HVAC & plumbing services,"Cincinnati, OH",Service Manager,Service Manager,Field Leadership,Manager,2022-02-01,2024-12-07,20.8,2024-09-01,,True,True,
700430,4471023,Cardinal Comfort Services LLC,Residential HVAC & plumbing services,"Cincinnati, OH",Service Manager,Service Manager,Field Leadership,Manager,2021-04-11,2025-09-06,11.8,2024-09-01,,True,True,
700432,4471023,Cardinal Comfort Services LLC,Residential HVAC & plumbing services,"Cincinnati, OH",Service Manager,Service Manager,Field Leadership,Manager,2024-05-15,2025-10-26,10.2,2024-09-01,114000.0,True,True,
700057,4471023,Cardinal Comfort Services LLC,Residential HVAC & plumbing services,"Cincinnati, OH",Service Technician,Service Technician,Field - Service,Mid,2023-09-19,2025-02-10,18.7,2024-09-01,,True,True,
700051,4471023,Cardinal Comfort Services LLC,Residential HVAC & plumbing services,"Cincinnati, OH",Service Technician,Service Technician,Field - Service,Entry,2024-11-04,2025-02-03,18.9,2024-09-01,,True,True,
700325,4471023,Cardinal Comfort Services LLC,Residential HVAC & plumbing services,"Cincinnati, OH",Staff Accountant,Accountant,Finance & Accounting,Entry,2025-01-30,2025-05-03,16.0,2024-09-01,61500.0,True,True,
700324,4471023,Cardinal Comfort Services LLC,Residential HVAC & plumbing services,"Cincinnati, OH",Staff Accountant,Accountant,Finance & Accounting,Entry,2024-08-12,2025-12-30,8.0,2024-09-01,,True,True,
700327,4471023,Cardinal Comfort Services LLC,Residential HVAC & plumbing services,"Cincinnati, OH",Staff Accountant,Accountant,Finance & Accounting,Entry,2026-07-10,2026-07-15,1.6,2024-09-01,68500.0,True,True,
700373,4471023,Cardinal Comfort Services LLC,Residential HVAC & plumbing services,"Cincinnati, OH",Systems Administrator,Systems Administrator,IT,Mid,2014-04-12,2025-08-23,12.3,2024-09-01,,True,True,
700467,4471023,Cardinal Comfort Services LLC,Residential HVAC & plumbing services,"Cincinnati, OH",Vice President of Operations,Regional Vice President,Executive & Corporate,Executive,2020-01-28,2025-07-02,14.0,2024-09-01,,True,True,
700468,4471023,Cardinal Comfort Services LLC,Residential HVAC & plumbing services,"Cincinnati, OH",Vice President of Sales,Sales Manager,Sales,Executive,2021-03-18,2024-11-22,21.3,2024-09-01,,True,True,
700305,4471023,Cardinal Comfort Services LLC,Residential HVAC & plumbing services,"Cincinnati, OH",Warehouse Associate,Warehouse Associate,Warehouse & Fleet,Mid,2021-04-25,2025-09-20,11.4,2024-09-01,,True,True,
700304,4471023,Cardinal Comfort Services LLC,Residential HVAC & plumbing services,"Cincinnati, OH",Warehouse Associate,Warehouse Associate,Warehouse & Fleet,Entry,2024-10-06,2024-11-11,21.6,2024-09-01,,True,True,
700300,4471023,Cardinal Comfort Services LLC,Residential HVAC & plumbing services,"Cincinnati, OH",Warehouse Associate,Warehouse Associate,Warehouse & Fleet,Entry,2025-02-24,2025-10-23,10.3,2024-09-01,,True,True,
700306,4471023,Cardinal Comfort Services LLC,Residential HVAC & plumbing services,"Cincinnati, OH",Warehouse Associate,Warehouse Associate,Warehouse & Fleet,Mid,2023-06-10,2026-08-09,0.8,2024-09-01,43500.0,True,True,
700334,4471023,Cardinal Comfort Services LLC,Residential HVAC & plumbing services,"Columbus, OH",Accounts Payable Specialist,AP/AR Specialist,Finance & Accounting,Entry,2026-01-23,2026-05-30,3.1,2024-09-01,,True,True,
700159,4471023,Cardinal Comfort Services LLC,Residential HVAC & plumbing services,"Columbus, OH",Comfort Advisor,Sales Consultant,Sales,Mid,2022-11-16,2026-03-12,5.7,2024-09-01,,True,True,
700153,4471023,Cardinal Comfort Services LLC,Residential HVAC & plumbing services,"Columbus, OH",Comfort Advisor,Sales Consultant,Sales,Entry,2024-03-21,2025-09-04,11.9,2024-09-01,54500.0,True,True,
700137,4471023,Cardinal Comfort Services LLC,Residential HVAC & plumbing services,"Columbus, OH",Comfort Advisor,Sales Consultant,Sales,Mid,2021-12-05,2025-09-15,11.5,2024-09-01,,True,True,
700235,4471023,Cardinal Comfort Services LLC,Residential HVAC & plumbing services,"Columbus, OH",Customer Service Representative,Customer Service Representative,Customer Care & Dispatch,Mid,2023-08-02,2026-04-01,5.0,2024-09-01,36500.0,True,True,
700246,4471023,Cardinal Comfort Services LLC,Residential HVAC & plumbing services,"Columbus, OH",Customer Service Representative,Customer Service Representative,Customer Care & Dispatch,Entry,2026-06-20,2026-08-11,0.7,2024-09-01,36000.0,True,True,
700239,4471023,Cardinal Comfort Services LLC,Residential HVAC & plumbing services,"Columbus, OH",Customer Service Representative,Customer Service Representative,Customer Care & Dispatch,Mid,2023-08-11,2025-02-05,18.8,2024-09-01,36500.0,True,True,
700406,4471023,Cardinal Comfort Services LLC,Residential HVAC & plumbing services,"Columbus, OH",Director of Operations,Operations Director,Executive & Corporate,Director,2024-10-26,2026-04-19,4.4,2024-09-01,85000.0,True,True,
700269,4471023,Cardinal Comfort Services LLC,Residential HVAC & plumbing services,"Columbus, OH",Dispatcher,Dispatcher,Customer Care & Dispatch,Entry,2024-04-04,2025-11-28,9.1,2024-09-01,,True,True,
700270,4471023,Cardinal Comfort Services LLC,Residential HVAC & plumbing services,"Columbus, OH",Dispatcher,Dispatcher,Customer Care & Dispatch,Entry,2024-05-03,2025-04-30,16.1,2024-09-01,,True,True,
700314,4471023,Cardinal Comfort Services LLC,Residential HVAC & plumbing services,"Columbus, OH",Fleet Coordinator,Fleet Coordinator,Warehouse & Fleet,Entry,2024-03-19,2025-03-09,17.8,2024-09-01,,True,True,
700081,4471023,Cardinal Comfort Services LLC,Residential HVAC & plumbing services,"Columbus, OH",HVAC Installer,HVAC Installer,Field - Install,Entry,2024-07-06,2025-12-20,8.4,2024-09-01,,True,True,
700033,4471023,Cardinal Comfort Services LLC,Residential HVAC & plumbing services,"Columbus, OH",HVAC Service Technician,HVAC Service Technician,Field - Service,Entry,2024-04-09,2025-10-01,11.0,2024-09-01,,True,True,
700030,4471023,Cardinal Comfort Services LLC,Residential HVAC & plumbing services,"Columbus, OH",HVAC Service Technician,HVAC Service Technician,Field - Service,Mid,2021-01-20,2026-07-18,1.5,2024-09-01,,True,True,
700035,4471023,Cardinal Comfort Services LLC,Residential HVAC & plumbing services,"Columbus, OH",HVAC Service Technician,HVAC Service Technician,Field - Service,Mid,2023-11-30,2026-03-17,5.5,2024-09-01,,True,True,
700034,4471023,Cardinal Comfort Services LLC,Residential HVAC & plumbing services,"Columbus, OH",HVAC Service Technician,HVAC Service Technician,Field - Service,Entry,2024-05-07,2025-04-13,16.6,2024-09-01,,True,True,
700022,4471023,Cardinal Comfort Services LLC,Residential HVAC & plumbing services,"Columbus, OH",HVAC Service Technician,HVAC Service Technician,Field - Service,Entry,2025-09-06,2026-04-08,4.8,2024-09-01,,True,True,
700176,4471023,Cardinal Comfort Services LLC,Residential HVAC & plumbing services,"Columbus, OH",Home Solutions Consultant,Sales Consultant,Sales,Entry,2024-08-26,2025-05-27,15.2,2024-09-01,,True,True,
700167,4471023,Cardinal Comfort Services LLC,Residential HVAC & plumbing services,"Columbus, OH",Home Solutions Consultant,Sales Consultant,Sales,Entry,2024-03-17,2024-10-08,22.8,2024-09-01,49000.0,True,True,
700168,4471023,Cardinal Comfort Services LLC,Residential HVAC & plumbing services,"Columbus, OH",Home Solutions Consultant,Sales Consultant,Sales,Mid,2023-03-23,2024-12-27,20.1,2024-09-01,,True,True,
700368,4471023,Cardinal Comfort Services LLC,Residential HVAC & plumbing services,"Columbus, OH",IT Support Specialist,Help Desk Technician,IT,Mid,2022-11-28,2025-10-12,10.6,2024-09-01,,True,True,
700215,4471023,Cardinal Comfort Services LLC,Residential HVAC & plumbing services,"Columbus, OH",Inside Sales Representative,Inside Sales Representative,Sales,Mid,2024-02-25,2026-03-29,5.1,2024-09-01,,True,True,
700442,4471023,Cardinal Comfort Services LLC,Residential HVAC & plumbing services,"Columbus, OH",Install Manager,Install Manager,Field Leadership,Manager,2025-06-12,2026-03-17,5.5,2024-09-01,,True,True,
700439,4471023,Cardinal Comfort Services LLC,Residential HVAC & plumbing services,"Columbus, OH",Install Manager,Install Manager,Field Leadership,Manager,2023-11-23,2025-06-26,14.2,2024-09-01,,True,True,
700089,4471023,Cardinal Comfort Services LLC,Residential HVAC & plumbing services,"Columbus, OH",Install Technician,HVAC Installer,Field - Install,Mid,2020-07-05,2026-04-29,4.1,2024-09-01,,True,True,
700115,4471023,Cardinal Comfort Services LLC,Residential HVAC & plumbing services,"Columbus, OH",Lead Installer,HVAC Installer,Field - Install,Senior,2022-04-28,2025-04-30,16.1,2024-09-01,,True,True,
700117,4471023,Cardinal Comfort Services LLC,Residential HVAC & plumbing services,"Columbus, OH",Lead Installer,HVAC Installer,Field - Install,Senior,2024-06-02,2025-01-23,19.3,2024-09-01,46000.0,True,True,
700398,4471023,Cardinal Comfort Services LLC,Residential HVAC & plumbing services,"Columbus, OH",Marketing Manager,Marketing Manager,Marketing,Manager,2023-11-13,2026-07-08,1.8,2024-09-01,62500.0,True,True,
700422,4471023,Cardinal Comfort Services LLC,Residential HVAC & plumbing services,"Columbus, OH",Operations Manager,Operations Manager,Executive & Corporate,Manager,2026-06-24,2026-07-12,1.7,2024-09-01,,True,True,
700344,4471023,Cardinal Comfort Services LLC,Residential HVAC & plumbing services,"Columbus, OH",Payroll Administrator,Payroll Specialist,Finance & Accounting,Entry,2026-01-03,2026-07-18,1.5,2024-09-01,,True,True,
700102,4471023,Cardinal Comfort Services LLC,Residential HVAC & plumbing services,"Columbus, OH",Plumber,Plumbing Service Technician,Field - Service,Mid,2019-05-04,2026-01-20,7.4,2024-09-01,54500.0,True,True,
700456,4471023,Cardinal Comfort Services LLC,Residential HVAC & plumbing services,"Columbus, OH",Regional Director,Regional Vice President,Executive & Corporate,Director,2023-03-30,2025-09-27,11.1,2024-09-01,99500.0,True,True,
700185,4471023,Cardinal Comfort Services LLC,Residential HVAC & plumbing services,"Columbus, OH",Residential Sales Consultant,Sales Consultant,Sales,Mid,2020-02-08,2026-05-13,3.6,2024-09-01,52000.0,True,True,
700186,4471023,Cardinal Comfort Services LLC,Residential HVAC & plumbing services,"Columbus, OH",Residential Sales Consultant,Sales Consultant,Sales,Mid,2023-05-06,2025-04-03,17.0,2024-09-01,,True,True,
700203,4471023,Cardinal Comfort Services LLC,Residential HVAC & plumbing services,"Columbus, OH",Sales Manager,Sales Manager,Sales,Manager,2024-03-02,2026-04-20,4.4,2024-09-01,49500.0,True,True,
700112,4471023,Cardinal Comfort Services LLC,Residential HVAC & plumbing services,"Columbus, OH",Senior Service Technician,HVAC Service Technician,Field - Service,Senior,2026-02-17,2026-04-21,4.4,2024-09-01,57500.0,True,True,
700435,4471023,Cardinal Comfort Services LLC,Residential HVAC & plumbing services,"Columbus, OH",Service Manager,Service Manager,Field Leadership,Manager,2013-10-06,2025-07-10,13.7,2024-09-01,89000.0,True,True,
700431,4471023,Cardinal Comfort Services LLC,Residential HVAC & plumbing services,"Columbus, OH",Service Manager,Service Manager,Field Leadership,Manager,2022-11-25,2024-11-10,21.7,2024-09-01,,True,True,
700055,4471023,Cardinal Comfort Services LLC,Residential HVAC & plumbing services,"Columbus, OH",Service Technician,Service Technician,Field - Service,Mid,2021-10-24,2026-04-25,4.2,2024-09-01,48000.0,True,True,
700322,4471023,Cardinal Comfort Services LLC,Residential HVAC & plumbing services,"Columbus, OH",Staff Accountant,Accountant,Finance & Accounting,Entry,2025-03-10,2026-05-24,3.3,2024-09-01,,True,True,
700469,4471023,Cardinal Comfort Services LLC,Residential HVAC & plumbing services,"Columbus, OH",Vice President of Sales,Sales Manager,Sales,Executive,2024-05-19,2024-12-31,20.0,2024-09-01,,True,True,
700409,4471023,Cardinal Comfort Services LLC,Residential HVAC & plumbing services,"Dayton, OH",Branch Manager,Branch Manager,Executive & Corporate,Manager,2023-11-10,2025-12-07,8.8,2024-09-01,,True,True,
700414,4471023,Cardinal Comfort Services LLC,Residential HVAC & plumbing services,"Dayton, OH",Branch Manager,Branch Manager,Executive & Corporate,Manager,2022-02-07,2026-03-21,5.4,2024-09-01,,True,True,
700285,4471023,Cardinal Comfort Services LLC,Residential HVAC & plumbing services,"Dayton, OH",Call Center Team Lead,Customer Care Supervisor,Customer Care & Dispatch,Manager,2026-05-04,2026-07-24,1.3,2024-09-01,,True,True,
700464,4471023,Cardinal Comfort Services LLC,Residential HVAC & plumbing services,"Dayton, OH",Chief Financial Officer,Chief Financial Officer,Executive & Corporate,Executive,2023-04-03,2026-01-19,7.4,2024-09-01,,True,True,
700148,4471023,Cardinal Comfort Services LLC,Residential HVAC & plumbing services,"Dayton, OH",Comfort Advisor,Sales Consultant,Sales,Mid,2021-02-22,2025-04-22,16.3,2024-09-01,50000.0,True,True,
700138,4471023,Cardinal Comfort Services LLC,Residential HVAC & plumbing services,"Dayton, OH",Comfort Advisor,Sales Consultant,Sales,Mid,2022-11-13,2026-03-05,5.9,2024-09-01,48500.0,True,True,
700139,4471023,Cardinal Comfort Services LLC,Residential HVAC & plumbing services,"Dayton, OH",Comfort Advisor,Sales Consultant,Sales,Entry,2024-12-01,2025-10-09,10.7,2024-09-01,,True,True,
700157,4471023,Cardinal Comfort Services LLC,Residential HVAC & plumbing services,"Dayton, OH",Comfort Advisor,Sales Consultant,Sales,Mid,2022-07-19,2024-10-21,22.3,2024-09-01,,True,True,
700233,4471023,Cardinal Comfort Services LLC,Residential HVAC & plumbing services,"Dayton, OH",Customer Service Representative,Customer Service Representative,Customer Care & Dispatch,Entry,2025-06-04,2025-10-28,10.1,2024-09-01,,True,True,
700253,4471023,Cardinal Comfort Services LLC,Residential HVAC & plumbing services,"Dayton, OH",Customer Service Representative,Customer Service Representative,Customer Care & Dispatch,Entry,2025-05-14,2026-02-17,6.4,2024-09-01,37500.0,True,True,
700231,4471023,Cardinal Comfort Services LLC,Residential HVAC & plumbing services,"Dayton, OH",Customer Service Representative,Customer Service Representative,Customer Care & Dispatch,Mid,2016-04-03,2026-04-13,4.6,2024-09-01,,True,True,
700274,4471023,Cardinal Comfort Services LLC,Residential HVAC & plumbing services,"Dayton, OH",Dispatcher,Dispatcher,Customer Care & Dispatch,Mid,2020-01-08,2024-12-05,20.9,2024-09-01,38000.0,True,True,
700445,4471023,Cardinal Comfort Services LLC,Residential HVAC & plumbing services,"Dayton, OH",Field Supervisor,Field Supervisor,Field Leadership,Manager,2025-05-19,2026-02-13,6.6,2024-09-01,,True,True,
700351,4471023,Cardinal Comfort Services LLC,Residential HVAC & plumbing services,"Dayton, OH",HR Generalist,HR Business Partner,HR,Mid,2023-11-22,2025-04-21,16.4,2024-09-01,,True,True,
700029,4471023,Cardinal Comfort Services LLC,Residential HVAC & plumbing services,"Dayton, OH",HVAC Service Technician,HVAC Service Technician,Field - Service,Mid,2018-12-01,2025-01-09,19.7,2024-09-01,,True,True,
700178,4471023,Cardinal Comfort Services LLC,Residential HVAC & plumbing services,"Dayton, OH",Home Solutions Consultant,Sales Consultant,Sales,Mid,2019-01-24,2025-12-15,8.5,2024-09-01,,True,True,
700212,4471023,Cardinal Comfort Services LLC,Residential HVAC & plumbing services,"Dayton, OH",Inside Sales Representative,Inside Sales Representative,Sales,Mid,2020-10-20,2026-01-13,7.6,2024-09-01,,True,True,
700438,4471023,Cardinal Comfort Services LLC,Residential HVAC & plumbing services,"Dayton, OH",Install Manager,Install Manager,Field Leadership,Manager,2025-08-30,2026-04-30,4.1,2024-09-01,93500.0,True,True,
700088,4471023,Cardinal Comfort Services LLC,Residential HVAC & plumbing services,"Dayton, OH",Install Technician,HVAC Installer,Field - Install,Entry,2025-04-22,2025-06-12,14.7,2024-09-01,,True,True,
700397,4471023,Cardinal Comfort Services LLC,Residential HVAC & plumbing services,"Dayton, OH",Marketing Manager,Marketing Manager,Marketing,Manager,2025-01-22,2025-03-18,17.5,2024-09-01,73000.0,True,True,
700462,4471023,Cardinal Comfort Services LLC,Residential HVAC & plumbing services,"Dayton, OH",President,Chief Executive Officer,Executive & Corporate,Executive,2024-04-01,2025-04-29,16.1,2024-09-01,165500.0,True,True,
700188,4471023,Cardinal Comfort Services LLC,Residential HVAC & plumbing services,"Dayton, OH",Residential Sales Consultant,Sales Consultant,Sales,Mid,2022-04-13,2025-06-28,14.1,2024-09-01,45000.0,True,True,
700199,4471023,Cardinal Comfort Services LLC,Residential HVAC & plumbing services,"Dayton, OH",Residential Sales Consultant,Sales Consultant,Sales,Entry,2026-07-18,2026-07-20,1.4,2024-09-01,45500.0,True,True,
700197,4471023,Cardinal Comfort Services LLC,Residential HVAC & plumbing services,"Dayton, OH",Residential Sales Consultant,Sales Consultant,Sales,Entry,2024-03-20,2025-12-07,8.8,2024-09-01,51000.0,True,True,
700204,4471023,Cardinal Comfort Services LLC,Residential HVAC & plumbing services,"Dayton, OH",Sales Manager,Sales Manager,Sales,Manager,2023-11-01,2025-11-20,9.4,2024-09-01,50000.0,True,True,
700113,4471023,Cardinal Comfort Services LLC,Residential HVAC & plumbing services,"Dayton, OH",Senior Service Technician,HVAC Service Technician,Field - Service,Senior,2025-03-25,2025-12-09,8.7,2024-09-01,,True,True,
700050,4471023,Cardinal Comfort Services LLC,Residential HVAC & plumbing services,"Dayton, OH",Service Technician,Service Technician,Field - Service,Entry,2025-01-01,2026-07-06,1.9,2024-09-01,54500.0,True,True,
700045,4471023,Cardinal Comfort Services LLC,Residential HVAC & plumbing services,"Dayton, OH",Service Technician,Service Technician,Field - Service,Mid,2023-10-12,2025-06-16,14.5,2024-09-01,49500.0,True,True,
700303,4471023,Cardinal Comfort Services LLC,Residential HVAC & plumbing services,"Dayton, OH",Warehouse Associate,Warehouse Associate,Warehouse & Fleet,Mid,2023-03-25,2024-11-02,21.9,2024-09-01,,True,True,
700335,4471023,Cardinal Comfort Services LLC,Residential HVAC & plumbing services,"Florence, KY",Accounts Payable Specialist,AP/AR Specialist,Finance & Accounting,Entry,2024-09-17,2024-11-26,21.2,2024-09-01,93000.0,True,True,
700416,4471023,Cardinal Comfort Services LLC,Residential HVAC & plumbing services,"Florence, KY",Branch Manager,Branch Manager,Executive & Corporate,Manager,2022-01-13,2025-12-18,8.4,2024-09-01,,True,True,
700411,4471023,Cardinal Comfort Services LLC,Residential HVAC & plumbing services,"Florence, KY",Branch Manager,Branch Manager,Executive & Corporate,Manager,2025-03-11,2026-05-15,3.6,2024-09-01,,True,True,
700284,4471023,Cardinal Comfort Services LLC,Residential HVAC & plumbing services,"Florence, KY",Call Center Team Lead,Customer Care Supervisor,Customer Care & Dispatch,Manager,2021-05-19,2025-06-12,14.7,2024-09-01,,True,True,
700150,4471023,Cardinal Comfort Services LLC,Residential HVAC & plumbing services,"Florence, KY",Comfort Advisor,Sales Consultant,Sales,Mid,2015-06-17,2025-02-20,18.3,2024-09-01,,True,True,
700151,4471023,Cardinal Comfort Services LLC,Residential HVAC & plumbing services,"Florence, KY",Comfort Advisor,Sales Consultant,Sales,Entry,2025-04-27,2025-07-22,13.3,2024-09-01,46000.0,True,True,
700294,4471023,Cardinal Comfort Services LLC,Residential HVAC & plumbing services,"Florence, KY",Customer Experience Manager,Customer Care Manager,Customer Care & Dispatch,Manager,2021-08-03,2026-07-14,1.6,2024-09-01,,True,True,
700257,4471023,Cardinal Comfort Services LLC,Residential HVAC & plumbing services,"Florence, KY",Customer Service Representative,Customer Service Representative,Customer Care & Dispatch,Mid,2023-01-09,2025-11-07,9.8,2024-09-01,,True,True,
700447,4471023,Cardinal Comfort Services LLC,Residential HVAC & plumbing services,"Florence, KY",Field Supervisor,Field Supervisor,Field Leadership,Manager,2024-10-01,2025-06-21,14.4,2024-09-01,,True,True,
700448,4471023,Cardinal Comfort Services LLC,Residential HVAC & plumbing services,"Florence, KY",Field Supervisor,Field Supervisor,Field Leadership,Manager,2024-11-30,2025-07-22,13.3,2024-09-01,,True,True,
700315,4471023,Cardinal Comfort Services LLC,Residential HVAC & plumbing services,"Florence, KY",Fleet Coordinator,Fleet Coordinator,Warehouse & Fleet,Entry,2025-01-04,2025-12-05,8.9,2024-09-01,,True,True,
700313,4471023,Cardinal Comfort Services LLC,Residential HVAC & plumbing services,"Florence, KY",Fleet Coordinator,Fleet Coordinator,Warehouse & Fleet,Mid,2014-11-04,2026-01-25,7.2,2024-09-01,44000.0,True,True,
700454,4471023,Cardinal Comfort Services LLC,Residential HVAC & plumbing services,"Florence, KY",General Manager,General Manager,Executive & Corporate,Manager,2021-11-05,2024-12-09,20.7,2024-09-01,115000.0,True,True,
700076,4471023,Cardinal Comfort Services LLC,Residential HVAC & plumbing services,"Florence, KY",HVAC Installer,HVAC Installer,Field - Install,Mid,2022-08-24,2024-10-28,22.1,2024-09-01,,True,True,
700080,4471023,Cardinal Comfort Services LLC,Residential HVAC & plumbing services,"Florence, KY",HVAC Installer,HVAC Installer,Field - Install,Mid,2020-12-30,2025-05-06,15.9,2024-09-01,50500.0,True,True,
700027,4471023,Cardinal Comfort Services LLC,Residential HVAC & plumbing services,"Florence, KY",HVAC Service Technician,HVAC Service Technician,Field - Service,Mid,2018-12-20,2026-06-30,2.1,2024-09-01,,True,True,
700026,4471023,Cardinal Comfort Services LLC,Residential HVAC & plumbing services,"Florence, KY",HVAC Service Technician,HVAC Service Technician,Field - Service,Entry,2024-05-04,2025-12-05,8.9,2024-09-01,,True,True,
700171,4471023,Cardinal Comfort Services LLC,Residential HVAC & plumbing services,"Florence, KY",Home Solutions Consultant,Sales Consultant,Sales,Mid,2023-12-05,2026-04-02,5.0,2024-09-01,,True,True,
700367,4471023,Cardinal Comfort Services LLC,Residential HVAC & plumbing services,"Florence, KY",IT Support Specialist,Help Desk Technician,IT,Entry,2024-12-06,2026-08-18,0.5,2024-09-01,,True,True,
700383,4471023,Cardinal Comfort Services LLC,Residential HVAC & plumbing services,"Florence, KY",Marketing Coordinator,Marketing Coordinator,Marketing,Mid,2021-11-02,2026-02-08,6.7,2024-09-01,56000.0,True,True,
700426,4471023,Cardinal Comfort Services LLC,Residential HVAC & plumbing services,"Florence, KY",Operations Manager,Operations Manager,Executive & Corporate,Manager,2022-07-02,2026-07-25,1.2,2024-09-01,,True,True,
700424,4471023,Cardinal Comfort Services LLC,Residential HVAC & plumbing services,"Florence, KY",Operations Manager,Operations Manager,Executive & Corporate,Manager,2023-03-29,2025-10-25,10.2,2024-09-01,,True,True,
700103,4471023,Cardinal Comfort Services LLC,Residential HVAC & plumbing services,"Florence, KY",Plumber,Plumbing Service Technician,Field - Service,Mid,2017-12-01,2026-07-07,1.8,2024-09-01,,True,True,
700101,4471023,Cardinal Comfort Services LLC,Residential HVAC & plumbing services,"Florence, KY",Plumber,Plumbing Service Technician,Field - Service,Mid,2020-11-30,2025-03-04,17.9,2024-09-01,,True,True,
700196,4471023,Cardinal Comfort Services LLC,Residential HVAC & plumbing services,"Florence, KY",Residential Sales Consultant,Sales Consultant,Sales,Mid,2020-09-16,2026-04-15,4.6,2024-09-01,54500.0,True,True,
700193,4471023,Cardinal Comfort Services LLC,Residential HVAC & plumbing services,"Florence, KY",Residential Sales Consultant,Sales Consultant,Sales,Mid,2019-01-17,2026-04-19,4.4,2024-09-01,,True,True,
700202,4471023,Cardinal Comfort Services LLC,Residential HVAC & plumbing services,"Florence, KY",Sales Manager,Sales Manager,Sales,Manager,2025-05-26,2026-04-14,4.6,2024-09-01,44500.0,True,True,
700049,4471023,Cardinal Comfort Services LLC,Residential HVAC & plumbing services,"Florence, KY",Service Technician,Service Technician,Field - Service,Mid,2021-07-18,2025-08-07,12.8,2024-09-01,60000.0,True,True,
700054,4471023,Cardinal Comfort Services LLC,Residential HVAC & plumbing services,"Florence, KY",Service Technician,Service Technician,Field - Service,Entry,2025-05-05,2026-05-02,4.0,2024-09-01,58500.0,True,True,
700048,4471023,Cardinal Comfort Services LLC,Residential HVAC & plumbing services,"Florence, KY",Service Technician,Service Technician,Field - Service,Entry,2025-05-17,2025-11-24,9.2,2024-09-01,,True,True,
700372,4471023,Cardinal Comfort Services LLC,Residential HVAC & plumbing services,"Florence, KY",Systems Administrator,Systems Administrator,IT,Entry,2025-09-03,2026-02-25,6.2,2024-09-01,94000.0,True,True,
700333,4471023,Cardinal Comfort Services LLC,Residential HVAC & plumbing services,"Lexington, KY",Accounts Payable Specialist,AP/AR Specialist,Finance & Accounting,Mid,2021-01-10,2026-07-11,1.7,2024-09-01,,True,True,
700331,4471023,Cardinal Comfort Services LLC,Residential HVAC & plumbing services,"Lexington, KY",Accounts Payable Specialist,AP/AR Specialist,Finance & Accounting,Mid,2021-09-26,2025-07-13,13.6,2024-09-01,,True,True,
700410,4471023,Cardinal Comfort Services LLC,Residential HVAC & plumbing services,"Lexington, KY",Branch Manager,Branch Manager,Executive & Corporate,Manager,2025-08-25,2026-07-15,1.6,2024-09-01,,True,True,
700286,4471023,Cardinal Comfort Services LLC,Residential HVAC & plumbing services,"Lexington, KY",Call Center Team Lead,Customer Care Supervisor,Customer Care & Dispatch,Manager,2025-06-04,2025-10-18,10.4,2024-09-01,35000.0,True,True,
700463,4471023,Cardinal Comfort Services LLC,Residential HVAC & plumbing services,"Lexington, KY",Chief Executive Officer,Chief Executive Officer,Executive & Corporate,Executive,2022-03-11,2025-01-05,19.8,2024-09-01,,True,True,
700144,4471023,Cardinal Comfort Services LLC,Residential HVAC & plumbing services,"Lexington, KY",Comfort Advisor,Sales Consultant,Sales,Entry,2025-10-18,2025-10-27,10.2,2024-09-01,53000.0,True,True,
700140,4471023,Cardinal Comfort Services LLC,Residential HVAC & plumbing services,"Lexington, KY",Comfort Advisor,Sales Consultant,Sales,Entry,2024-10-25,2026-02-10,6.7,2024-09-01,49500.0,True,True,
700134,4471023,Cardinal Comfort Services LLC,Residential HVAC & plumbing services,"Lexington, KY",Comfort Advisor,Sales Consultant,Sales,Entry,2025-03-11,2026-03-20,5.4,2024-09-01,,True,True,
700143,4471023,Cardinal Comfort Services LLC,Residential HVAC & plumbing services,"Lexington, KY",Comfort Advisor,Sales Consultant,Sales,Mid,2018-02-12,2026-04-06,4.9,2024-09-01,,True,True,
700243,4471023,Cardinal Comfort Services LLC,Residential HVAC & plumbing services,"Lexington, KY",Customer Service Representative,Customer Service Representative,Customer Care & Dispatch,Entry,2025-02-02,2025-03-29,17.1,2024-09-01,,True,True,
700267,4471023,Cardinal Comfort Services LLC,Residential HVAC & plumbing services,"Lexington, KY",Dispatcher,Dispatcher,Customer Care & Dispatch,Mid,2012-09-01,2025-05-28,15.1,2024-09-01,,True,True,
700275,4471023,Cardinal Comfort Services LLC,Residential HVAC & plumbing services,"Lexington, KY",Dispatcher,Dispatcher,Customer Care & Dispatch,Mid,2017-11-04,2025-01-06,19.8,2024-09-01,,True,True,
700347,4471023,Cardinal Comfort Services LLC,Residential HVAC & plumbing services,"Lexington, KY",Financial Analyst,FP&A Analyst,Finance & Accounting,Mid,2024-01-30,2024-10-03,22.9,2024-09-01,,True,True,
700354,4471023,Cardinal Comfort Services LLC,Residential HVAC & plumbing services,"Lexington, KY",HR Generalist,HR Business Partner,HR,Mid,2021-06-01,2024-10-30,22.0,2024-09-01,85500.0,True,True,
700020,4471023,Cardinal Comfort Services LLC,Residential HVAC & plumbing services,"Lexington, KY",HVAC Service Technician,HVAC Service Technician,Field - Service,Entry,2026-06-08,2026-08-15,0.6,2024-09-01,,True,True,
700010,4471023,Cardinal Comfort Services LLC,Residential HVAC & plumbing services,"Lexington, KY",HVAC Service Technician,HVAC Service Technician,Field - Service,Mid,2021-04-23,2025-09-29,11.1,2024-09-01,60500.0,True,True,
700181,4471023,Cardinal Comfort Services LLC,Residential HVAC & plumbing services,"Lexington, KY",Home Solutions Consultant,Sales Consultant,Sales,Entry,2025-11-15,2026-02-26,6.1,2024-09-01,,True,True,
700179,4471023,Cardinal Comfort Services LLC,Residential HVAC & plumbing services,"Lexington, KY",Home Solutions Consultant,Sales Consultant,Sales,Mid,2022-09-25,2026-07-04,1.9,2024-09-01,49500.0,True,True,
700376,4471023,Cardinal Comfort Services LLC,Residential HVAC & plumbing services,"Lexington, KY",IT Manager,IT Manager,IT,Manager,2023-10-31,2025-05-25,15.2,2024-09-01,75500.0,True,True,
700366,4471023,Cardinal Comfort Services LLC,Residential HVAC & plumbing services,"Lexington, KY",IT Support Specialist,Help Desk Technician,IT,Mid,2023-07-08,2025-08-28,12.1,2024-09-01,72000.0,True,True,
700381,4471023,Cardinal Comfort Services LLC,Residential HVAC & plumbing services,"Lexington, KY",Marketing Coordinator,Marketing Coordinator,Marketing,Entry,2024-03-23,2025-06-21,14.4,2024-09-01,80000.0,True,True,
700311,4471023,Cardinal Comfort Services LLC,Residential HVAC & plumbing services,"Lexington, KY",Parts Runner,Warehouse Associate,Warehouse & Fleet,Mid,2019-10-03,2026-08-21,0.4,2024-09-01,,True,True,
700309,4471023,Cardinal Comfort Services LLC,Residential HVAC & plumbing services,"Lexington, KY",Parts Runner,Warehouse Associate,Warehouse & Fleet,Mid,2023-11-15,2026-08-04,0.9,2024-09-01,41500.0,True,True,
700194,4471023,Cardinal Comfort Services LLC,Residential HVAC & plumbing services,"Lexington, KY",Residential Sales Consultant,Sales Consultant,Sales,Entry,2025-02-02,2025-11-30,9.0,2024-09-01,,True,True,
700201,4471023,Cardinal Comfort Services LLC,Residential HVAC & plumbing services,"Lexington, KY",Sales Manager,Sales Manager,Sales,Manager,2019-06-14,2025-07-12,13.7,2024-09-01,,True,True,
700436,4471023,Cardinal Comfort Services LLC,Residential HVAC & plumbing services,"Lexington, KY",Service Manager,Service Manager,Field Leadership,Manager,2024-04-12,2025-11-29,9.1,2024-09-01,,True,True,
700047,4471023,Cardinal Comfort Services LLC,Residential HVAC & plumbing services,"Lexington, KY",Service Technician,Service Technician,Field - Service,Entry,2025-05-25,2026-01-10,7.7,2024-09-01,,True,True,
700053,4471023,Cardinal Comfort Services LLC,Residential HVAC & plumbing services,"Lexington, KY",Service Technician,Service Technician,Field - Service,Entry,2024-11-04,2026-04-22,4.3,2024-09-01,,True,True,
700374,4471023,Cardinal Comfort Services LLC,Residential HVAC & plumbing services,"Lexington, KY",Systems Administrator,Systems Administrator,IT,Mid,2023-12-02,2025-08-02,13.0,2024-09-01,,True,True,
700132,4471023,Cardinal Comfort Services LLC,Residential HVAC & plumbing services,"Louisville, KY",Comfort Advisor,Sales Consultant,Sales,Entry,2026-04-05,2026-07-26,1.2,2024-09-01,50500.0,True,True,
700154,4471023,Cardinal Comfort Services LLC,Residential HVAC & plumbing services,"Louisville, KY",Comfort Advisor,Sales Consultant,Sales,Entry,2025-08-16,2026-03-21,5.4,2024-09-01,,True,True,
700291,4471023,Cardinal Comfort Services LLC,Residential HVAC & plumbing services,"Louisville, KY",Customer Experience Manager,Customer Care Manager,Customer Care & Dispatch,Manager,2018-04-25,2025-07-11,13.7,2024-09-01,,True,True,
700295,4471023,Cardinal Comfort Services LLC,Residential HVAC & plumbing services,"Louisville, KY",Customer Experience Manager,Customer Care Manager,Customer Care & Dispatch,Manager,2024-03-01,2024-10-11,22.7,2024-09-01,,True,True,
700238,4471023,Cardinal Comfort Services LLC,Residential HVAC & plumbing services,"Louisville, KY",Customer Service Representative,Customer Service Representative,Customer Care & Dispatch,Mid,2022-09-12,2026-06-04,2.9,2024-09-01,,True,True,
700394,4471023,Cardinal Comfort Services LLC,Residential HVAC & plumbing services,"Louisville, KY",Digital Marketing Specialist,Digital Marketing Specialist,Marketing,Mid,2022-06-16,2025-05-22,15.3,2024-09-01,,True,True,
700402,4471023,Cardinal Comfort Services LLC,Residential HVAC & plumbing services,"Louisville, KY",Director of Operations,Operations Director,Executive & Corporate,Director,2023-10-13,2026-07-04,1.9,2024-09-01,,True,True,
700276,4471023,Cardinal Comfort Services LLC,Residential HVAC & plumbing services,"Louisville, KY",Dispatcher,Dispatcher,Customer Care & Dispatch,Mid,2022-04-22,2025-09-05,11.9,2024-09-01,,True,True,
700272,4471023,Cardinal Comfort Services LLC,Residential HVAC & plumbing services,"Louisville, KY",Dispatcher,Dispatcher,Customer Care & Dispatch,Entry,2024-12-04,2025-05-23,15.3,2024-09-01,,True,True,
700346,4471023,Cardinal Comfort Services LLC,Residential HVAC & plumbing services,"Louisville, KY",Financial Analyst,FP&A Analyst,Finance & Accounting,Entry,2024-09-13,2025-10-24,10.2,2024-09-01,,True,True,
700345,4471023,Cardinal Comfort Services LLC,Residential HVAC & plumbing services,"Louisville, KY",Financial Analyst,FP&A Analyst,Finance & Accounting,Entry,2024-05-26,2026-04-18,4.5,2024-09-01,75500.0,True,True,
700353,4471023,Cardinal Comfort Services LLC,Residential HVAC & plumbing services,"Louisville, KY",HR Generalist,HR Business Partner,HR,Mid,2024-01-20,2025-07-11,13.7,2024-09-01,,True,True,
700082,4471023,Cardinal Comfort Services LLC,Residential HVAC & plumbing services,"Louisville, KY",HVAC Installer,HVAC Installer,Field - Install,Entry,2026-06-17,2026-08-27,0.2,2024-09-01,,True,True,
700075,4471023,Cardinal Comfort Services LLC,Residential HVAC & plumbing services,"Louisville, KY",HVAC Installer,HVAC Installer,Field - Install,Mid,2022-06-21,2026-07-06,1.9,2024-09-01,,True,True,
700012,4471023,Cardinal Comfort Services LLC,Residential HVAC & plumbing services,"Louisville, KY",HVAC Service Technician,HVAC Service Technician,Field - Service,Mid,2017-11-06,2025-07-27,13.2,2024-09-01,,True,True,
700164,4471023,Cardinal Comfort Services LLC,Residential HVAC & plumbing services,"Louisville, KY",Home Solutions Consultant,Sales Consultant,Sales,Mid,2019-10-14,2025-05-05,15.9,2024-09-01,47000.0,True,True,
700166,4471023,Cardinal Comfort Services LLC,Residential HVAC & plumbing services,"Louisville, KY",Home Solutions Consultant,Sales Consultant,Sales,Mid,2016-06-06,2025-05-04,15.9,2024-09-01,,True,True,
700170,4471023,Cardinal Comfort Services LLC,Residential HVAC & plumbing services,"Louisville, KY",Home Solutions Consultant,Sales Consultant,Sales,Mid,2020-03-05,2025-04-04,16.9,2024-09-01,,True,True,
700086,4471023,Cardinal Comfort Services LLC,Residential HVAC & plumbing services,"Louisville, KY",Install Technician,HVAC Installer,Field - Install,Mid,2020-03-16,2025-02-14,18.5,2024-09-01,,True,True,
700090,4471023,Cardinal Comfort Services LLC,Residential HVAC & plumbing services,"Louisville, KY",Install Technician,HVAC Installer,Field - Install,Mid,2020-02-12,2024-11-22,21.3,2024-09-01,60500.0,True,True,
700116,4471023,Cardinal Comfort Services LLC,Residential HVAC & plumbing services,"Louisville, KY",Lead Installer,HVAC Installer,Field - Install,Senior,2024-07-16,2025-04-11,16.7,2024-09-01,50000.0,True,True,
700342,4471023,Cardinal Comfort Services LLC,Residential HVAC & plumbing services,"Louisville, KY",Payroll Administrator,Payroll Specialist,Finance & Accounting,Mid,2019-05-09,2026-07-10,1.7,2024-09-01,,True,True,
700098,4471023,Cardinal Comfort Services LLC,Residential HVAC & plumbing services,"Louisville, KY",Plumber,Plumbing Service Technician,Field - Service,Mid,2024-02-24,2026-05-17,3.5,2024-09-01,,True,True,
700104,4471023,Cardinal Comfort Services LLC,Residential HVAC & plumbing services,"Louisville, KY",Plumber,Plumbing Service Technician,Field - Service,Mid,2021-07-18,2024-12-10,20.7,2024-09-01,,True,True,
700356,4471023,Cardinal Comfort Services LLC,Residential HVAC & plumbing services,"Louisville, KY",Recruiter,Recruiter,HR,Entry,2024-12-29,2025-06-06,14.8,2024-09-01,,True,True,
700457,4471023,Cardinal Comfort Services LLC,Residential HVAC & plumbing services,"Louisville, KY",Regional Director,Regional Vice President,Executive & Corporate,Director,2023-02-04,2026-03-15,5.6,2024-09-01,,True,True,
700187,4471023,Cardinal Comfort Services LLC,Residential HVAC & plumbing services,"Louisville, KY",Residential Sales Consultant,Sales Consultant,Sales,Mid,2024-02-28,2024-11-05,21.8,2024-09-01,51500.0,True,True,
700205,4471023,Cardinal Comfort Services LLC,Residential HVAC & plumbing services,"Louisville, KY",Sales Manager,Sales Manager,Sales,Manager,2025-03-26,2025-09-24,11.2,2024-09-01,,True,True,
700058,4471023,Cardinal Comfort Services LLC,Residential HVAC & plumbing services,"Louisville, KY",Service Technician,Service Technician,Field - Service,Entry,2024-10-04,2026-01-06,7.8,2024-09-01,,True,True,
700320,4471023,Cardinal Comfort Services LLC,Residential HVAC & plumbing services,"Louisville, KY",Staff Accountant,Accountant,Finance & Accounting,Entry,2026-02-19,2026-05-06,3.9,2024-09-01,64500.0,True,True,
700319,4471023,Cardinal Comfort Services LLC,Residential HVAC & plumbing services,"Louisville, KY",Staff Accountant,Accountant,Finance & Accounting,Mid,2024-02-14,2025-01-08,19.7,2024-09-01,68000.0,True,True,
700321,4471023,Cardinal Comfort Services LLC,Residential HVAC & plumbing services,"Louisville, KY",Staff Accountant,Accountant,Finance & Accounting,Entry,2025-02-08,2026-04-03,5.0,2024-09-01,89000.0,True,True,
700302,4471023,Cardinal Comfort Services LLC,Residential HVAC & plumbing services,"Louisville, KY",Warehouse Associate,Warehouse Associate,Warehouse & Fleet,Mid,2022-10-05,2025-04-19,16.4,2024-09-01,39000.0,True,True,
700332,4471023,Cardinal Comfort Services LLC,Residential HVAC & plumbing services,"Mason, OH",Accounts Payable Specialist,AP/AR Specialist,Finance & Accounting,Mid,2023-11-16,2026-07-06,1.9,2024-09-01,,True,True,
700287,4471023,Cardinal Comfort Services LLC,Residential HVAC & plumbing services,"Mason, OH",Call Center Team Lead,Customer Care Supervisor,Customer Care & Dispatch,Manager,2021-06-04,2025-11-03,9.9,2024-09-01,,True,True,
700147,4471023,Cardinal Comfort Services LLC,Residential HVAC & plumbing services,"Mason, OH",Comfort Advisor,Sales Consultant,Sales,Entry,2024-04-24,2026-06-09,2.8,2024-09-01,,True,True,
700142,4471023,Cardinal Comfort Services LLC,Residential HVAC & plumbing services,"Mason, OH",Comfort Advisor,Sales Consultant,Sales,Mid,2022-05-08,2026-02-17,6.4,2024-09-01,,True,True,
700293,4471023,Cardinal Comfort Services LLC,Residential HVAC & plumbing services,"Mason, OH",Customer Experience Manager,Customer Care Manager,Customer Care & Dispatch,Manager,2026-04-23,2026-05-18,3.5,2024-09-01,41500.0,True,True,
700240,4471023,Cardinal Comfort Services LLC,Residential HVAC & plumbing services,"Mason, OH",Customer Service Representative,Customer Service Representative,Customer Care & Dispatch,Entry,2024-12-11,2026-06-04,2.9,2024-09-01,,True,True,
700234,4471023,Cardinal Comfort Services LLC,Residential HVAC & plumbing services,"Mason, OH",Customer Service Representative,Customer Service Representative,Customer Care & Dispatch,Mid,2024-02-21,2025-11-28,9.1,2024-09-01,,True,True,
700273,4471023,Cardinal Comfort Services LLC,Residential HVAC & plumbing services,"Mason, OH",Dispatcher,Dispatcher,Customer Care & Dispatch,Entry,2026-02-27,2026-08-03,1.0,2024-09-01,,True,True,
700277,4471023,Cardinal Comfort Services LLC,Residential HVAC & plumbing services,"Mason, OH",Dispatcher,Dispatcher,Customer Care & Dispatch,Entry,2025-02-15,2025-02-17,18.4,2024-09-01,,True,True,
700279,4471023,Cardinal Comfort Services LLC,Residential HVAC & plumbing services,"Mason, OH",Dispatcher,Dispatcher,Customer Care & Dispatch,Mid,2022-04-08,2025-08-27,12.2,2024-09-01,40500.0,True,True,
700079,4471023,Cardinal Comfort Services LLC,Residential HVAC & plumbing services,"Mason, OH",HVAC Installer,HVAC Installer,Field - Install,Entry,2024-04-28,2026-04-05,4.9,2024-09-01,,True,True,
700077,4471023,Cardinal Comfort Services LLC,Residential HVAC & plumbing services,"Mason, OH",HVAC Installer,HVAC Installer,Field - Install,Mid,2022-10-07,2025-01-10,19.7,2024-09-01,49500.0,True,True,
700024,4471023,Cardinal Comfort Services LLC,Residential HVAC & plumbing services,"Mason, OH",HVAC Service Technician,HVAC Service Technician,Field - Service,Mid,2015-06-26,2024-12-02,21.0,2024-09-01,,True,True,
700028,4471023,Cardinal Comfort Services LLC,Residential HVAC & plumbing services,"Mason, OH",HVAC Service Technician,HVAC Service Technician,Field - Service,Mid,2023-04-03,2025-08-13,12.6,2024-09-01,,True,True,
700038,4471023,Cardinal Comfort Services LLC,Residential HVAC & plumbing services,"Mason, OH",HVAC Service Technician,HVAC Service Technician,Field - Service,Entry,2026-07-29,2026-08-04,0.9,2024-09-01,,True,True,
700019,4471023,Cardinal Comfort Services LLC,Residential HVAC & plumbing services,"Mason, OH",HVAC Service Technician,HVAC Service Technician,Field - Service,Mid,2019-08-25,2026-01-07,7.8,2024-09-01,59500.0,True,True,
700017,4471023,Cardinal Comfort Services LLC,Residential HVAC & plumbing services,"Mason, OH",HVAC Service Technician,HVAC Service Technician,Field - Service,Entry,2025-05-10,2025-07-26,13.2,2024-09-01,58500.0,True,True,
700173,4471023,Cardinal Comfort Services LLC,Residential HVAC & plumbing services,"Mason, OH",Home Solutions Consultant,Sales Consultant,Sales,Mid,2021-03-24,2026-02-10,6.7,2024-09-01,,True,True,
700177,4471023,Cardinal Comfort Services LLC,Residential HVAC & plumbing services,"Mason, OH",Home Solutions Consultant,Sales Consultant,Sales,Mid,2021-05-29,2025-09-24,11.2,2024-09-01,53500.0,True,True,
700377,4471023,Cardinal Comfort Services LLC,Residential HVAC & plumbing services,"Mason, OH",IT Manager,IT Manager,IT,Manager,2022-04-05,2024-12-10,20.7,2024-09-01,73000.0,True,True,
700441,4471023,Cardinal Comfort Services LLC,Residential HVAC & plumbing services,"Mason, OH",Install Manager,Install Manager,Field Leadership,Manager,2023-11-11,2024-11-20,21.4,2024-09-01,104500.0,True,True,
700385,4471023,Cardinal Comfort Services LLC,Residential HVAC & plumbing services,"Mason, OH",Marketing Coordinator,Marketing Coordinator,Marketing,Mid,2016-10-05,2024-11-05,21.8,2024-09-01,52500.0,True,True,
700396,4471023,Cardinal Comfort Services LLC,Residential HVAC & plumbing services,"Mason, OH",Marketing Manager,Marketing Manager,Marketing,Manager,2023-11-01,2025-03-19,17.4,2024-09-01,,True,True,
700428,4471023,Cardinal Comfort Services LLC,Residential HVAC & plumbing services,"Mason, OH",Operations Manager,Operations Manager,Executive & Corporate,Manager,2026-02-21,2026-04-24,4.3,2024-09-01,,True,True,
700425,4471023,Cardinal Comfort Services LLC,Residential HVAC & plumbing services,"Mason, OH",Operations Manager,Operations Manager,Executive & Corporate,Manager,2025-02-01,2026-05-24,3.3,2024-09-01,,True,True,
700099,4471023,Cardinal Comfort Services LLC,Residential HVAC & plumbing services,"Mason, OH",Plumber,Plumbing Service Technician,Field - Service,Entry,2024-11-13,2025-07-24,13.3,2024-09-01,,True,True,
700107,4471023,Cardinal Comfort Services LLC,Residential HVAC & plumbing services,"Mason, OH",Senior Service Technician,HVAC Service Technician,Field - Service,Senior,2024-08-24,2026-04-05,4.9,2024-09-01,,True,True,
700108,4471023,Cardinal Comfort Services LLC,Residential HVAC & plumbing services,"Mason, OH",Senior Service Technician,HVAC Service Technician,Field - Service,Senior,2024-08-19,2026-08-05,0.9,2024-09-01,,True,True,
700110,4471023,Cardinal Comfort Services LLC,Residential HVAC & plumbing services,"Mason, OH",Senior Service Technician,HVAC Service Technician,Field - Service,Senior,2021-01-17,2025-01-04,19.9,2024-09-01,61500.0,True,True,
700465,4471023,Cardinal Comfort Services LLC,Residential HVAC & plumbing services,"Mason, OH",Vice President of Operations,Regional Vice President,Executive & Corporate,Executive,2021-09-30,2025-04-05,16.9,2024-09-01,,True,True,
700256,6120887,Cardinal Heating & Air Inc.,Residential HVAC services,"Florence, KY",Customer Service Representative,Customer Service Representative,Customer Care & Dispatch,Entry,2026-05-12,2026-05-14,3.6,2024-09-01,,True,True,
700025,6120887,Cardinal Heating & Air Inc.,Residential HVAC services,"Florence, KY",HVAC Service Technician,HVAC Service Technician,Field - Service,Entry,2024-08-13,2025-07-02,14.0,2024-09-01,,True,True,
700165,6120887,Cardinal Heating & Air Inc.,Residential HVAC services,"Florence, KY",Home Solutions Consultant,Sales Consultant,Sales,Entry,2024-08-08,2026-01-25,7.2,2024-09-01,55500.0,True,True,
700174,6120887,Cardinal Heating & Air Inc.,Residential HVAC services,"Florence, KY",Home Solutions Consultant,Sales Consultant,Sales,Mid,2020-03-13,2025-05-15,15.6,2024-09-01,,True,True,
700427,6120887,Cardinal Heating & Air Inc.,Residential HVAC services,"Florence, KY",Operations Manager,Operations Manager,Executive & Corporate,Manager,2022-03-31,2025-10-09,10.7,2024-09-01,,True,True,
700423,6120887,Cardinal Heating & Air Inc.,Residential HVAC services,"Florence, KY",Operations Manager,Operations Manager,Executive & Corporate,Manager,2023-03-13,2025-11-07,9.8,2024-09-01,,True,True,
700189,6120887,Cardinal Heating & Air Inc.,Residential HVAC services,"Florence, KY",Residential Sales Consultant,Sales Consultant,Sales,Entry,2026-02-26,2026-04-14,4.6,2024-09-01,46000.0,True,True,
700433,6120887,Cardinal Heating & Air Inc.,Residential HVAC services,"Florence, KY",Service Manager,Service Manager,Field Leadership,Manager,2025-03-08,2026-04-16,4.5,2024-09-01,,True,True,
700056,6120887,Cardinal Heating & Air Inc.,Residential HVAC services,"Florence, KY",Service Technician,Service Technician,Field - Service,Mid,2014-09-02,2024-11-01,22.0,2024-09-01,,True,True,
700371,6120887,Cardinal Heating & Air Inc.,Residential HVAC services,"Florence, KY",Systems Administrator,Systems Administrator,IT,Entry,2024-12-20,2025-05-27,15.2,2024-09-01,70000.0,True,True,
700301,6120887,Cardinal Heating & Air Inc.,Residential HVAC services,"Florence, KY",Warehouse Associate,Warehouse Associate,Warehouse & Fleet,Entry,2024-04-17,2025-08-04,12.9,2024-09-01,,True,True,
700418,6120887,Cardinal Heating & Air Inc.,Residential HVAC services,"Lexington, KY",Branch Manager,Branch Manager,Executive & Corporate,Manager,2021-07-15,2026-07-25,1.2,2024-09-01,,True,True,
700146,6120887,Cardinal Heating & Air Inc.,Residential HVAC services,"Lexington, KY",Comfort Advisor,Sales Consultant,Sales,Mid,2021-10-13,2024-10-28,22.1,2024-09-01,,True,True,
700141,6120887,Cardinal Heating & Air Inc.,Residential HVAC services,"Lexington, KY",Comfort Advisor,Sales Consultant,Sales,Entry,2026-01-26,2026-06-10,2.7,2024-09-01,52500.0,True,True,
700155,6120887,Cardinal Heating & Air Inc.,Residential HVAC services,"Lexington, KY",Comfort Advisor,Sales Consultant,Sales,Entry,2026-07-16,2026-08-14,0.6,2024-09-01,57500.0,True,True,
700074,6120887,Cardinal Heating & Air Inc.,Residential HVAC services,"Lexington, KY",HVAC Installer,HVAC Installer,Field - Install,Mid,2023-10-20,2025-03-03,18.0,2024-09-01,55000.0,True,True,
700036,6120887,Cardinal Heating & Air Inc.,Residential HVAC services,"Lexington, KY",HVAC Service Technician,HVAC Service Technician,Field - Service,Mid,2023-06-23,2026-07-09,1.8,2024-09-01,,True,True,
700014,6120887,Cardinal Heating & Air Inc.,Residential HVAC services,"Lexington, KY",HVAC Service Technician,HVAC Service Technician,Field - Service,Mid,2023-06-13,2025-09-19,11.4,2024-09-01,,True,True,
700214,6120887,Cardinal Heating & Air Inc.,Residential HVAC services,"Lexington, KY",Inside Sales Representative,Inside Sales Representative,Sales,Mid,2017-01-15,2025-10-12,10.6,2024-09-01,50500.0,True,True,
700503,6120887,Cardinal Heating & Air Inc.,Residential HVAC services,"Lexington, KY",Project Coordinator,Operations Analyst,Executive & Corporate,Mid,2021-09-19,2026-03-03,6.0,2024-09-01,51000.0,True,True,
700504,6120887,Cardinal Heating & Air Inc.,Residential HVAC services,"Lexington, KY",Project Coordinator,Operations Analyst,Executive & Corporate,Entry,2026-02-10,2026-06-26,2.2,2024-09-01,52000.0,True,True,
700460,6120887,Cardinal Heating & Air Inc.,Residential HVAC services,"Lexington, KY",Regional Director,Regional Vice President,Executive & Corporate,Director,2023-08-20,2026-08-24,0.3,2024-09-01,115000.0,True,True,
700190,6120887,Cardinal Heating & Air Inc.,Residential HVAC services,"Lexington, KY",Residential Sales Consultant,Sales Consultant,Sales,Entry,2024-08-19,2025-12-30,8.0,2024-09-01,,True,True,
700207,6120887,Cardinal Heating & Air Inc.,Residential HVAC services,"Lexington, KY",Sales Manager,Sales Manager,Sales,Manager,2021-10-29,2025-08-20,12.4,2024-09-01,,True,True,
700052,6120887,Cardinal Heating & Air Inc.,Residential HVAC services,"Lexington, KY",Service Technician,Service Technician,Field - Service,Mid,2023-05-27,2025-04-30,16.1,2024-09-01,,True,True,
700326,6120887,Cardinal Heating & Air Inc.,Residential HVAC services,"Lexington, KY",Staff Accountant,Accountant,Finance & Accounting,Mid,2020-10-07,2024-12-30,20.0,2024-09-01,,True,True,
700336,6120887,Cardinal Heating & Air Inc.,Residential HVAC services,"Louisville, KY",Accounts Payable Specialist,AP/AR Specialist,Finance & Accounting,Entry,2026-02-15,2026-03-03,6.0,2024-09-01,,True,True,
700124,6120887,Cardinal Heating & Air Inc.,Residential HVAC services,"Louisville, KY",Apprentice HVAC Technician,HVAC Service Technician,Field - Service,Entry,2023-09-27,2026-07-15,1.6,2024-09-01,,True,True,
700413,6120887,Cardinal Heating & Air Inc.,Residential HVAC services,"Louisville, KY",Branch Manager,Branch Manager,Executive & Corporate,Manager,2023-12-01,2025-10-14,10.6,2024-09-01,,True,True,
700412,6120887,Cardinal Heating & Air Inc.,Residential HVAC services,"Louisville, KY",Branch Manager,Branch Manager,Executive & Corporate,Manager,2025-03-07,2025-09-17,11.5,2024-09-01,97000.0,True,True,
700415,6120887,Cardinal Heating & Air Inc.,Residential HVAC services,"Louisville, KY",Branch Manager,Branch Manager,Executive & Corporate,Manager,2025-04-16,2026-03-13,5.7,2024-09-01,,True,True,
700400,6120887,Cardinal Heating & Air Inc.,Residential HVAC services,"Louisville, KY",Brand Manager,Marketing Manager,Marketing,Manager,2019-08-06,2026-02-07,6.8,2024-09-01,82500.0,True,True,
700283,6120887,Cardinal Heating & Air Inc.,Residential HVAC services,"Louisville, KY",Call Center Team Lead,Customer Care Supervisor,Customer Care & Dispatch,Manager,2022-06-28,2025-08-25,12.2,2024-09-01,36500.0,True,True,
700282,6120887,Cardinal Heating & Air Inc.,Residential HVAC services,"Louisville, KY",Call Center Team Lead,Customer Care Supervisor,Customer Care & Dispatch,Manager,2025-12-04,2026-04-14,4.6,2024-09-01,,True,True,
700133,6120887,Cardinal Heating & Air Inc.,Residential HVAC services,"Louisville, KY",Comfort Advisor,Sales Consultant,Sales,Mid,2020-08-30,2026-01-14,7.6,2024-09-01,55000.0,True,True,
700135,6120887,Cardinal Heating & Air Inc.,Residential HVAC services,"Louisville, KY",Comfort Advisor,Sales Consultant,Sales,Entry,2024-10-29,2025-07-19,13.4,2024-09-01,,True,True,
700145,6120887,Cardinal Heating & Air Inc.,Residential HVAC services,"Louisville, KY",Comfort Advisor,Sales Consultant,Sales,Mid,2020-03-08,2026-01-17,7.5,2024-09-01,,True,True,
700149,6120887,Cardinal Heating & Air Inc.,Residential HVAC services,"Louisville, KY",Comfort Advisor,Sales Consultant,Sales,Mid,2023-03-19,2025-07-13,13.6,2024-09-01,56000.0,True,True,
700156,6120887,Cardinal Heating & Air Inc.,Residential HVAC services,"Louisville, KY",Comfort Advisor,Sales Consultant,Sales,Entry,2024-07-08,2025-04-22,16.3,2024-09-01,,True,True,
700340,6120887,Cardinal Heating & Air Inc.,Residential HVAC services,"Louisville, KY",Controller,Controller,Finance & Accounting,Manager,2016-12-15,2024-11-07,21.8,2024-09-01,,True,True,
700236,6120887,Cardinal Heating & Air Inc.,Residential HVAC services,"Louisville, KY",Customer Service Representative,Customer Service Representative,Customer Care & Dispatch,Entry,2026-04-29,2026-07-09,1.8,2024-09-01,,True,True,
700247,6120887,Cardinal Heating & Air Inc.,Residential HVAC services,"Louisville, KY",Customer Service Representative,Customer Service Representative,Customer Care & Dispatch,Mid,2023-09-27,2026-03-27,5.2,2024-09-01,,True,True,
700255,6120887,Cardinal Heating & Air Inc.,Residential HVAC services,"Louisville, KY",Customer Service Representative,Customer Service Representative,Customer Care & Dispatch,Mid,2023-09-25,2025-07-25,13.2,2024-09-01,,True,True,
700389,6120887,Cardinal Heating & Air Inc.,Residential HVAC services,"Louisville, KY",Digital Marketing Specialist,Digital Marketing Specialist,Marketing,Mid,2021-09-21,2026-06-23,2.3,2024-09-01,,True,True,
700405,6120887,Cardinal Heating & Air Inc.,Residential HVAC services,"Louisville, KY",Director of Operations,Operations Director,Executive & Corporate,Director,2025-05-20,2025-09-17,11.5,2024-09-01,111500.0,True,True,
700403,6120887,Cardinal Heating & Air Inc.,Residential HVAC services,"Louisville, KY",Director of Operations,Operations Director,Executive & Corporate,Director,2025-06-02,2026-08-23,0.3,2024-09-01,97000.0,True,True,
700278,6120887,Cardinal Heating & Air Inc.,Residential HVAC services,"Louisville, KY",Dispatcher,Dispatcher,Customer Care & Dispatch,Entry,2025-01-15,2025-06-22,14.3,2024-09-01,,True,True,
700352,6120887,Cardinal Heating & Air Inc.,Residential HVAC services,"Louisville, KY",HR Generalist,HR Business Partner,HR,Entry,2026-07-06,2026-07-14,1.6,2024-09-01,,True,True,
700068,6120887,Cardinal Heating & Air Inc.,Residential HVAC services,"Louisville, KY",HVAC Installer,HVAC Installer,Field - Install,Mid,2021-05-27,2025-05-06,15.9,2024-09-01,58500.0,True,True,
700078,6120887,Cardinal Heating & Air Inc.,Residential HVAC services,"Louisville, KY",HVAC Installer,HVAC Installer,Field - Install,Mid,2024-01-12,2025-11-05,9.9,2024-09-01,,True,True,
700037,6120887,Cardinal Heating & Air Inc.,Residential HVAC services,"Louisville, KY",HVAC Service Technician,HVAC Service Technician,Field - Service,Mid,2023-07-23,2025-04-02,17.0,2024-09-01,,True,True,
700011,6120887,Cardinal Heating & Air Inc.,Residential HVAC services,"Louisville, KY",HVAC Service Technician,HVAC Service Technician,Field - Service,Mid,2019-09-23,2024-12-19,20.4,2024-09-01,,True,True,
700180,6120887,Cardinal Heating & Air Inc.,Residential HVAC services,"Louisville, KY",Home Solutions Consultant,Sales Consultant,Sales,Mid,2019-08-22,2025-12-10,8.7,2024-09-01,,True,True,
700172,6120887,Cardinal Heating & Air Inc.,Residential HVAC services,"Louisville, KY",Home Solutions Consultant,Sales Consultant,Sales,Mid,2019-07-28,2026-07-27,1.2,2024-09-01,,True,True,
700169,6120887,Cardinal Heating & Air Inc.,Residential HVAC services,"Louisville, KY",Home Solutions Consultant,Sales Consultant,Sales,Mid,2022-12-31,2026-07-16,1.5,2024-09-01,46000.0,True,True,
700365,6120887,Cardinal Heating & Air Inc.,Residential HVAC services,"Louisville, KY",IT Support Specialist,Help Desk Technician,IT,Entry,2025-07-11,2025-12-28,8.1,2024-09-01,104000.0,True,True,
700440,6120887,Cardinal Heating & Air Inc.,Residential HVAC services,"Louisville, KY",Install Manager,Install Manager,Field Leadership,Manager,2024-06-02,2026-01-29,7.1,2024-09-01,88500.0,True,True,
700087,6120887,Cardinal Heating & Air Inc.,Residential HVAC services,"Louisville, KY",Install Technician,HVAC Installer,Field - Install,Mid,2023-05-27,2026-01-29,7.1,2024-09-01,46000.0,True,True,
700092,6120887,Cardinal Heating & Air Inc.,Residential HVAC services,"Louisville, KY",Install Technician,HVAC Installer,Field - Install,Mid,2023-02-08,2026-08-21,0.4,2024-09-01,,True,True,
700382,6120887,Cardinal Heating & Air Inc.,Residential HVAC services,"Louisville, KY",Marketing Coordinator,Marketing Coordinator,Marketing,Entry,2024-10-12,2026-07-20,1.4,2024-09-01,53000.0,True,True,
700310,6120887,Cardinal Heating & Air Inc.,Residential HVAC services,"Louisville, KY",Parts Runner,Warehouse Associate,Warehouse & Fleet,Mid,2022-09-30,2025-12-15,8.5,2024-09-01,,True,True,
700459,6120887,Cardinal Heating & Air Inc.,Residential HVAC services,"Louisville, KY",Regional Director,Regional Vice President,Executive & Corporate,Director,2016-09-18,2025-06-08,14.8,2024-09-01,,True,True,
700198,6120887,Cardinal Heating & Air Inc.,Residential HVAC services,"Louisville, KY",Residential Sales Consultant,Sales Consultant,Sales,Entry,2024-07-20,2025-12-12,8.6,2024-09-01,,True,True,
700195,6120887,Cardinal Heating & Air Inc.,Residential HVAC services,"Louisville, KY",Residential Sales Consultant,Sales Consultant,Sales,Entry,2025-05-10,2026-01-18,7.4,2024-09-01,,True,True,
700208,6120887,Cardinal Heating & Air Inc.,Residential HVAC services,"Louisville, KY",Sales Manager,Sales Manager,Sales,Manager,2025-08-27,2025-12-22,8.3,2024-09-01,,True,True,
700109,6120887,Cardinal Heating & Air Inc.,Residential HVAC services,"Louisville, KY",Senior Service Technician,HVAC Service Technician,Field - Service,Senior,2024-03-09,2025-09-10,11.7,2024-09-01,,True,True,
700046,6120887,Cardinal Heating & Air Inc.,Residential HVAC services,"Louisville, KY",Service Technician,Service Technician,Field - Service,Mid,2020-08-21,2026-02-24,6.2,2024-09-01,,True,True,
700323,6120887,Cardinal Heating & Air Inc.,Residential HVAC services,"Louisville, KY",Staff Accountant,Accountant,Finance & Accounting,Mid,2023-05-29,2025-06-25,14.2,2024-09-01,,True,True,
700466,6120887,Cardinal Heating & Air Inc.,Residential HVAC services,"Louisville, KY",Vice President of Operations,Regional Vice President,Executive & Corporate,Executive,2021-08-04,2025-03-15,17.6,2024-09-01,,True,True,
700615,9083341,Cardinal Comfort Solutions,HVAC equipment wholesale distribution,"Fort Myers, FL",Branch Manager - Distribution,Distribution Branch Manager,Wholesale Distribution,Manager,2025-12-26,2026-04-19,4.4,2024-09-01,,False,False,false_match_entity
700611,9083341,Cardinal Comfort Solutions,HVAC equipment wholesale distribution,"Fort Myers, FL",Branch Manager - Distribution,Distribution Branch Manager,Wholesale Distribution,Manager,2009-05-01,2018-08-23,96.3,2024-09-01,,False,False,false_match_entity
700619,9083341,Cardinal Comfort Solutions,HVAC equipment wholesale distribution,"Fort Myers, FL",Branch Manager - Distribution,Distribution Branch Manager,Wholesale Distribution,Manager,2017-12-13,2024-10-03,22.9,2024-09-01,,False,False,false_match_entity
700617,9083341,Cardinal Comfort Solutions,HVAC equipment wholesale distribution,"Fort Myers, FL",Branch Manager - Distribution,Distribution Branch Manager,Wholesale Distribution,Manager,2021-03-10,2026-07-14,1.6,2024-09-01,82000.0,False,False,false_match_entity
700552,9083341,Cardinal Comfort Solutions,HVAC equipment wholesale distribution,"Fort Myers, FL",Counter Sales Associate,Counter Sales Associate,Wholesale Distribution,Mid,2020-11-14,2025-04-25,16.2,2024-09-01,48500.0,False,False,false_match_entity
700567,9083341,Cardinal Comfort Solutions,HVAC equipment wholesale distribution,"Fort Myers, FL",Counter Sales Associate,Counter Sales Associate,Wholesale Distribution,Mid,2021-06-07,2025-12-08,8.8,2024-09-01,,False,False,false_match_entity
700557,9083341,Cardinal Comfort Solutions,HVAC equipment wholesale distribution,"Fort Myers, FL",Counter Sales Associate,Counter Sales Associate,Wholesale Distribution,Entry,2026-01-20,2026-01-21,7.3,2024-09-01,,False,False,false_match_entity
700571,9083341,Cardinal Comfort Solutions,HVAC equipment wholesale distribution,"Fort Myers, FL",Counter Sales Associate,Counter Sales Associate,Wholesale Distribution,Mid,2021-10-26,2025-03-01,18.0,2024-09-01,50000.0,False,False,false_match_entity
700551,9083341,Cardinal Comfort Solutions,HVAC equipment wholesale distribution,"Fort Myers, FL",Counter Sales Associate,Counter Sales Associate,Wholesale Distribution,Entry,2024-08-30,2025-09-11,11.7,2024-09-01,53500.0,False,False,false_match_entity
700562,9083341,Cardinal Comfort Solutions,HVAC equipment wholesale distribution,"Fort Myers, FL",Counter Sales Associate,Counter Sales Associate,Wholesale Distribution,Mid,2021-12-21,2025-03-28,17.1,2024-09-01,,False,False,false_match_entity
700572,9083341,Cardinal Comfort Solutions,HVAC equipment wholesale distribution,"Fort Myers, FL",Counter Sales Associate,Counter Sales Associate,Wholesale Distribution,Mid,2019-05-01,2026-02-09,6.7,2024-09-01,,False,False,false_match_entity
700564,9083341,Cardinal Comfort Solutions,HVAC equipment wholesale distribution,"Fort Myers, FL",Counter Sales Associate,Counter Sales Associate,Wholesale Distribution,Mid,2024-01-08,2026-08-24,0.3,2024-09-01,48500.0,False,False,false_match_entity
700555,9083341,Cardinal Comfort Solutions,HVAC equipment wholesale distribution,"Fort Myers, FL",Counter Sales Associate,Counter Sales Associate,Wholesale Distribution,Mid,2022-08-17,2025-08-18,12.5,2024-09-01,44500.0,False,False,false_match_entity
700636,9083341,Cardinal Comfort Solutions,HVAC equipment wholesale distribution,"Fort Myers, FL",Credit Analyst,Credit Analyst,Wholesale Distribution,Mid,2023-12-13,2026-03-28,5.2,2024-09-01,40000.0,False,False,false_match_entity
700635,9083341,Cardinal Comfort Solutions,HVAC equipment wholesale distribution,"Fort Myers, FL",Credit Analyst,Credit Analyst,Wholesale Distribution,Mid,2021-05-02,2026-02-28,6.1,2024-09-01,42000.0,False,False,false_match_entity
700630,9083341,Cardinal Comfort Solutions,HVAC equipment wholesale distribution,"Fort Myers, FL",Delivery Driver,Delivery Driver,Wholesale Distribution,Mid,2022-09-03,2024-10-22,22.3,2024-09-01,,False,False,false_match_entity
700598,9083341,Cardinal Comfort Solutions,HVAC equipment wholesale distribution,"Fort Myers, FL",Inside Sales - HVAC Parts,Parts Inside Sales,Wholesale Distribution,Mid,2009-11-01,2020-03-11,77.7,2024-09-01,,False,False,false_match_entity
700604,9083341,Cardinal Comfort Solutions,HVAC equipment wholesale distribution,"Fort Myers, FL",Inside Sales - HVAC Parts,Parts Inside Sales,Wholesale Distribution,Mid,2023-07-07,2025-12-26,8.2,2024-09-01,52000.0,False,False,false_match_entity
700596,9083341,Cardinal Comfort Solutions,HVAC equipment wholesale distribution,"Fort Myers, FL",Inside Sales - HVAC Parts,Parts Inside Sales,Wholesale Distribution,Mid,2014-07-01,2020-08-09,72.7,2024-09-01,,False,False,false_match_entity
700644,9083341,Cardinal Comfort Solutions,HVAC equipment wholesale distribution,"Fort Myers, FL",Regional Sales Director,Regional Sales Director,Wholesale Distribution,Director,2026-03-10,2026-04-12,4.7,2024-09-01,56500.0,False,False,false_match_entity
700517,9083341,Cardinal Comfort Solutions,HVAC equipment wholesale distribution,"Fort Myers, FL",Territory Sales Rep - Wholesale,Territory Sales Representative,Wholesale Distribution,Entry,2024-06-22,2025-03-29,17.1,2024-09-01,,False,False,false_match_entity
700534,9083341,Cardinal Comfort Solutions,HVAC equipment wholesale distribution,"Fort Myers, FL",Territory Sales Rep - Wholesale,Territory Sales Representative,Wholesale Distribution,Mid,2024-01-12,2025-08-21,12.4,2024-09-01,,False,False,false_match_entity
700518,9083341,Cardinal Comfort Solutions,HVAC equipment wholesale distribution,"Fort Myers, FL",Territory Sales Rep - Wholesale,Territory Sales Representative,Wholesale Distribution,Mid,2024-01-14,2026-05-30,3.1,2024-09-01,58000.0,False,False,false_match_entity
700537,9083341,Cardinal Comfort Solutions,HVAC equipment wholesale distribution,"Fort Myers, FL",Territory Sales Rep - Wholesale,Territory Sales Representative,Wholesale Distribution,Entry,2024-05-20,2025-11-05,9.9,2024-09-01,50000.0,False,False,false_match_entity
700516,9083341,Cardinal Comfort Solutions,HVAC equipment wholesale distribution,"Fort Myers, FL",Territory Sales Rep - Wholesale,Territory Sales Representative,Wholesale Distribution,Mid,2021-11-26,2026-07-02,2.0,2024-09-01,,False,False,false_match_entity
700515,9083341,Cardinal Comfort Solutions,HVAC equipment wholesale distribution,"Fort Myers, FL",Territory Sales Rep - Wholesale,Territory Sales Representative,Wholesale Distribution,Mid,2019-08-16,2025-03-04,17.9,2024-09-01,,False,False,false_match_entity
700520,9083341,Cardinal Comfort Solutions,HVAC equipment wholesale distribution,"Fort Myers, FL",Territory Sales Rep - Wholesale,Territory Sales Representative,Wholesale Distribution,Entry,2024-11-10,2025-11-25,9.2,2024-09-01,55500.0,False,False,false_match_entity
700519,9083341,Cardinal Comfort Solutions,HVAC equipment wholesale distribution,"Fort Myers, FL",Territory Sales Rep - Wholesale,Territory Sales Representative,Wholesale Distribution,Mid,2022-01-12,2026-03-19,5.5,2024-09-01,,False,False,false_match_entity
700577,9083341,Cardinal Comfort Solutions,HVAC equipment wholesale distribution,"Fort Myers, FL",Warehouse Associate,Warehouse Associate,Warehouse & Fleet,Mid,2010-09-01,2020-12-07,68.8,2024-09-01,36000.0,False,False,false_match_entity
700590,9083341,Cardinal Comfort Solutions,HVAC equipment wholesale distribution,"Fort Myers, FL",Warehouse Associate,Warehouse Associate,Warehouse & Fleet,Mid,2019-02-09,2026-05-08,3.8,2024-09-01,,False,False,false_match_entity
700576,9083341,Cardinal Comfort Solutions,HVAC equipment wholesale distribution,"Fort Myers, FL",Warehouse Associate,Warehouse Associate,Warehouse & Fleet,Mid,2012-04-01,2018-05-07,99.8,2024-09-01,,False,False,false_match_entity
700593,9083341,Cardinal Comfort Solutions,HVAC equipment wholesale distribution,"Fort Myers, FL",Warehouse Associate,Warehouse Associate,Warehouse & Fleet,Entry,2024-12-30,2025-05-06,15.9,2024-09-01,40000.0,False,False,false_match_entity
700575,9083341,Cardinal Comfort Solutions,HVAC equipment wholesale distribution,"Fort Myers, FL",Warehouse Associate,Warehouse Associate,Warehouse & Fleet,Mid,2009-01-01,2018-02-15,102.5,2024-09-01,,False,False,false_match_entity
700580,9083341,Cardinal Comfort Solutions,HVAC equipment wholesale distribution,"Fort Myers, FL",Warehouse Associate,Warehouse Associate,Warehouse & Fleet,Mid,2024-02-12,2025-04-22,16.3,2024-09-01,38000.0,False,False,false_match_entity
700574,9083341,Cardinal Comfort Solutions,HVAC equipment wholesale distribution,"Fort Myers, FL",Warehouse Associate,Warehouse Associate,Warehouse & Fleet,Mid,2008-06-01,2018-08-20,96.4,2024-09-01,45000.0,False,False,false_match_entity
700584,9083341,Cardinal Comfort Solutions,HVAC equipment wholesale distribution,"Fort Myers, FL",Warehouse Associate,Warehouse Associate,Warehouse & Fleet,Entry,2024-10-25,2024-11-22,21.3,2024-09-01,,False,False,false_match_entity
700595,9083341,Cardinal Comfort Solutions,HVAC equipment wholesale distribution,"Fort Myers, FL",Warehouse Associate,Warehouse Associate,Warehouse & Fleet,Mid,2021-09-08,2025-12-22,8.3,2024-09-01,,False,False,false_match_entity
700573,9083341,Cardinal Comfort Solutions,HVAC equipment wholesale distribution,"Lakeland, FL",Counter Sales Associate,Counter Sales Associate,Wholesale Distribution,Mid,2022-02-23,2025-01-18,19.4,2024-09-01,,False,False,false_match_entity
700550,9083341,Cardinal Comfort Solutions,HVAC equipment wholesale distribution,"Lakeland, FL",Counter Sales Associate,Counter Sales Associate,Wholesale Distribution,Entry,2025-04-14,2025-10-08,10.8,2024-09-01,,False,False,false_match_entity
700561,9083341,Cardinal Comfort Solutions,HVAC equipment wholesale distribution,"Lakeland, FL",Counter Sales Associate,Counter Sales Associate,Wholesale Distribution,Entry,2025-09-14,2026-05-14,3.6,2024-09-01,55500.0,False,False,false_match_entity
700566,9083341,Cardinal Comfort Solutions,HVAC equipment wholesale distribution,"Lakeland, FL",Counter Sales Associate,Counter Sales Associate,Wholesale Distribution,Mid,2023-07-04,2024-11-07,21.8,2024-09-01,,False,False,false_match_entity
700569,9083341,Cardinal Comfort Solutions,HVAC equipment wholesale distribution,"Lakeland, FL",Counter Sales Associate,Counter Sales Associate,Wholesale Distribution,Mid,2022-09-17,2025-07-12,13.7,2024-09-01,,False,False,false_match_entity
700558,9083341,Cardinal Comfort Solutions,HVAC equipment wholesale distribution,"Lakeland, FL",Counter Sales Associate,Counter Sales Associate,Wholesale Distribution,Mid,2022-10-14,2025-09-15,11.5,2024-09-01,,False,False,false_match_entity
700624,9083341,Cardinal Comfort Solutions,HVAC equipment wholesale distribution,"Lakeland, FL",Delivery Driver,Delivery Driver,Wholesale Distribution,Mid,2009-04-01,2020-03-01,78.0,2024-09-01,39500.0,False,False,false_match_entity
700631,9083341,Cardinal Comfort Solutions,HVAC equipment wholesale distribution,"Lakeland, FL",Delivery Driver,Delivery Driver,Wholesale Distribution,Mid,2019-01-01,2025-03-26,17.2,2024-09-01,,False,False,false_match_entity
700632,9083341,Cardinal Comfort Solutions,HVAC equipment wholesale distribution,"Lakeland, FL",Delivery Driver,Delivery Driver,Wholesale Distribution,Mid,2023-04-30,2026-07-14,1.6,2024-09-01,,False,False,false_match_entity
700623,9083341,Cardinal Comfort Solutions,HVAC equipment wholesale distribution,"Lakeland, FL",Delivery Driver,Delivery Driver,Wholesale Distribution,Mid,2008-01-01,2020-12-15,68.5,2024-09-01,45000.0,False,False,false_match_entity
700627,9083341,Cardinal Comfort Solutions,HVAC equipment wholesale distribution,"Lakeland, FL",Delivery Driver,Delivery Driver,Wholesale Distribution,Entry,2024-03-19,2026-02-11,6.6,2024-09-01,43000.0,False,False,false_match_entity
700609,9083341,Cardinal Comfort Solutions,HVAC equipment wholesale distribution,"Lakeland, FL",Inside Sales - HVAC Parts,Parts Inside Sales,Wholesale Distribution,Mid,2015-03-01,2025-07-31,13.0,2024-09-01,,False,False,false_match_entity
700599,9083341,Cardinal Comfort Solutions,HVAC equipment wholesale distribution,"Lakeland, FL",Inside Sales - HVAC Parts,Parts Inside Sales,Wholesale Distribution,Entry,2025-07-05,2025-08-13,12.6,2024-09-01,,False,False,false_match_entity
700610,9083341,Cardinal Comfort Solutions,HVAC equipment wholesale distribution,"Lakeland, FL",Inside Sales - HVAC Parts,Parts Inside Sales,Wholesale Distribution,Mid,2024-01-31,2025-04-27,16.2,2024-09-01,,False,False,false_match_entity
700513,9083341,Cardinal Comfort Solutions,HVAC equipment wholesale distribution,"Lakeland, FL",Territory Sales Rep - Wholesale,Territory Sales Representative,Wholesale Distribution,Mid,2021-12-10,2025-06-19,14.4,2024-09-01,55500.0,False,False,false_match_entity
700532,9083341,Cardinal Comfort Solutions,HVAC equipment wholesale distribution,"Lakeland, FL",Territory Sales Rep - Wholesale,Territory Sales Representative,Wholesale Distribution,Mid,2021-06-27,2026-03-30,5.1,2024-09-01,,False,False,false_match_entity
700540,9083341,Cardinal Comfort Solutions,HVAC equipment wholesale distribution,"Lakeland, FL",Territory Sales Rep - Wholesale,Territory Sales Representative,Wholesale Distribution,Mid,2020-03-05,2024-12-28,20.1,2024-09-01,,False,False,false_match_entity
700538,9083341,Cardinal Comfort Solutions,HVAC equipment wholesale distribution,"Lakeland, FL",Territory Sales Rep - Wholesale,Territory Sales Representative,Wholesale Distribution,Entry,2025-06-18,2026-05-28,3.2,2024-09-01,55500.0,False,False,false_match_entity
700530,9083341,Cardinal Comfort Solutions,HVAC equipment wholesale distribution,"Lakeland, FL",Territory Sales Rep - Wholesale,Territory Sales Representative,Wholesale Distribution,Mid,2023-05-10,2024-10-07,22.8,2024-09-01,45000.0,False,False,false_match_entity
700528,9083341,Cardinal Comfort Solutions,HVAC equipment wholesale distribution,"Lakeland, FL",Territory Sales Rep - Wholesale,Territory Sales Representative,Wholesale Distribution,Entry,2025-08-22,2026-07-21,1.4,2024-09-01,,False,False,false_match_entity
700527,9083341,Cardinal Comfort Solutions,HVAC equipment wholesale distribution,"Lakeland, FL",Territory Sales Rep - Wholesale,Territory Sales Representative,Wholesale Distribution,Entry,2024-07-06,2025-10-30,10.1,2024-09-01,,False,False,false_match_entity
700529,9083341,Cardinal Comfort Solutions,HVAC equipment wholesale distribution,"Lakeland, FL",Territory Sales Rep - Wholesale,Territory Sales Representative,Wholesale Distribution,Entry,2025-04-02,2025-07-16,13.5,2024-09-01,,False,False,false_match_entity
700511,9083341,Cardinal Comfort Solutions,HVAC equipment wholesale distribution,"Lakeland, FL",Territory Sales Rep - Wholesale,Territory Sales Representative,Wholesale Distribution,Mid,2013-01-01,2018-12-23,92.3,2024-09-01,,False,False,false_match_entity
700587,9083341,Cardinal Comfort Solutions,HVAC equipment wholesale distribution,"Lakeland, FL",Warehouse Associate,Warehouse Associate,Warehouse & Fleet,Entry,2025-05-17,2025-08-21,12.4,2024-09-01,,False,False,false_match_entity
700589,9083341,Cardinal Comfort Solutions,HVAC equipment wholesale distribution,"Lakeland, FL",Warehouse Associate,Warehouse Associate,Warehouse & Fleet,Entry,2026-03-13,2026-06-19,2.4,2024-09-01,,False,False,false_match_entity
700591,9083341,Cardinal Comfort Solutions,HVAC equipment wholesale distribution,"Lakeland, FL",Warehouse Associate,Warehouse Associate,Warehouse & Fleet,Entry,2025-09-06,2026-03-03,6.0,2024-09-01,,False,False,false_match_entity
700621,9083341,Cardinal Comfort Solutions,HVAC equipment wholesale distribution,"Orlando, FL",Branch Manager - Distribution,Distribution Branch Manager,Wholesale Distribution,Manager,2022-03-08,2026-05-17,3.5,2024-09-01,,False,False,false_match_entity
700620,9083341,Cardinal Comfort Solutions,HVAC equipment wholesale distribution,"Orlando, FL",Branch Manager - Distribution,Distribution Branch Manager,Wholesale Distribution,Manager,2021-08-22,2025-12-12,8.6,2024-09-01,84500.0,False,False,false_match_entity
700618,9083341,Cardinal Comfort Solutions,HVAC equipment wholesale distribution,"Orlando, FL",Branch Manager - Distribution,Distribution Branch Manager,Wholesale Distribution,Manager,2022-05-10,2026-07-07,1.8,2024-09-01,,False,False,false_match_entity
700547,9083341,Cardinal Comfort Solutions,HVAC equipment wholesale distribution,"Orlando, FL",Counter Sales Associate,Counter Sales Associate,Wholesale Distribution,Mid,2010-09-01,2018-03-27,101.2,2024-09-01,,False,False,false_match_entity
700541,9083341,Cardinal Comfort Solutions,HVAC equipment wholesale distribution,"Orlando, FL",Counter Sales Associate,Counter Sales Associate,Wholesale Distribution,Mid,2012-12-01,2022-08-16,48.5,2024-09-01,,False,False,false_match_entity
700563,9083341,Cardinal Comfort Solutions,HVAC equipment wholesale distribution,"Orlando, FL",Counter Sales Associate,Counter Sales Associate,Wholesale Distribution,Entry,2024-09-16,2025-02-13,18.6,2024-09-01,,False,False,false_match_entity
700548,9083341,Cardinal Comfort Solutions,HVAC equipment wholesale distribution,"Orlando, FL",Counter Sales Associate,Counter Sales Associate,Wholesale Distribution,Mid,2021-03-31,2025-07-14,13.6,2024-09-01,,False,False,false_match_entity
700545,9083341,Cardinal Comfort Solutions,HVAC equipment wholesale distribution,"Orlando, FL",Counter Sales Associate,Counter Sales Associate,Wholesale Distribution,Mid,2007-09-01,2019-11-19,81.4,2024-09-01,44500.0,False,False,false_match_entity
700553,9083341,Cardinal Comfort Solutions,HVAC equipment wholesale distribution,"Orlando, FL",Counter Sales Associate,Counter Sales Associate,Wholesale Distribution,Entry,2026-06-15,2026-08-22,0.3,2024-09-01,,False,False,false_match_entity
700546,9083341,Cardinal Comfort Solutions,HVAC equipment wholesale distribution,"Orlando, FL",Counter Sales Associate,Counter Sales Associate,Wholesale Distribution,Mid,2006-06-01,2021-08-20,60.4,2024-09-01,50500.0,False,False,false_match_entity
700570,9083341,Cardinal Comfort Solutions,HVAC equipment wholesale distribution,"Orlando, FL",Counter Sales Associate,Counter Sales Associate,Wholesale Distribution,Mid,2023-01-29,2026-02-25,6.2,2024-09-01,,False,False,false_match_entity
700568,9083341,Cardinal Comfort Solutions,HVAC equipment wholesale distribution,"Orlando, FL",Counter Sales Associate,Counter Sales Associate,Wholesale Distribution,Mid,2022-06-06,2025-04-21,16.4,2024-09-01,,False,False,false_match_entity
700543,9083341,Cardinal Comfort Solutions,HVAC equipment wholesale distribution,"Orlando, FL",Counter Sales Associate,Counter Sales Associate,Wholesale Distribution,Mid,2012-03-01,2018-08-06,96.8,2024-09-01,49500.0,False,False,false_match_entity
700556,9083341,Cardinal Comfort Solutions,HVAC equipment wholesale distribution,"Orlando, FL",Counter Sales Associate,Counter Sales Associate,Wholesale Distribution,Entry,2024-03-05,2025-02-05,18.8,2024-09-01,56000.0,False,False,false_match_entity
700628,9083341,Cardinal Comfort Solutions,HVAC equipment wholesale distribution,"Orlando, FL",Delivery Driver,Delivery Driver,Wholesale Distribution,Mid,2024-01-27,2026-07-27,1.2,2024-09-01,38000.0,False,False,false_match_entity
700626,9083341,Cardinal Comfort Solutions,HVAC equipment wholesale distribution,"Orlando, FL",Delivery Driver,Delivery Driver,Wholesale Distribution,Mid,2022-10-23,2026-04-07,4.8,2024-09-01,,False,False,false_match_entity
700625,9083341,Cardinal Comfort Solutions,HVAC equipment wholesale distribution,"Orlando, FL",Delivery Driver,Delivery Driver,Wholesale Distribution,Entry,2025-04-20,2025-07-17,13.5,2024-09-01,,False,False,false_match_entity
700640,9083341,Cardinal Comfort Solutions,HVAC equipment wholesale distribution,"Orlando, FL",Pricing Analyst,Pricing Analyst,Wholesale Distribution,Mid,2022-07-01,2025-09-26,11.2,2024-09-01,,False,False,false_match_entity
700639,9083341,Cardinal Comfort Solutions,HVAC equipment wholesale distribution,"Orlando, FL",Pricing Analyst,Pricing Analyst,Wholesale Distribution,Mid,2024-01-04,2025-08-21,12.4,2024-09-01,,False,False,false_match_entity
700641,9083341,Cardinal Comfort Solutions,HVAC equipment wholesale distribution,"Orlando, FL",Pricing Analyst,Pricing Analyst,Wholesale Distribution,Mid,2023-11-22,2025-08-03,12.9,2024-09-01,,False,False,false_match_entity
700642,9083341,Cardinal Comfort Solutions,HVAC equipment wholesale distribution,"Orlando, FL",Regional Sales Director,Regional Sales Director,Wholesale Distribution,Director,2012-10-01,2022-10-09,46.7,2024-09-01,,False,False,false_match_entity
700510,9083341,Cardinal Comfort Solutions,HVAC equipment wholesale distribution,"Orlando, FL",Territory Sales Rep - Wholesale,Territory Sales Representative,Wholesale Distribution,Mid,2010-03-01,2021-08-22,60.3,2024-09-01,,False,False,false_match_entity
700522,9083341,Cardinal Comfort Solutions,HVAC equipment wholesale distribution,"Orlando, FL",Territory Sales Rep - Wholesale,Territory Sales Representative,Wholesale Distribution,Entry,2025-01-31,2025-06-20,14.4,2024-09-01,,False,False,false_match_entity
700507,9083341,Cardinal Comfort Solutions,HVAC equipment wholesale distribution,"Orlando, FL",Territory Sales Rep - Wholesale,Territory Sales Representative,Wholesale Distribution,Mid,2010-06-01,2021-02-15,66.5,2024-09-01,50000.0,False,False,false_match_entity
700526,9083341,Cardinal Comfort Solutions,HVAC equipment wholesale distribution,"Orlando, FL",Territory Sales Rep - Wholesale,Territory Sales Representative,Wholesale Distribution,Entry,2025-10-16,2025-10-24,10.2,2024-09-01,48500.0,False,False,false_match_entity
700509,9083341,Cardinal Comfort Solutions,HVAC equipment wholesale distribution,"Orlando, FL",Territory Sales Rep - Wholesale,Territory Sales Representative,Wholesale Distribution,Mid,2013-12-01,2019-01-05,91.9,2024-09-01,54000.0,False,False,false_match_entity
700536,9083341,Cardinal Comfort Solutions,HVAC equipment wholesale distribution,"Orlando, FL",Territory Sales Rep - Wholesale,Territory Sales Representative,Wholesale Distribution,Entry,2026-04-06,2026-06-02,3.0,2024-09-01,,False,False,false_match_entity
700579,9083341,Cardinal Comfort Solutions,HVAC equipment wholesale distribution,"Orlando, FL",Warehouse Associate,Warehouse Associate,Warehouse & Fleet,Entry,2025-09-02,2026-03-18,5.5,2024-09-01,,False,False,false_match_entity
700594,9083341,Cardinal Comfort Solutions,HVAC equipment wholesale distribution,"Orlando, FL",Warehouse Associate,Warehouse Associate,Warehouse & Fleet,Mid,2018-09-13,2026-07-26,1.2,2024-09-01,,False,False,false_match_entity
700588,9083341,Cardinal Comfort Solutions,HVAC equipment wholesale distribution,"Orlando, FL",Warehouse Associate,Warehouse Associate,Warehouse & Fleet,Mid,2023-12-04,2025-11-14,9.6,2024-09-01,,False,False,false_match_entity
700581,9083341,Cardinal Comfort Solutions,HVAC equipment wholesale distribution,"Orlando, FL",Warehouse Associate,Warehouse Associate,Warehouse & Fleet,Mid,2021-04-20,2024-12-24,20.2,2024-09-01,41500.0,False,False,false_match_entity
700585,9083341,Cardinal Comfort Solutions,HVAC equipment wholesale distribution,"Orlando, FL",Warehouse Associate,Warehouse Associate,Warehouse & Fleet,Entry,2024-09-11,2025-09-09,11.7,2024-09-01,,False,False,false_match_entity
700614,9083341,Cardinal Comfort Solutions,HVAC equipment wholesale distribution,"Tampa, FL",Branch Manager - Distribution,Distribution Branch Manager,Wholesale Distribution,Manager,2026-07-26,2026-08-02,1.0,2024-09-01,,False,False,false_match_entity
700613,9083341,Cardinal Comfort Solutions,HVAC equipment wholesale distribution,"Tampa, FL",Branch Manager - Distribution,Distribution Branch Manager,Wholesale Distribution,Manager,2019-03-25,2026-05-18,3.5,2024-09-01,,False,False,false_match_entity
700616,9083341,Cardinal Comfort Solutions,HVAC equipment wholesale distribution,"Tampa, FL",Branch Manager - Distribution,Distribution Branch Manager,Wholesale Distribution,Manager,2024-08-11,2025-11-27,9.1,2024-09-01,,False,False,false_match_entity
700622,9083341,Cardinal Comfort Solutions,HVAC equipment wholesale distribution,"Tampa, FL",Branch Manager - Distribution,Distribution Branch Manager,Wholesale Distribution,Manager,2023-08-21,2024-11-15,21.5,2024-09-01,,False,False,false_match_entity
700612,9083341,Cardinal Comfort Solutions,HVAC equipment wholesale distribution,"Tampa, FL",Branch Manager - Distribution,Distribution Branch Manager,Wholesale Distribution,Manager,2008-04-01,2020-09-15,71.5,2024-09-01,82500.0,False,False,false_match_entity
700549,9083341,Cardinal Comfort Solutions,HVAC equipment wholesale distribution,"Tampa, FL",Counter Sales Associate,Counter Sales Associate,Wholesale Distribution,Mid,2022-12-21,2026-07-03,2.0,2024-09-01,,False,False,false_match_entity
700554,9083341,Cardinal Comfort Solutions,HVAC equipment wholesale distribution,"Tampa, FL",Counter Sales Associate,Counter Sales Associate,Wholesale Distribution,Mid,2023-01-30,2025-07-05,13.9,2024-09-01,57000.0,False,False,false_match_entity
700565,9083341,Cardinal Comfort Solutions,HVAC equipment wholesale distribution,"Tampa, FL",Counter Sales Associate,Counter Sales Associate,Wholesale Distribution,Mid,2023-04-13,2025-07-18,13.5,2024-09-01,,False,False,false_match_entity
700560,9083341,Cardinal Comfort Solutions,HVAC equipment wholesale distribution,"Tampa, FL",Counter Sales Associate,Counter Sales Associate,Wholesale Distribution,Entry,2024-04-24,2024-11-04,21.9,2024-09-01,47500.0,False,False,false_match_entity
700559,9083341,Cardinal Comfort Solutions,HVAC equipment wholesale distribution,"Tampa, FL",Counter Sales Associate,Counter Sales Associate,Wholesale Distribution,Entry,2025-08-22,2025-11-13,9.6,2024-09-01,,False,False,false_match_entity
700542,9083341,Cardinal Comfort Solutions,HVAC equipment wholesale distribution,"Tampa, FL",Counter Sales Associate,Counter Sales Associate,Wholesale Distribution,Mid,2010-10-01,2019-09-13,83.6,2024-09-01,,False,False,false_match_entity
700544,9083341,Cardinal Comfort Solutions,HVAC equipment wholesale distribution,"Tampa, FL",Counter Sales Associate,Counter Sales Associate,Wholesale Distribution,Mid,2011-08-01,2020-09-08,71.7,2024-09-01,47000.0,False,False,false_match_entity
700634,9083341,Cardinal Comfort Solutions,HVAC equipment wholesale distribution,"Tampa, FL",Credit Analyst,Credit Analyst,Wholesale Distribution,Mid,2022-03-29,2025-11-22,9.3,2024-09-01,,False,False,false_match_entity
700637,9083341,Cardinal Comfort Solutions,HVAC equipment wholesale distribution,"Tampa, FL",Credit Analyst,Credit Analyst,Wholesale Distribution,Mid,2021-07-17,2025-09-12,11.6,2024-09-01,,False,False,false_match_entity
700633,9083341,Cardinal Comfort Solutions,HVAC equipment wholesale distribution,"Tampa, FL",Credit Analyst,Credit Analyst,Wholesale Distribution,Mid,2011-05-01,2021-07-15,61.6,2024-09-01,,False,False,false_match_entity
700629,9083341,Cardinal Comfort Solutions,HVAC equipment wholesale distribution,"Tampa, FL",Delivery Driver,Delivery Driver,Wholesale Distribution,Mid,2023-04-16,2026-03-28,5.2,2024-09-01,,False,False,false_match_entity
700605,9083341,Cardinal Comfort Solutions,HVAC equipment wholesale distribution,"Tampa, FL",Inside Sales - HVAC Parts,Parts Inside Sales,Wholesale Distribution,Mid,2023-05-08,2024-11-30,21.0,2024-09-01,,False,False,false_match_entity
700608,9083341,Cardinal Comfort Solutions,HVAC equipment wholesale distribution,"Tampa, FL",Inside Sales - HVAC Parts,Parts Inside Sales,Wholesale Distribution,Mid,2023-08-02,2025-05-04,15.9,2024-09-01,53000.0,False,False,false_match_entity
700597,9083341,Cardinal Comfort Solutions,HVAC equipment wholesale distribution,"Tampa, FL",Inside Sales - HVAC Parts,Parts Inside Sales,Wholesale Distribution,Mid,2014-09-01,2022-04-04,52.9,2024-09-01,,False,False,false_match_entity
700602,9083341,Cardinal Comfort Solutions,HVAC equipment wholesale distribution,"Tampa, FL",Inside Sales - HVAC Parts,Parts Inside Sales,Wholesale Distribution,Mid,2020-05-06,2024-11-21,21.3,2024-09-01,,False,False,false_match_entity
700607,9083341,Cardinal Comfort Solutions,HVAC equipment wholesale distribution,"Tampa, FL",Inside Sales - HVAC Parts,Parts Inside Sales,Wholesale Distribution,Mid,2022-04-10,2025-06-04,14.9,2024-09-01,,False,False,false_match_entity
700600,9083341,Cardinal Comfort Solutions,HVAC equipment wholesale distribution,"Tampa, FL",Inside Sales - HVAC Parts,Parts Inside Sales,Wholesale Distribution,Mid,2024-01-03,2025-02-26,18.1,2024-09-01,,False,False,false_match_entity
700603,9083341,Cardinal Comfort Solutions,HVAC equipment wholesale distribution,"Tampa, FL",Inside Sales - HVAC Parts,Parts Inside Sales,Wholesale Distribution,Mid,2020-05-04,2025-05-15,15.6,2024-09-01,,False,False,false_match_entity
700606,9083341,Cardinal Comfort Solutions,HVAC equipment wholesale distribution,"Tampa, FL",Inside Sales - HVAC Parts,Parts Inside Sales,Wholesale Distribution,Mid,2021-11-22,2025-02-04,18.9,2024-09-01,,False,False,false_match_entity
700601,9083341,Cardinal Comfort Solutions,HVAC equipment wholesale distribution,"Tampa, FL",Inside Sales - HVAC Parts,Parts Inside Sales,Wholesale Distribution,Mid,2021-04-30,2024-10-25,22.2,2024-09-01,,False,False,false_match_entity
700638,9083341,Cardinal Comfort Solutions,HVAC equipment wholesale distribution,"Tampa, FL",Pricing Analyst,Pricing Analyst,Wholesale Distribution,Mid,2010-07-01,2020-11-23,69.3,2024-09-01,37500.0,False,False,false_match_entity
700643,9083341,Cardinal Comfort Solutions,HVAC equipment wholesale distribution,"Tampa, FL",Regional Sales Director,Regional Sales Director,Wholesale Distribution,Director,2023-09-13,2025-06-20,14.4,2024-09-01,,False,False,false_match_entity
700645,9083341,Cardinal Comfort Solutions,HVAC equipment wholesale distribution,"Tampa, FL",Regional Sales Director,Regional Sales Director,Wholesale Distribution,Director,2024-02-21,2024-10-28,22.1,2024-09-01,52000.0,False,False,false_match_entity
700525,9083341,Cardinal Comfort Solutions,HVAC equipment wholesale distribution,"Tampa, FL",Territory Sales Rep - Wholesale,Territory Sales Representative,Wholesale Distribution,Entry,2025-07-24,2026-08-15,0.6,2024-09-01,,False,False,false_match_entity
700508,9083341,Cardinal Comfort Solutions,HVAC equipment wholesale distribution,"Tampa, FL",Territory Sales Rep - Wholesale,Territory Sales Representative,Wholesale Distribution,Mid,2013-01-01,2020-01-23,79.3,2024-09-01,57000.0,False,False,false_match_entity
700531,9083341,Cardinal Comfort Solutions,HVAC equipment wholesale distribution,"Tampa, FL",Territory Sales Rep - Wholesale,Territory Sales Representative,Wholesale Distribution,Entry,2025-09-14,2025-10-24,10.2,2024-09-01,52500.0,False,False,false_match_entity
700524,9083341,Cardinal Comfort Solutions,HVAC equipment wholesale distribution,"Tampa, FL",Territory Sales Rep - Wholesale,Territory Sales Representative,Wholesale Distribution,Mid,2022-01-31,2025-06-18,14.5,2024-09-01,,False,False,false_match_entity
700535,9083341,Cardinal Comfort Solutions,HVAC equipment wholesale distribution,"Tampa, FL",Territory Sales Rep - Wholesale,Territory Sales Representative,Wholesale Distribution,Mid,2021-10-19,2025-02-18,18.4,2024-09-01,,False,False,false_match_entity
700514,9083341,Cardinal Comfort Solutions,HVAC equipment wholesale distribution,"Tampa, FL",Territory Sales Rep - Wholesale,Territory Sales Representative,Wholesale Distribution,Entry,2026-02-20,2026-05-14,3.6,2024-09-01,,False,False,false_match_entity
700523,9083341,Cardinal Comfort Solutions,HVAC equipment wholesale distribution,"Tampa, FL",Territory Sales Rep - Wholesale,Territory Sales Representative,Wholesale Distribution,Entry,2024-08-24,2026-02-25,6.2,2024-09-01,,False,False,false_match_entity
700533,9083341,Cardinal Comfort Solutions,HVAC equipment wholesale distribution,"Tampa, FL",Territory Sales Rep - Wholesale,Territory Sales Representative,Wholesale Distribution,Entry,2025-11-10,2026-03-09,5.8,2024-09-01,52500.0,False,False,false_match_entity
700539,9083341,Cardinal Comfort Solutions,HVAC equipment wholesale distribution,"Tampa, FL",Territory Sales Rep - Wholesale,Territory Sales Representative,Wholesale Distribution,Entry,2025-06-15,2025-08-21,12.4,2024-09-01,52500.0,False,False,false_match_entity
700506,9083341,Cardinal Comfort Solutions,HVAC equipment wholesale distribution,"Tampa, FL",Territory Sales Rep - Wholesale,Territory Sales Representative,Wholesale Distribution,Mid,2014-04-01,2019-02-14,90.5,2024-09-01,,False,False,false_match_entity
700512,9083341,Cardinal Comfort Solutions,HVAC equipment wholesale distribution,"Tampa, FL",Territory Sales Rep - Wholesale,Territory Sales Representative,Wholesale Distribution,Mid,2011-08-01,2018-03-03,102.0,2024-09-01,,False,False,false_match_entity
700521,9083341,Cardinal Comfort Solutions,HVAC equipment wholesale distribution,"Tampa, FL",Territory Sales Rep - Wholesale,Territory Sales Representative,Wholesale Distribution,Mid,2022-11-12,2025-09-14,11.6,2024-09-01,53000.0,False,False,false_match_entity
700578,9083341,Cardinal Comfort Solutions,HVAC equipment wholesale distribution,"Tampa, FL",Warehouse Associate,Warehouse Associate,Warehouse & Fleet,Mid,2023-11-08,2024-10-30,22.0,2024-09-01,,False,False,false_match_entity
700583,9083341,Cardinal Comfort Solutions,HVAC equipment wholesale distribution,"Tampa, FL",Warehouse Associate,Warehouse Associate,Warehouse & Fleet,Entry,2024-12-13,2025-10-15,10.5,2024-09-01,,False,False,false_match_entity
700592,9083341,Cardinal Comfort Solutions,HVAC equipment wholesale distribution,"Tampa, FL",Warehouse Associate,Warehouse Associate,Warehouse & Fleet,Entry,2024-06-20,2026-03-27,5.2,2024-09-01,,False,False,false_match_entity
700586,9083341,Cardinal Comfort Solutions,HVAC equipment wholesale distribution,"Tampa, FL",Warehouse Associate,Warehouse Associate,Warehouse & Fleet,Entry,2024-05-04,2025-09-19,11.4,2024-09-01,,False,False,false_match_entity
700582,9083341,Cardinal Comfort Solutions,HVAC equipment wholesale distribution,"Tampa, FL",Warehouse Associate,Warehouse Associate,Warehouse & Fleet,Entry,2025-11-03,2025-12-29,8.1,2024-09-01,,False,False,false_match_entity
700329,4471023,Cardinal Comfort Services LLC,Residential HVAC & plumbing services,"Cincinnati, OH",Accounts Payable Specialist,AP/AR Specialist,Finance & Accounting,Mid,2009-04-01,2018-08-24,96.3,2024-09-01,70500.0,False,False,stale_profile
700122,4471023,Cardinal Comfort Services LLC,Residential HVAC & plumbing services,"Cincinnati, OH",Apprentice HVAC Technician,HVAC Service Technician,Field - Service,Entry,2013-10-01,2022-11-11,45.7,2024-09-01,,False,False,stale_profile
700485,4471023,Cardinal Comfort Services LLC,Residential HVAC & plumbing services,"Cincinnati, OH",Associate,Unclassified,Unclassified,Mid,2014-08-01,2019-09-07,83.8,2024-09-01,,False,False,stale_profile
700407,4471023,Cardinal Comfort Services LLC,Residential HVAC & plumbing services,"Cincinnati, OH",Branch Manager,Branch Manager,Executive & Corporate,Manager,2009-09-01,2018-02-04,102.9,2024-09-01,,False,False,stale_profile
700280,4471023,Cardinal Comfort Services LLC,Residential HVAC & plumbing services,"Cincinnati, OH",Call Center Team Lead,Customer Care Supervisor,Customer Care & Dispatch,Manager,2006-12-01,2022-12-02,45.0,2024-09-01,,False,False,stale_profile
700128,4471023,Cardinal Comfort Services LLC,Residential HVAC & plumbing services,"Cincinnati, OH",Comfort Advisor,Sales Consultant,Sales,Mid,2014-09-01,2020-03-26,77.2,2024-09-01,,False,False,stale_profile
700498,4471023,Cardinal Comfort Services LLC,Residential HVAC & plumbing services,"Cincinnati, OH",Consultant,Unclassified,Unclassified,Mid,2006-05-01,2019-11-01,82.0,2024-09-01,,False,False,stale_profile
700337,4471023,Cardinal Comfort Services LLC,Residential HVAC & plumbing services,"Cincinnati, OH",Controller,Controller,Finance & Accounting,Manager,2007-03-01,2019-05-26,87.2,2024-09-01,,False,False,stale_profile
700227,4471023,Cardinal Comfort Services LLC,Residential HVAC & plumbing services,"Cincinnati, OH",Customer Service Representative,Customer Service Representative,Customer Care & Dispatch,Mid,2008-08-01,2019-01-06,91.8,2024-09-01,41500.0,False,False,stale_profile
700229,4471023,Cardinal Comfort Services LLC,Residential HVAC & plumbing services,"Cincinnati, OH",Customer Service Representative,Customer Service Representative,Customer Care & Dispatch,Mid,2009-11-01,2021-07-24,61.3,2024-09-01,,False,False,stale_profile
700219,4471023,Cardinal Comfort Services LLC,Residential HVAC & plumbing services,"Cincinnati, OH",Customer Service Representative,Customer Service Representative,Customer Care & Dispatch,Mid,2013-08-01,2022-03-17,53.5,2024-09-01,35000.0,False,False,stale_profile
700224,4471023,Cardinal Comfort Services LLC,Residential HVAC & plumbing services,"Cincinnati, OH",Customer Service Representative,Customer Service Representative,Customer Care & Dispatch,Mid,2011-03-01,2018-06-18,98.5,2024-09-01,,False,False,stale_profile
700223,4471023,Cardinal Comfort Services LLC,Residential HVAC & plumbing services,"Cincinnati, OH",Customer Service Representative,Customer Service Representative,Customer Care & Dispatch,Mid,2013-10-01,2018-04-18,100.5,2024-09-01,39500.0,False,False,stale_profile
700225,4471023,Cardinal Comfort Services LLC,Residential HVAC & plumbing services,"Cincinnati, OH",Customer Service Representative,Customer Service Representative,Customer Care & Dispatch,Mid,2008-02-01,2021-11-23,57.3,2024-09-01,,False,False,stale_profile
700387,4471023,Cardinal Comfort Services LLC,Residential HVAC & plumbing services,"Cincinnati, OH",Digital Marketing Specialist,Digital Marketing Specialist,Marketing,Mid,2013-12-01,2021-04-17,64.5,2024-09-01,,False,False,stale_profile
700263,4471023,Cardinal Comfort Services LLC,Residential HVAC & plumbing services,"Cincinnati, OH",Dispatcher,Dispatcher,Customer Care & Dispatch,Mid,2006-12-01,2022-08-11,48.7,2024-09-01,,False,False,stale_profile
700444,4471023,Cardinal Comfort Services LLC,Residential HVAC & plumbing services,"Cincinnati, OH",Field Supervisor,Field Supervisor,Field Leadership,Manager,2013-12-01,2018-02-07,102.8,2024-09-01,,False,False,stale_profile
700451,4471023,Cardinal Comfort Services LLC,Residential HVAC & plumbing services,"Cincinnati, OH",General Manager,General Manager,Executive & Corporate,Manager,2013-04-01,2019-04-19,88.4,2024-09-01,,False,False,stale_profile
700360,4471023,Cardinal Comfort Services LLC,Residential HVAC & plumbing services,"Cincinnati, OH",HR Manager,HR Manager,HR,Manager,2014-05-01,2020-04-03,76.9,2024-09-01,,False,False,stale_profile
700064,4471023,Cardinal Comfort Services LLC,Residential HVAC & plumbing services,"Cincinnati, OH",HVAC Installer,HVAC Installer,Field - Install,Mid,2007-04-01,2018-07-01,98.0,2024-09-01,54000.0,False,False,stale_profile
700063,4471023,Cardinal Comfort Services LLC,Residential HVAC & plumbing services,"Cincinnati, OH",HVAC Installer,HVAC Installer,Field - Install,Mid,2010-08-01,2018-06-13,98.6,2024-09-01,,False,False,stale_profile
700009,4471023,Cardinal Comfort Services LLC,Residential HVAC & plumbing services,"Cincinnati, OH",HVAC Service Technician,HVAC Service Technician,Field - Service,Mid,2010-10-01,2019-11-10,81.7,2024-09-01,,False,False,stale_profile
700161,4471023,Cardinal Comfort Services LLC,Residential HVAC & plumbing services,"Cincinnati, OH",Home Solutions Consultant,Sales Consultant,Sales,Mid,2012-04-01,2021-08-21,60.3,2024-09-01,,False,False,stale_profile
700363,4471023,Cardinal Comfort Services LLC,Residential HVAC & plumbing services,"Cincinnati, OH",IT Support Specialist,Help Desk Technician,IT,Mid,2010-10-01,2020-09-04,71.9,2024-09-01,,False,False,stale_profile
700362,4471023,Cardinal Comfort Services LLC,Residential HVAC & plumbing services,"Cincinnati, OH",IT Support Specialist,Help Desk Technician,IT,Mid,2009-03-01,2021-03-21,65.4,2024-09-01,,False,False,stale_profile
700492,4471023,Cardinal Comfort Services LLC,Residential HVAC & plumbing services,"Cincinnati, OH",Intern,Unclassified,Unclassified,Entry,2008-03-01,2021-11-25,57.2,2024-09-01,,False,False,stale_profile
700419,4471023,Cardinal Comfort Services LLC,Residential HVAC & plumbing services,"Cincinnati, OH",Operations Manager,Operations Manager,Executive & Corporate,Manager,2006-07-01,2021-03-23,65.3,2024-09-01,,False,False,stale_profile
700420,4471023,Cardinal Comfort Services LLC,Residential HVAC & plumbing services,"Cincinnati, OH",Operations Manager,Operations Manager,Executive & Corporate,Manager,2008-04-01,2021-01-05,67.8,2024-09-01,,False,False,stale_profile
700095,4471023,Cardinal Comfort Services LLC,Residential HVAC & plumbing services,"Cincinnati, OH",Plumber,Plumbing Service Technician,Field - Service,Mid,2010-04-01,2018-03-20,101.4,2024-09-01,59000.0,False,False,stale_profile
700461,4471023,Cardinal Comfort Services LLC,Residential HVAC & plumbing services,"Cincinnati, OH",President,Chief Executive Officer,Executive & Corporate,Executive,2010-05-01,2020-11-06,69.8,2024-09-01,152000.0,False,False,stale_profile
700182,4471023,Cardinal Comfort Services LLC,Residential HVAC & plumbing services,"Cincinnati, OH",Residential Sales Consultant,Sales Consultant,Sales,Mid,2010-08-01,2021-09-06,59.8,2024-09-01,55000.0,False,False,stale_profile
700184,4471023,Cardinal Comfort Services LLC,Residential HVAC & plumbing services,"Cincinnati, OH",Residential Sales Consultant,Sales Consultant,Sales,Mid,2009-02-01,2021-03-20,65.4,2024-09-01,,False,False,stale_profile
700106,4471023,Cardinal Comfort Services LLC,Residential HVAC & plumbing services,"Cincinnati, OH",Senior Service Technician,HVAC Service Technician,Field - Service,Senior,2008-01-01,2021-05-14,63.6,2024-09-01,52500.0,False,False,stale_profile
700105,4471023,Cardinal Comfort Services LLC,Residential HVAC & plumbing services,"Cincinnati, OH",Senior Service Technician,HVAC Service Technician,Field - Service,Senior,2008-03-01,2018-08-07,96.8,2024-09-01,48000.0,False,False,stale_profile
700429,4471023,Cardinal Comfort Services LLC,Residential HVAC & plumbing services,"Cincinnati, OH",Service Manager,Service Manager,Field Leadership,Manager,2014-08-01,2020-12-01,69.0,2024-09-01,,False,False,stale_profile
700042,4471023,Cardinal Comfort Services LLC,Residential HVAC & plumbing services,"Cincinnati, OH",Service Technician,Service Technician,Field - Service,Mid,2008-03-01,2018-08-07,96.8,2024-09-01,,False,False,stale_profile
700316,4471023,Cardinal Comfort Services LLC,Residential HVAC & plumbing services,"Cincinnati, OH",Staff Accountant,Accountant,Finance & Accounting,Mid,2006-09-01,2019-12-17,80.5,2024-09-01,,False,False,stale_profile
700298,4471023,Cardinal Comfort Services LLC,Residential HVAC & plumbing services,"Cincinnati, OH",Warehouse Associate,Warehouse Associate,Warehouse & Fleet,Mid,2012-04-01,2022-11-17,45.5,2024-09-01,,False,False,stale_profile
700123,4471023,Cardinal Comfort Services LLC,Residential HVAC & plumbing services,"Columbus, OH",Apprentice HVAC Technician,HVAC Service Technician,Field - Service,Entry,2009-03-01,2019-04-26,88.2,2024-09-01,,False,False,stale_profile
700217,4471023,Cardinal Comfort Services LLC,Residential HVAC & plumbing services,"Columbus, OH",Customer Service Representative,Customer Service Representative,Customer Care & Dispatch,Mid,2011-06-01,2022-06-15,50.6,2024-09-01,,False,False,stale_profile
700222,4471023,Cardinal Comfort Services LLC,Residential HVAC & plumbing services,"Columbus, OH",Customer Service Representative,Customer Service Representative,Customer Care & Dispatch,Mid,2007-08-01,2020-02-04,78.9,2024-09-01,,False,False,stale_profile
700443,4471023,Cardinal Comfort Services LLC,Residential HVAC & plumbing services,"Columbus, OH",Field Supervisor,Field Supervisor,Field Leadership,Manager,2009-02-01,2022-06-25,50.2,2024-09-01,113000.0,False,False,stale_profile
700061,4471023,Cardinal Comfort Services LLC,Residential HVAC & plumbing services,"Columbus, OH",HVAC Installer,HVAC Installer,Field - Install,Mid,2007-10-01,2018-03-07,101.8,2024-09-01,,False,False,stale_profile
700065,4471023,Cardinal Comfort Services LLC,Residential HVAC & plumbing services,"Columbus, OH",HVAC Installer,HVAC Installer,Field - Install,Mid,2012-03-01,2022-08-22,48.3,2024-09-01,55000.0,False,False,stale_profile
700001,4471023,Cardinal Comfort Services LLC,Residential HVAC & plumbing services,"Columbus, OH",HVAC Service Technician,HVAC Service Technician,Field - Service,Mid,2006-10-01,2020-04-10,76.7,2024-09-01,,False,False,stale_profile
700007,4471023,Cardinal Comfort Services LLC,Residential HVAC & plumbing services,"Columbus, OH",HVAC Service Technician,HVAC Service Technician,Field - Service,Mid,2006-09-01,2018-03-06,101.9,2024-09-01,,False,False,stale_profile
700160,4471023,Cardinal Comfort Services LLC,Residential HVAC & plumbing services,"Columbus, OH",Home Solutions Consultant,Sales Consultant,Sales,Mid,2006-05-01,2019-07-05,85.9,2024-09-01,,False,False,stale_profile
700083,4471023,Cardinal Comfort Services LLC,Residential HVAC & plumbing services,"Columbus, OH",Install Technician,HVAC Installer,Field - Install,Mid,2007-02-01,2019-08-15,84.6,2024-09-01,,False,False,stale_profile
700380,4471023,Cardinal Comfort Services LLC,Residential HVAC & plumbing services,"Columbus, OH",Marketing Coordinator,Marketing Coordinator,Marketing,Mid,2010-10-01,2018-08-01,97.0,2024-09-01,55500.0,False,False,stale_profile
700041,4471023,Cardinal Comfort Services LLC,Residential HVAC & plumbing services,"Columbus, OH",Service Technician,Service Technician,Field - Service,Mid,2006-06-01,2020-01-03,79.9,2024-09-01,61000.0,False,False,stale_profile
700039,4471023,Cardinal Comfort Services LLC,Residential HVAC & plumbing services,"Columbus, OH",Service Technician,Service Technician,Field - Service,Mid,2007-11-01,2022-08-02,49.0,2024-09-01,,False,False,stale_profile
700043,4471023,Cardinal Comfort Services LLC,Residential HVAC & plumbing services,"Columbus, OH",Service Technician,Service Technician,Field - Service,Mid,2008-03-01,2021-06-06,62.8,2024-09-01,,False,False,stale_profile
700484,4471023,Cardinal Comfort Services LLC,Residential HVAC & plumbing services,"Dayton, OH",Associate,Unclassified,Unclassified,Mid,2009-01-01,2020-05-21,75.4,2024-09-01,,False,False,stale_profile
700483,4471023,Cardinal Comfort Services LLC,Residential HVAC & plumbing services,"Dayton, OH",Associate,Unclassified,Unclassified,Mid,2006-10-01,2018-01-07,103.8,2024-09-01,,False,False,stale_profile
700281,4471023,Cardinal Comfort Services LLC,Residential HVAC & plumbing services,"Dayton, OH",Call Center Team Lead,Customer Care Supervisor,Customer Care & Dispatch,Manager,2014-07-01,2018-11-17,93.5,2024-09-01,,False,False,stale_profile
700130,4471023,Cardinal Comfort Services LLC,Residential HVAC & plumbing services,"Dayton, OH",Comfort Advisor,Sales Consultant,Sales,Mid,2014-04-01,2018-01-12,103.6,2024-09-01,,False,False,stale_profile
700290,4471023,Cardinal Comfort Services LLC,Residential HVAC & plumbing services,"Dayton, OH",Customer Experience Manager,Customer Care Manager,Customer Care & Dispatch,Manager,2011-04-01,2022-12-07,44.8,2024-09-01,38500.0,False,False,stale_profile
700220,4471023,Cardinal Comfort Services LLC,Residential HVAC & plumbing services,"Dayton, OH",Customer Service Representative,Customer Service Representative,Customer Care & Dispatch,Mid,2012-04-01,2022-07-22,49.3,2024-09-01,,False,False,stale_profile
700062,4471023,Cardinal Comfort Services LLC,Residential HVAC & plumbing services,"Dayton, OH",HVAC Installer,HVAC Installer,Field - Install,Mid,2012-05-01,2019-09-21,83.3,2024-09-01,,False,False,stale_profile
700003,4471023,Cardinal Comfort Services LLC,Residential HVAC & plumbing services,"Dayton, OH",HVAC Service Technician,HVAC Service Technician,Field - Service,Mid,2012-07-01,2022-03-07,53.8,2024-09-01,,False,False,stale_profile
700094,4471023,Cardinal Comfort Services LLC,Residential HVAC & plumbing services,"Dayton, OH",Plumber,Plumbing Service Technician,Field - Service,Mid,2007-12-01,2022-09-22,47.3,2024-09-01,,False,False,stale_profile
700093,4471023,Cardinal Comfort Services LLC,Residential HVAC & plumbing services,"Dayton, OH",Plumber,Plumbing Service Technician,Field - Service,Mid,2008-11-01,2019-07-20,85.4,2024-09-01,60000.0,False,False,stale_profile
700040,4471023,Cardinal Comfort Services LLC,Residential HVAC & plumbing services,"Dayton, OH",Service Technician,Service Technician,Field - Service,Mid,2007-09-01,2022-07-22,49.3,2024-09-01,51000.0,False,False,stale_profile
700370,4471023,Cardinal Comfort Services LLC,Residential HVAC & plumbing services,"Dayton, OH",Systems Administrator,Systems Administrator,IT,Mid,2006-04-01,2019-01-16,91.5,2024-09-01,92500.0,False,False,stale_profile
700299,4471023,Cardinal Comfort Services LLC,Residential HVAC & plumbing services,"Dayton, OH",Warehouse Associate,Warehouse Associate,Warehouse & Fleet,Mid,2013-12-01,2018-08-02,97.0,2024-09-01,,False,False,stale_profile
700330,4471023,Cardinal Comfort Services LLC,Residential HVAC & plumbing services,"Florence, KY",Accounts Payable Specialist,AP/AR Specialist,Finance & Accounting,Mid,2007-03-01,2018-11-27,93.1,2024-09-01,,False,False,stale_profile
700121,4471023,Cardinal Comfort Services LLC,Residential HVAC & plumbing services,"Florence, KY",Apprentice HVAC Technician,HVAC Service Technician,Field - Service,Entry,2007-09-01,2019-06-14,86.6,2024-09-01,59500.0,False,False,stale_profile
700129,4471023,Cardinal Comfort Services LLC,Residential HVAC & plumbing services,"Florence, KY",Comfort Advisor,Sales Consultant,Sales,Mid,2009-09-01,2018-06-01,99.0,2024-09-01,,False,False,stale_profile
700228,4471023,Cardinal Comfort Services LLC,Residential HVAC & plumbing services,"Florence, KY",Customer Service Representative,Customer Service Representative,Customer Care & Dispatch,Mid,2007-10-01,2019-03-07,89.8,2024-09-01,,False,False,stale_profile
700401,4471023,Cardinal Comfort Services LLC,Residential HVAC & plumbing services,"Florence, KY",Director of Operations,Operations Director,Executive & Corporate,Director,2008-01-01,2021-06-22,62.3,2024-09-01,88500.0,False,False,stale_profile
700259,4471023,Cardinal Comfort Services LLC,Residential HVAC & plumbing services,"Florence, KY",Dispatcher,Dispatcher,Customer Care & Dispatch,Mid,2011-09-01,2021-03-07,65.8,2024-09-01,44000.0,False,False,stale_profile
700060,4471023,Cardinal Comfort Services LLC,Residential HVAC & plumbing services,"Florence, KY",HVAC Installer,HVAC Installer,Field - Install,Mid,2014-04-01,2019-10-17,82.5,2024-09-01,,False,False,stale_profile
700395,4471023,Cardinal Comfort Services LLC,Residential HVAC & plumbing services,"Florence, KY",Marketing Manager,Marketing Manager,Marketing,Manager,2011-09-01,2018-10-19,94.4,2024-09-01,,False,False,stale_profile
700307,4471023,Cardinal Comfort Services LLC,Residential HVAC & plumbing services,"Florence, KY",Parts Runner,Warehouse Associate,Warehouse & Fleet,Mid,2006-06-01,2020-11-19,69.4,2024-09-01,38000.0,False,False,stale_profile
700200,4471023,Cardinal Comfort Services LLC,Residential HVAC & plumbing services,"Florence, KY",Sales Manager,Sales Manager,Sales,Manager,2013-06-01,2022-05-21,51.4,2024-09-01,51000.0,False,False,stale_profile
700472,4471023,Cardinal Comfort Services LLC,Residential HVAC & plumbing services,"Florence, KY",Team Member,Unclassified,Unclassified,Mid,2012-10-01,2020-04-17,76.5,2024-09-01,42500.0,False,False,stale_profile
700408,4471023,Cardinal Comfort Services LLC,Residential HVAC & plumbing services,"Lexington, KY",Branch Manager,Branch Manager,Executive & Corporate,Manager,2013-04-01,2018-12-10,92.7,2024-09-01,102000.0,False,False,stale_profile
700289,4471023,Cardinal Comfort Services LLC,Residential HVAC & plumbing services,"Lexington, KY",Customer Experience Manager,Customer Care Manager,Customer Care & Dispatch,Manager,2006-08-01,2018-11-21,93.3,2024-09-01,,False,False,stale_profile
700261,4471023,Cardinal Comfort Services LLC,Residential HVAC & plumbing services,"Lexington, KY",Dispatcher,Dispatcher,Customer Care & Dispatch,Mid,2009-10-01,2019-06-18,86.5,2024-09-01,,False,False,stale_profile
700348,4471023,Cardinal Comfort Services LLC,Residential HVAC & plumbing services,"Lexington, KY",HR Generalist,HR Business Partner,HR,Mid,2007-06-01,2021-07-02,62.0,2024-09-01,,False,False,stale_profile
700059,4471023,Cardinal Comfort Services LLC,Residential HVAC & plumbing services,"Lexington, KY",HVAC Installer,HVAC Installer,Field - Install,Mid,2006-02-01,2019-08-12,84.7,2024-09-01,,False,False,stale_profile
700066,4471023,Cardinal Comfort Services LLC,Residential HVAC & plumbing services,"Lexington, KY",HVAC Installer,HVAC Installer,Field - Install,Mid,2013-04-01,2018-07-02,98.0,2024-09-01,,False,False,stale_profile
700437,4471023,Cardinal Comfort Services LLC,Residential HVAC & plumbing services,"Lexington, KY",Install Manager,Install Manager,Field Leadership,Manager,2009-04-01,2019-04-19,88.4,2024-09-01,,False,False,stale_profile
700044,4471023,Cardinal Comfort Services LLC,Residential HVAC & plumbing services,"Lexington, KY",Service Technician,Service Technician,Field - Service,Mid,2009-11-01,2020-08-13,72.6,2024-09-01,,False,False,stale_profile
700473,4471023,Cardinal Comfort Services LLC,Residential HVAC & plumbing services,"Lexington, KY",Team Member,Unclassified,Unclassified,Mid,2006-05-01,2019-07-08,85.8,2024-09-01,,False,False,stale_profile
700120,4471023,Cardinal Comfort Services LLC,Residential HVAC & plumbing services,"Louisville, KY",Apprentice HVAC Technician,HVAC Service Technician,Field - Service,Entry,2007-05-01,2019-12-26,80.2,2024-09-01,,False,False,stale_profile
700127,4471023,Cardinal Comfort Services LLC,Residential HVAC & plumbing services,"Louisville, KY",Comfort Advisor,Sales Consultant,Sales,Mid,2011-11-01,2019-08-22,84.3,2024-09-01,,False,False,stale_profile
700221,4471023,Cardinal Comfort Services LLC,Residential HVAC & plumbing services,"Louisville, KY",Customer Service Representative,Customer Service Representative,Customer Care & Dispatch,Mid,2006-07-01,2022-10-04,46.9,2024-09-01,37000.0,False,False,stale_profile
700265,4471023,Cardinal Comfort Services LLC,Residential HVAC & plumbing services,"Louisville, KY",Dispatcher,Dispatcher,Customer Care & Dispatch,Mid,2011-03-01,2020-04-20,76.4,2024-09-01,,False,False,stale_profile
700258,4471023,Cardinal Comfort Services LLC,Residential HVAC & plumbing services,"Louisville, KY",Dispatcher,Dispatcher,Customer Care & Dispatch,Mid,2007-04-01,2022-12-04,44.9,2024-09-01,,False,False,stale_profile
700004,4471023,Cardinal Comfort Services LLC,Residential HVAC & plumbing services,"Louisville, KY",HVAC Service Technician,HVAC Service Technician,Field - Service,Mid,2007-05-01,2020-02-19,78.4,2024-09-01,58000.0,False,False,stale_profile
700491,4471023,Cardinal Comfort Services LLC,Residential HVAC & plumbing services,"Louisville, KY",Intern,Unclassified,Unclassified,Entry,2012-10-01,2018-11-13,93.6,2024-09-01,,False,False,stale_profile
700470,4471023,Cardinal Comfort Services LLC,Residential HVAC & plumbing services,"Louisville, KY",Owner,Chief Executive Officer,Executive & Corporate,Executive,2009-02-01,2020-05-27,75.2,2024-09-01,225000.0,False,False,stale_profile
700355,4471023,Cardinal Comfort Services LLC,Residential HVAC & plumbing services,"Louisville, KY",Recruiter,Recruiter,HR,Mid,2011-04-01,2021-12-16,56.5,2024-09-01,67500.0,False,False,stale_profile
700471,4471023,Cardinal Comfort Services LLC,Residential HVAC & plumbing services,"Louisville, KY",Team Member,Unclassified,Unclassified,Mid,2010-03-01,2022-10-09,46.7,2024-09-01,,False,False,stale_profile
700296,4471023,Cardinal Comfort Services LLC,Residential HVAC & plumbing services,"Louisville, KY",Warehouse Associate,Warehouse Associate,Warehouse & Fleet,Mid,2010-11-01,2020-12-19,68.4,2024-09-01,44000.0,False,False,stale_profile
700131,4471023,Cardinal Comfort Services LLC,Residential HVAC & plumbing services,"Mason, OH",Comfort Advisor,Sales Consultant,Sales,Mid,2006-01-01,2022-06-26,50.2,2024-09-01,,False,False,stale_profile
700262,4471023,Cardinal Comfort Services LLC,Residential HVAC & plumbing services,"Mason, OH",Dispatcher,Dispatcher,Customer Care & Dispatch,Mid,2010-03-01,2021-04-25,64.2,2024-09-01,,False,False,stale_profile
700002,4471023,Cardinal Comfort Services LLC,Residential HVAC & plumbing services,"Mason, OH",HVAC Service Technician,HVAC Service Technician,Field - Service,Mid,2013-07-01,2020-12-03,68.9,2024-09-01,,False,False,stale_profile
700005,4471023,Cardinal Comfort Services LLC,Residential HVAC & plumbing services,"Mason, OH",HVAC Service Technician,HVAC Service Technician,Field - Service,Mid,2010-11-01,2018-06-09,98.8,2024-09-01,,False,False,stale_profile
700163,4471023,Cardinal Comfort Services LLC,Residential HVAC & plumbing services,"Mason, OH",Home Solutions Consultant,Sales Consultant,Sales,Mid,2006-09-01,2020-02-11,78.6,2024-09-01,,False,False,stale_profile
700209,4471023,Cardinal Comfort Services LLC,Residential HVAC & plumbing services,"Mason, OH",Inside Sales Representative,Inside Sales Representative,Sales,Mid,2013-05-01,2018-11-09,93.7,2024-09-01,,False,False,stale_profile
700297,4471023,Cardinal Comfort Services LLC,Residential HVAC & plumbing services,"Mason, OH",Warehouse Associate,Warehouse Associate,Warehouse & Fleet,Mid,2010-10-01,2019-02-01,91.0,2024-09-01,,False,False,stale_profile
700328,6120887,Cardinal Heating & Air Inc.,Residential HVAC services,"Florence, KY",Accounts Payable Specialist,AP/AR Specialist,Finance & Accounting,Mid,2011-01-01,2018-09-24,95.2,2024-09-01,,False,False,stale_profile
700126,6120887,Cardinal Heating & Air Inc.,Residential HVAC services,"Florence, KY",Comfort Advisor,Sales Consultant,Sales,Mid,2014-10-01,2022-12-10,44.7,2024-09-01,56500.0,False,False,stale_profile
700226,6120887,Cardinal Heating & Air Inc.,Residential HVAC services,"Florence, KY",Customer Service Representative,Customer Service Representative,Customer Care & Dispatch,Mid,2012-09-01,2019-07-12,85.7,2024-09-01,,False,False,stale_profile
700162,6120887,Cardinal Heating & Air Inc.,Residential HVAC services,"Florence, KY",Home Solutions Consultant,Sales Consultant,Sales,Mid,2010-05-01,2022-08-13,48.6,2024-09-01,,False,False,stale_profile
700085,6120887,Cardinal Heating & Air Inc.,Residential HVAC services,"Florence, KY",Install Technician,HVAC Installer,Field - Install,Mid,2012-05-01,2019-03-08,89.8,2024-09-01,,False,False,stale_profile
700379,6120887,Cardinal Heating & Air Inc.,Residential HVAC services,"Florence, KY",Marketing Coordinator,Marketing Coordinator,Marketing,Mid,2006-05-01,2018-12-26,92.2,2024-09-01,,False,False,stale_profile
700183,6120887,Cardinal Heating & Air Inc.,Residential HVAC services,"Florence, KY",Residential Sales Consultant,Sales Consultant,Sales,Mid,2008-07-01,2020-08-13,72.6,2024-09-01,,False,False,stale_profile
700218,6120887,Cardinal Heating & Air Inc.,Residential HVAC services,"Lexington, KY",Customer Service Representative,Customer Service Representative,Customer Care & Dispatch,Mid,2007-03-01,2020-10-21,70.3,2024-09-01,,False,False,stale_profile
700378,6120887,Cardinal Heating & Air Inc.,Residential HVAC services,"Lexington, KY",Marketing Coordinator,Marketing Coordinator,Marketing,Mid,2009-02-01,2020-05-26,75.2,2024-09-01,,False,False,stale_profile
700341,6120887,Cardinal Heating & Air Inc.,Residential HVAC services,"Lexington, KY",Payroll Administrator,Payroll Specialist,Finance & Accounting,Mid,2011-11-01,2019-11-10,81.7,2024-09-01,,False,False,stale_profile
700486,6120887,Cardinal Heating & Air Inc.,Residential HVAC services,"Louisville, KY",Associate,Unclassified,Unclassified,Mid,2014-09-01,2020-06-18,74.4,2024-09-01,,False,False,stale_profile
700216,6120887,Cardinal Heating & Air Inc.,Residential HVAC services,"Louisville, KY",Customer Service Representative,Customer Service Representative,Customer Care & Dispatch,Mid,2011-01-01,2019-04-17,88.5,2024-09-01,,False,False,stale_profile
700260,6120887,Cardinal Heating & Air Inc.,Residential HVAC services,"Louisville, KY",Dispatcher,Dispatcher,Customer Care & Dispatch,Mid,2012-12-01,2021-08-04,60.9,2024-09-01,,False,False,stale_profile
700264,6120887,Cardinal Heating & Air Inc.,Residential HVAC services,"Louisville, KY",Dispatcher,Dispatcher,Customer Care & Dispatch,Mid,2011-06-01,2020-11-23,69.3,2024-09-01,,False,False,stale_profile
700349,6120887,Cardinal Heating & Air Inc.,Residential HVAC services,"Louisville, KY",HR Generalist,HR Business Partner,HR,Mid,2010-09-01,2018-08-12,96.6,2024-09-01,,False,False,stale_profile
700006,6120887,Cardinal Heating & Air Inc.,Residential HVAC services,"Louisville, KY",HVAC Service Technician,HVAC Service Technician,Field - Service,Mid,2011-11-01,2022-11-25,45.2,2024-09-01,,False,False,stale_profile
700008,6120887,Cardinal Heating & Air Inc.,Residential HVAC services,"Louisville, KY",HVAC Service Technician,HVAC Service Technician,Field - Service,Mid,2008-02-01,2019-01-08,91.8,2024-09-01,,False,False,stale_profile
700084,6120887,Cardinal Heating & Air Inc.,Residential HVAC services,"Louisville, KY",Install Technician,HVAC Installer,Field - Install,Mid,2011-07-01,2018-07-27,97.2,2024-09-01,,False,False,stale_profile
700114,6120887,Cardinal Heating & Air Inc.,Residential HVAC services,"Louisville, KY",Lead Installer,HVAC Installer,Field - Install,Senior,2012-02-01,2019-11-19,81.4,2024-09-01,,False,False,stale_profile
700096,6120887,Cardinal Heating & Air Inc.,Residential HVAC services,"Louisville, KY",Plumber,Plumbing Service Technician,Field - Service,Mid,2013-02-01,2021-12-26,56.2,2024-09-01,,False,False,stale_profile
700318,6120887,Cardinal Heating & Air Inc.,Residential HVAC services,"Louisville, KY",Staff Accountant,Accountant,Finance & Accounting,Mid,2010-10-01,2019-01-07,91.8,2024-09-01,,False,False,stale_profile
700317,6120887,Cardinal Heating & Air Inc.,Residential HVAC services,"Louisville, KY",Staff Accountant,Accountant,Finance & Accounting,Mid,2011-07-01,2021-07-22,61.3,2024-09-01,,False,False,stale_profile
700499,4471023,Cardinal Comfort Services LLC,Residential HVAC & plumbing services,"Cincinnati, OH",Consultant,Unclassified,Unclassified,Mid,2021-03-14,2025-12-16,8.5,2024-09-01,50000.0,True,False,unresolvable_title
700500,4471023,Cardinal Comfort Services LLC,Residential HVAC & plumbing services,"Cincinnati, OH",Consultant,Unclassified,Unclassified,Mid,2022-07-11,2024-12-22,20.3,2024-09-01,,True,False,unresolvable_title
700476,4471023,Cardinal Comfort Services LLC,Residential HVAC & plumbing services,"Cincinnati, OH",Team Member,Unclassified,Unclassified,Mid,2015-08-20,2024-12-17,20.5,2024-09-01,35000.0,True,False,unresolvable_title
700474,4471023,Cardinal Comfort Services LLC,Residential HVAC & plumbing services,"Cincinnati, OH",Team Member,Unclassified,Unclassified,Mid,2023-09-02,2026-01-06,7.8,2024-09-01,,True,False,unresolvable_title
700477,4471023,Cardinal Comfort Services LLC,Residential HVAC & plumbing services,"Cincinnati, OH",Team Member,Unclassified,Unclassified,Mid,2023-05-12,2025-12-29,8.1,2024-09-01,48500.0,True,False,unresolvable_title
700479,4471023,Cardinal Comfort Services LLC,Residential HVAC & plumbing services,"Cincinnati, OH",Team Member,Unclassified,Unclassified,Entry,2024-08-01,2025-09-23,11.3,2024-09-01,36500.0,True,False,unresolvable_title
700501,4471023,Cardinal Comfort Services LLC,Residential HVAC & plumbing services,"Columbus, OH",Consultant,Unclassified,Unclassified,Mid,2013-06-22,2025-06-26,14.2,2024-09-01,43000.0,True,False,unresolvable_title
700502,4471023,Cardinal Comfort Services LLC,Residential HVAC & plumbing services,"Dayton, OH",Consultant,Unclassified,Unclassified,Entry,2024-11-06,2026-08-05,0.9,2024-09-01,,True,False,unresolvable_title
700497,4471023,Cardinal Comfort Services LLC,Residential HVAC & plumbing services,"Dayton, OH",Intern,Unclassified,Unclassified,Entry,2025-02-05,2026-02-11,6.6,2024-09-01,,True,False,unresolvable_title
700493,4471023,Cardinal Comfort Services LLC,Residential HVAC & plumbing services,"Dayton, OH",Intern,Unclassified,Unclassified,Entry,2025-07-30,2026-08-27,0.2,2024-09-01,,True,False,unresolvable_title
700494,4471023,Cardinal Comfort Services LLC,Residential HVAC & plumbing services,"Dayton, OH",Intern,Unclassified,Unclassified,Entry,2021-11-11,2025-01-20,19.3,2024-09-01,,True,False,unresolvable_title
700478,4471023,Cardinal Comfort Services LLC,Residential HVAC & plumbing services,"Dayton, OH",Team Member,Unclassified,Unclassified,Mid,2018-07-21,2025-09-22,11.3,2024-09-01,,True,False,unresolvable_title
700481,4471023,Cardinal Comfort Services LLC,Residential HVAC & plumbing services,"Florence, KY",Team Member,Unclassified,Unclassified,Entry,2025-12-24,2025-12-24,8.2,2024-09-01,,True,False,unresolvable_title
700490,4471023,Cardinal Comfort Services LLC,Residential HVAC & plumbing services,"Lexington, KY",Associate,Unclassified,Unclassified,Entry,2025-08-05,2025-11-01,10.0,2024-09-01,,True,False,unresolvable_title
700488,4471023,Cardinal Comfort Services LLC,Residential HVAC & plumbing services,"Louisville, KY",Associate,Unclassified,Unclassified,Entry,2025-11-25,2026-07-15,1.6,2024-09-01,,True,False,unresolvable_title
700487,4471023,Cardinal Comfort Services LLC,Residential HVAC & plumbing services,"Louisville, KY",Associate,Unclassified,Unclassified,Entry,2024-03-16,2026-07-24,1.3,2024-09-01,,True,False,unresolvable_title
700482,4471023,Cardinal Comfort Services LLC,Residential HVAC & plumbing services,"Louisville, KY",Team Member,Unclassified,Unclassified,Mid,2020-10-23,2025-01-21,19.3,2024-09-01,,True,False,unresolvable_title
700489,4471023,Cardinal Comfort Services LLC,Residential HVAC & plumbing services,"Mason, OH",Associate,Unclassified,Unclassified,Entry,2025-10-08,2026-02-28,6.1,2024-09-01,46500.0,True,False,unresolvable_title
700475,6120887,Cardinal Heating & Air Inc.,Residential HVAC services,"Lexington, KY",Team Member,Unclassified,Unclassified,Mid,2021-03-03,2026-04-26,4.2,2024-09-01,,True,False,unresolvable_title
700496,6120887,Cardinal Heating & Air Inc.,Residential HVAC services,"Louisville, KY",Intern,Unclassified,Unclassified,Entry,2020-12-03,2024-12-13,20.6,2024-09-01,,True,False,unresolvable_title
700495,6120887,Cardinal Heating & Air Inc.,Residential HVAC services,"Louisville, KY",Intern,Unclassified,Unclassified,Entry,2016-06-16,2025-08-13,12.6,2024-09-01,,True,False,unresolvable_title
700480,6120887,Cardinal Heating & Air Inc.,Residential HVAC services,"Louisville, KY",Team Member,Unclassified,Unclassified,Mid,2023-11-15,2025-10-27,10.2,2024-09-01,47500.0,True,False,unresolvable_title
