employee_id,opco,pnl_department,raw_department,standardized_role,role_level,role_with_level,role_family,raw_job_title,worker_class,employee_type,work_state,hire_date,tenure_years,fte,scheduled_weekly_hours,pay_basis_resolved,pay_rate,annual_base,hourly_base_rate,overtime_cost,variable_comp_cost,bonus_cost,payroll_tax_cost,benefits_cost,fully_loaded_annual_cost,fully_loaded_hourly_cost,load_factor_applied,data_quality_flag
BAY-10431,Bayside Mechanical,Customer Care & Dispatch,Customer Care,Customer Care Manager,NA,Customer Care Manager,Customer Care & Dispatch,Customer Care Manager,Employee,,FL,2024-07-24,2.1,1.0,40.0,Annual,71000.0,71000.0,34.13,2839.92,0.0,1423.7,6050.82,5063.95,86378.39,41.53,1.2166,clean
BAY-10432,Bayside Mechanical,Customer Care & Dispatch,Customer Care,Customer Care Manager,NA,Customer Care Manager,Customer Care & Dispatch,Customer Care Manager,Employee,Regular,FL,2020-12-08,5.73,1.0,40.0,Annual,77500.0,77500.0,37.26,3099.92,0.0,1554.04,6604.77,5063.95,93822.68,45.11,1.2106,clean
GLC-10342,Great Lakes Comfort Systems,Customer Care & Dispatch,Customer Care,Customer Care Manager,NA,Customer Care Manager,Customer Care & Dispatch,Customer Care Manager,Employee,,MI,2026-04-13,0.38,1.0,40.0,Annual,80500.0,80500.0,38.7,3219.91,0.0,1614.2,6860.44,5063.95,97258.5,46.76,1.2082,clean
GLC-10343,Great Lakes Comfort Systems,Customer Care & Dispatch,Customer Care,Customer Care Manager,NA,Customer Care Manager,Customer Care & Dispatch,Customer Care Manager,Employee,,MI,2024-10-31,1.83,1.0,40.0,Annual,82500.0,82500.0,39.66,3299.91,0.0,1654.3,7030.88,5063.95,99549.04,47.86,1.2067,clean
GLC-10344,Great Lakes Comfort Systems,Customer Care & Dispatch,Customer Care,Customer Care Manager,NA,Customer Care Manager,Customer Care & Dispatch,Customer Care Manager,Employee,Full-Time,MI,2025-04-09,1.39,1.0,40.0,Annual,83000.0,83000.0,39.9,3319.91,0.0,1664.33,7073.49,5063.95,100121.68,48.14,1.2063,clean
GLC-10345,Great Lakes Comfort Systems,Customer Care & Dispatch,Customer Care,Customer Care Manager,NA,Customer Care Manager,Customer Care & Dispatch,Customer Care Manager,Employee,Full-Time,MI,2023-01-15,3.62,1.0,40.0,Annual,72500.0,72500.0,34.86,2899.92,0.0,1453.78,6178.65,5063.95,88096.3,42.35,1.2151,clean
PIN-10379,Pinnacle Plumbing & Drain,Customer Care & Dispatch,Call Center,Customer Care Manager,NA,Customer Care Manager,Customer Care & Dispatch,Customer Care Manager,Employee,FT,TX,2025-08-14,1.05,1.0,40.0,Annual,72000.0,72000.0,34.62,2879.92,0.0,1443.76,6136.04,5063.95,87523.67,42.08,1.2156,hours_defaulted;pay_basis_imputed
PIN-10380,Pinnacle Plumbing & Drain,Customer Care & Dispatch,Call Center,Customer Care Manager,NA,Customer Care Manager,Customer Care & Dispatch,Customer Care Manager,Employee,Regular,TX,2022-05-17,4.29,1.0,40.0,Annual,83500.0,83500.0,40.14,3339.91,0.0,1674.36,7116.11,5063.95,100694.33,48.41,1.2059,hours_defaulted;pay_basis_imputed
PIN-10381,Pinnacle Plumbing & Drain,Customer Care & Dispatch,Call Center,Customer Care Manager,NA,Customer Care Manager,Customer Care & Dispatch,Customer Care Manager,Employee,Regular,TX,2021-04-26,5.35,1.0,40.0,Annual,82500.0,82500.0,39.66,3299.91,0.0,1654.3,7030.88,5063.95,99549.04,47.86,1.2067,hours_defaulted;pay_basis_imputed
BAY-10425,Bayside Mechanical,Customer Care & Dispatch,Customer Care,Customer Care Supervisor,NA,Customer Care Supervisor,Customer Care & Dispatch,Call Center Supervisor,Employee,Regular,FL,2026-02-06,0.56,1.0,40.0,Annual,56000.0,56000.0,26.92,2239.94,0.0,1122.92,4772.48,5063.95,69199.29,33.27,1.2357,clean
BAY-10426,Bayside Mechanical,Customer Care & Dispatch,Customer Care,Customer Care Supervisor,NA,Customer Care Supervisor,Customer Care & Dispatch,Call Center Supervisor,Employee,,FL,2023-10-11,2.89,1.0,40.0,Annual,63500.0,63500.0,30.53,2539.93,0.0,1273.31,5411.65,5063.95,77788.84,37.4,1.225,clean
BAY-10427,Bayside Mechanical,Customer Care & Dispatch,Customer Care,Customer Care Supervisor,NA,Customer Care Supervisor,Customer Care & Dispatch,Call Center Supervisor,Employee,Regular,FL,2026-05-17,0.29,1.0,40.0,Annual,59500.0,59500.0,28.61,2379.94,0.0,1193.1,5070.76,5063.95,73207.75,35.2,1.2304,clean
BAY-10428,Bayside Mechanical,Customer Care & Dispatch,Customer Care,Customer Care Supervisor,NA,Customer Care Supervisor,Customer Care & Dispatch,Call Center Supervisor,Employee,Regular,FL,2022-06-29,4.17,1.0,40.0,Annual,62500.0,62500.0,30.05,2499.93,0.0,1253.26,5326.43,5063.95,76643.57,36.85,1.2263,clean
BAY-10429,Bayside Mechanical,Customer Care & Dispatch,Customer Care,Customer Care Supervisor,NA,Customer Care Supervisor,Customer Care & Dispatch,Call Center Supervisor,Employee,,FL,2021-10-28,4.84,1.0,40.0,Annual,57500.0,57500.0,27.64,2299.94,0.0,1153.0,4900.31,5063.95,70917.2,34.09,1.2333,on_leave
BAY-10430,Bayside Mechanical,Customer Care & Dispatch,Customer Care,Customer Care Supervisor,NA,Customer Care Supervisor,Customer Care & Dispatch,Call Center Supervisor,Employee,Regular,FL,2021-07-22,5.11,1.0,40.0,Annual,59000.0,59000.0,28.37,2359.94,0.0,1183.08,5028.15,5063.95,72635.12,34.92,1.2311,clean
GLC-10337,Great Lakes Comfort Systems,Customer Care & Dispatch,Customer Care,Customer Care Supervisor,NA,Customer Care Supervisor,Customer Care & Dispatch,Call Center Supervisor,Employee,Regular,MI,2026-05-01,0.33,1.0,40.0,Annual,62000.0,62000.0,29.81,2479.93,0.0,1243.23,5283.81,5063.95,76070.92,36.57,1.227,clean
GLC-10338,Great Lakes Comfort Systems,Customer Care & Dispatch,Customer Care,Customer Care Supervisor,NA,Customer Care Supervisor,Customer Care & Dispatch,Call Center Supervisor,Employee,Regular,MI,2023-10-31,2.83,1.0,40.0,Annual,61000.0,61000.0,29.33,2439.94,0.0,1223.18,5198.59,5063.95,74925.66,36.02,1.2283,clean
GLC-10339,Great Lakes Comfort Systems,Customer Care & Dispatch,Customer Care,Customer Care Supervisor,NA,Customer Care Supervisor,Customer Care & Dispatch,Call Center Supervisor,Employee,Regular,MI,2024-09-30,1.92,1.0,40.0,Annual,59000.0,59000.0,28.37,2359.94,0.0,1183.08,5028.15,5063.95,72635.12,34.92,1.2311,clean
GLC-10340,Great Lakes Comfort Systems,Customer Care & Dispatch,Customer Care,Customer Care Supervisor,NA,Customer Care Supervisor,Customer Care & Dispatch,Call Center Supervisor,Employee,,MI,2025-03-28,1.43,1.0,40.0,Annual,56500.0,56500.0,27.16,2259.94,0.0,1132.95,4815.09,5063.95,69771.93,33.54,1.2349,clean
GLC-10341,Great Lakes Comfort Systems,Customer Care & Dispatch,Customer Care,Customer Care Supervisor,NA,Customer Care Supervisor,Customer Care & Dispatch,Call Center Supervisor,Employee,Regular,MI,2024-03-29,2.42,1.0,40.0,Annual,55500.0,55500.0,26.68,2219.94,0.0,1112.9,4729.87,5063.95,68626.66,32.99,1.2365,clean
PIN-10374,Pinnacle Plumbing & Drain,Customer Care & Dispatch,Call Center,Customer Care Supervisor,NA,Customer Care Supervisor,Customer Care & Dispatch,Call Center Supervisor,Employee,Regular,TX,2025-07-29,1.09,1.0,40.0,Annual,57000.0,57000.0,27.4,2279.94,0.0,1142.97,4857.7,5063.95,70344.56,33.82,1.2341,hours_defaulted;pay_basis_imputed
PIN-10375,Pinnacle Plumbing & Drain,Customer Care & Dispatch,Call Center,Customer Care Supervisor,NA,Customer Care Supervisor,Customer Care & Dispatch,Call Center Supervisor,Employee,Regular,TX,2023-11-02,2.83,1.0,40.0,Annual,58000.0,58000.0,27.88,2319.94,0.0,1163.03,4942.92,5063.95,71489.84,34.37,1.2326,hours_defaulted;pay_basis_imputed
PIN-10376,Pinnacle Plumbing & Drain,Customer Care & Dispatch,Call Center,Customer Care Supervisor,NA,Customer Care Supervisor,Customer Care & Dispatch,Call Center Supervisor,Employee,Full-Time,TX,2018-12-12,7.72,1.0,40.0,Annual,56500.0,56500.0,27.16,2259.94,0.0,1132.95,4815.09,5063.95,69771.93,33.54,1.2349,hours_defaulted;pay_basis_imputed
PIN-10377,Pinnacle Plumbing & Drain,Customer Care & Dispatch,Call Center,Customer Care Supervisor,NA,Customer Care Supervisor,Customer Care & Dispatch,Call Center Supervisor,Employee,Regular,TX,2021-09-25,4.93,1.0,40.0,Annual,60500.0,60500.0,29.09,2419.94,0.0,1213.16,5155.98,5063.95,74353.03,35.75,1.229,hours_defaulted;pay_basis_imputed
PIN-10378,Pinnacle Plumbing & Drain,Customer Care & Dispatch,Call Center,Customer Care Supervisor,NA,Customer Care Supervisor,Customer Care & Dispatch,Call Center Supervisor,Employee,Regular,TX,2024-12-08,1.73,1.0,40.0,Annual,60500.0,60500.0,29.09,2419.94,0.0,1213.16,5155.98,5063.95,74353.03,35.75,1.229,hours_defaulted;pay_basis_imputed
BAY-10371,Bayside Mechanical,Customer Care & Dispatch,Customer Care,Customer Service Representative,Unspecified,Customer Service Representative - Unspecified,Customer Care & Dispatch,Customer Service Rep,Employee,Full-Time,FL,2026-02-10,0.55,1.0,40.0,Hourly,20.98,43638.4,20.98,1745.49,0.0,875.04,3718.99,5063.95,55041.87,26.46,1.2613,clean
BAY-10372,Bayside Mechanical,Customer Care & Dispatch,Customer Care,Customer Service Representative,Unspecified,Customer Service Representative - Unspecified,Customer Care & Dispatch,Customer Service Rep,Employee,Full-Time,FL,2020-01-16,6.62,1.0,40.0,Hourly,20.09,41787.2,20.09,1671.44,0.0,837.92,3561.22,5063.95,52921.73,25.44,1.2665,clean
BAY-10373,Bayside Mechanical,Customer Care & Dispatch,Customer Care,Customer Service Representative,Unspecified,Customer Service Representative - Unspecified,Customer Care & Dispatch,Customer Service Rep,Employee,,FL,2024-09-14,1.96,1.0,40.0,Hourly,16.87,35089.6,16.87,1403.55,0.0,703.62,2990.43,5063.95,45251.15,21.76,1.2896,clean
BAY-10374,Bayside Mechanical,Customer Care & Dispatch,Customer Care,Customer Service Representative,Unspecified,Customer Service Representative - Unspecified,Customer Care & Dispatch,Customer Service Rep,Employee,FT,FL,2025-07-24,1.1,1.0,40.0,Hourly,19.07,39665.6,19.07,1586.58,0.0,795.38,3380.41,5063.95,50491.92,24.27,1.2729,clean
BAY-10375,Bayside Mechanical,Customer Care & Dispatch,Customer Care,Customer Service Representative,Unspecified,Customer Service Representative - Unspecified,Customer Care & Dispatch,Customer Service Rep,Employee,Regular,FL,2024-12-11,1.72,1.0,40.0,Hourly,17.35,36088.0,17.35,1443.48,0.0,723.64,3075.52,5063.95,46394.59,22.31,1.2856,clean
BAY-10376,Bayside Mechanical,Customer Care & Dispatch,Customer Care,Customer Service Representative,Unspecified,Customer Service Representative - Unspecified,Customer Care & Dispatch,Customer Service Rep,Employee,FT,FL,2021-07-12,5.14,0.6,24.0,Hourly,19.32,24111.36,19.32,964.43,0.0,483.48,2054.84,3038.37,30652.48,24.56,1.2713,clean
BAY-10377,Bayside Mechanical,Customer Care & Dispatch,Customer Care,Customer Service Representative,Unspecified,Customer Service Representative - Unspecified,Customer Care & Dispatch,Customer Service Rep,Employee,Full-Time,FL,2021-06-17,5.2,1.0,40.0,Hourly,17.74,36899.2,17.74,1475.93,0.0,739.91,3144.65,5063.95,47323.64,22.75,1.2825,clean
BAY-10378,Bayside Mechanical,Customer Care & Dispatch,Customer Care,Customer Service Representative,Unspecified,Customer Service Representative - Unspecified,Customer Care & Dispatch,Customer Service Rep,Employee,Regular,FL,2021-03-28,5.43,0.725,29.0,Hourly,20.18,30431.44,20.18,1217.23,0.0,610.22,2593.45,3671.36,38523.7,25.55,1.2659,clean
BAY-10379,Bayside Mechanical,Customer Care & Dispatch,Customer Care,Customer Service Representative,Unspecified,Customer Service Representative - Unspecified,Customer Care & Dispatch,Customer Service Rep,Employee,FT,FL,2025-01-01,1.66,1.0,40.0,Hourly,18.3,38064.0,18.3,1522.52,0.0,763.27,3243.92,5063.95,48657.66,23.39,1.2783,clean
BAY-10380,Bayside Mechanical,Customer Care & Dispatch,Customer Care,Customer Service Representative,Unspecified,Customer Service Representative - Unspecified,Customer Care & Dispatch,Customer Service Rep,Employee,Full-Time,FL,2024-07-30,2.09,0.6,24.0,Hourly,20.36,25409.28,20.36,1016.34,0.0,509.51,2165.45,3038.37,32138.95,25.75,1.2649,clean
BAY-10381,Bayside Mechanical,Customer Care & Dispatch,Customer Care,Customer Service Representative,Unspecified,Customer Service Representative - Unspecified,Customer Care & Dispatch,Customer Service Rep,Employee,FT,FL,2017-04-10,9.39,0.6,24.0,Hourly,20.55,25646.4,20.55,1025.83,0.0,514.27,2185.66,3038.37,32410.53,25.97,1.2637,clean
BAY-10382,Bayside Mechanical,Customer Care & Dispatch,Customer Care,Customer Service Representative,Unspecified,Customer Service Representative - Unspecified,Customer Care & Dispatch,Customer Service Rep,Employee,Regular,FL,2026-02-20,0.53,1.0,40.0,Hourly,20.95,43576.0,20.95,1742.99,0.0,873.79,3713.67,5063.95,54970.4,26.43,1.2615,clean
BAY-10383,Bayside Mechanical,Customer Care & Dispatch,Customer Care,Customer Service Representative,Unspecified,Customer Service Representative - Unspecified,Customer Care & Dispatch,Customer Service Rep,Employee,Regular,FL,2024-08-08,2.06,1.0,40.0,Hourly,17.5,36400.0,17.5,1455.96,0.0,729.9,3102.11,5063.95,46751.92,22.48,1.2844,clean
BAY-10384,Bayside Mechanical,Customer Care & Dispatch,Customer Care,Customer Service Representative,Unspecified,Customer Service Representative - Unspecified,Customer Care & Dispatch,Customer Service Rep,Employee,FT,FL,2014-01-23,12.6,1.0,40.0,Hourly,17.52,36441.6,17.52,1457.63,0.0,730.73,3105.66,5063.95,46799.57,22.5,1.2842,clean
BAY-10385,Bayside Mechanical,Customer Care & Dispatch,Customer Care,Customer Service Representative,Unspecified,Customer Service Representative - Unspecified,Customer Care & Dispatch,Customer Service Rep,Employee,FT,FL,2023-03-16,3.46,1.0,40.0,Hourly,17.88,37190.4,17.88,1487.58,0.0,745.75,3169.47,5063.95,47657.15,22.91,1.2814,clean
BAY-10386,Bayside Mechanical,Customer Care & Dispatch,Customer Care,Customer Service Representative,Unspecified,Customer Service Representative - Unspecified,Customer Care & Dispatch,Customer Service Rep,Employee,FT,FL,2024-09-25,1.93,1.0,40.0,Hourly,18.35,38168.0,18.35,1526.68,0.0,765.35,3252.78,5063.95,48776.76,23.45,1.2779,clean
BAY-10387,Bayside Mechanical,Customer Care & Dispatch,Customer Care,Customer Service Representative,Unspecified,Customer Service Representative - Unspecified,Customer Care & Dispatch,Customer Service Rep,Employee,FT,FL,2019-06-05,7.24,0.625,25.0,Hourly,19.83,25779.0,19.83,1031.13,0.0,516.92,2196.96,3164.97,32688.98,25.15,1.268,clean
BAY-10388,Bayside Mechanical,Customer Care & Dispatch,Customer Care,Customer Service Representative,Unspecified,Customer Service Representative - Unspecified,Customer Care & Dispatch,Customer Service Rep,Employee,,FL,2022-05-20,4.28,1.0,40.0,Hourly,18.1,37648.0,18.1,1505.88,0.0,754.92,3208.47,5063.95,48181.22,23.16,1.2798,clean
BAY-10389,Bayside Mechanical,Customer Care & Dispatch,Customer Care,Customer Service Representative,Unspecified,Customer Service Representative - Unspecified,Customer Care & Dispatch,Customer Service Rep,Employee,FT,FL,2021-08-13,5.05,0.7,28.0,Hourly,17.77,25873.12,17.77,1034.9,0.0,518.81,2204.98,3544.77,33176.58,22.79,1.2823,clean
BAY-10390,Bayside Mechanical,Customer Care & Dispatch,Customer Care,Customer Service Representative,Unspecified,Customer Service Representative - Unspecified,Customer Care & Dispatch,Customer Service Rep,Employee,Regular,FL,2026-05-09,0.31,0.625,25.0,Hourly,17.95,23335.0,17.95,933.38,0.0,467.92,1988.67,3164.97,29889.94,22.99,1.2809,clean
BAY-10391,Bayside Mechanical,Customer Care & Dispatch,Customer Care,Customer Service Representative,Unspecified,Customer Service Representative - Unspecified,Customer Care & Dispatch,Customer Service Rep,Employee,FT,FL,2025-08-23,1.02,0.7,28.0,Hourly,20.65,30066.4,20.65,1202.62,0.0,602.9,2562.34,3544.77,37979.03,26.08,1.2632,clean
BAY-10392,Bayside Mechanical,Customer Care & Dispatch,Customer Care,Customer Service Representative,Unspecified,Customer Service Representative - Unspecified,Customer Care & Dispatch,Customer Service Rep,Employee,,FL,2023-11-09,2.81,0.5,20.0,Hourly,17.29,17981.6,17.29,719.24,0.0,360.57,1532.44,2531.98,23125.83,22.24,1.2861,clean
BAY-10393,Bayside Mechanical,Customer Care & Dispatch,Customer Care,Customer Service Representative,Unspecified,Customer Service Representative - Unspecified,Customer Care & Dispatch,Customer Service Rep,Employee,Regular,FL,2025-06-02,1.25,0.725,29.0,Hourly,19.01,28667.08,19.01,1146.65,0.0,574.84,2443.09,3671.36,36503.02,24.21,1.2733,clean
BAY-10394,Bayside Mechanical,Customer Care & Dispatch,Customer Care,Customer Service Representative,Unspecified,Customer Service Representative - Unspecified,Customer Care & Dispatch,Customer Service Rep,Employee,,FL,2021-03-22,5.44,0.725,29.0,Hourly,20.72,31245.76,20.72,1249.8,0.0,626.55,2662.85,3671.36,39456.32,26.16,1.2628,clean
BAY-10395,Bayside Mechanical,Customer Care & Dispatch,Customer Care,Customer Service Representative,Unspecified,Customer Service Representative - Unspecified,Customer Care & Dispatch,Customer Service Rep,Employee,FT,FL,2021-12-22,4.69,1.0,40.0,Hourly,16.59,34507.2,16.59,1380.25,0.0,691.94,2940.8,5063.95,44584.14,21.43,1.292,clean
BAY-10396,Bayside Mechanical,Customer Care & Dispatch,Customer Care,Customer Service Representative,Unspecified,Customer Service Representative - Unspecified,Customer Care & Dispatch,Customer Service Rep,Employee,,FL,2023-05-01,3.33,1.0,40.0,Hourly,18.12,37689.6,18.12,1507.54,0.0,755.76,3212.01,5063.95,48228.86,23.19,1.2796,clean
BAY-10397,Bayside Mechanical,Customer Care & Dispatch,Customer Care,Customer Service Representative,Unspecified,Customer Service Representative - Unspecified,Customer Care & Dispatch,Customer Service Rep,Employee,FT,FL,2017-12-02,8.74,1.0,40.0,Hourly,16.7,34736.0,16.7,1389.4,0.0,696.53,2960.3,5063.95,44846.18,21.56,1.2911,clean
BAY-10398,Bayside Mechanical,Customer Care & Dispatch,Customer Care,Customer Service Representative,Unspecified,Customer Service Representative - Unspecified,Customer Care & Dispatch,Customer Service Rep,Employee,Full-Time,FL,2022-07-15,4.13,1.0,40.0,Hourly,20.8,43264.0,20.8,1730.51,0.0,867.54,3687.08,5063.95,54613.08,26.26,1.2623,clean
BAY-10399,Bayside Mechanical,Customer Care & Dispatch,Customer Care,Customer Service Representative,Unspecified,Customer Service Representative - Unspecified,Customer Care & Dispatch,Customer Service Rep,Employee,,FL,2025-02-03,1.57,1.0,40.0,Hourly,16.84,35027.2,16.84,1401.05,0.0,702.37,2985.12,5063.95,45179.69,21.72,1.2898,clean
BAY-10400,Bayside Mechanical,Customer Care & Dispatch,Customer Care,Customer Service Representative,Unspecified,Customer Service Representative - Unspecified,Customer Care & Dispatch,Customer Service Rep,Employee,Full-Time,FL,2021-04-09,5.39,1.0,40.0,Hourly,17.98,37398.4,17.98,1495.9,0.0,749.92,3187.2,5063.95,47895.37,23.03,1.2807,clean
BAY-10401,Bayside Mechanical,Customer Care & Dispatch,Customer Care,Customer Service Representative,Unspecified,Customer Service Representative - Unspecified,Customer Care & Dispatch,Customer Service Rep,Employee,Regular,FL,2023-04-19,3.37,0.7,28.0,Hourly,18.49,26921.44,18.49,1076.83,0.0,539.83,2294.32,3544.77,34377.19,23.61,1.2769,clean
BAY-10402,Bayside Mechanical,Customer Care & Dispatch,Customer Care,Customer Service Representative,Unspecified,Customer Service Representative - Unspecified,Customer Care & Dispatch,Customer Service Rep,Employee,,FL,2014-07-11,12.14,0.625,25.0,Hourly,18.12,23556.0,18.12,942.22,0.0,472.35,2007.51,3164.97,30143.05,23.19,1.2796,clean
BAY-10403,Bayside Mechanical,Customer Care & Dispatch,Customer Care,Customer Service Representative,Unspecified,Customer Service Representative - Unspecified,Customer Care & Dispatch,Customer Service Rep,Employee,Regular,FL,2019-10-05,6.9,0.725,29.0,Hourly,19.84,29918.72,19.84,1196.72,0.0,599.94,2549.76,3671.36,37936.5,25.16,1.268,clean
BAY-10404,Bayside Mechanical,Customer Care & Dispatch,Customer Care,Customer Service Representative,Unspecified,Customer Service Representative - Unspecified,Customer Care & Dispatch,Customer Service Rep,Employee,,FL,2026-05-01,0.33,0.7,28.0,Hourly,18.41,26804.96,18.41,1072.17,0.0,537.5,2284.39,3544.77,34243.79,23.52,1.2775,clean
BAY-10405,Bayside Mechanical,Customer Care & Dispatch,Customer Care,Customer Service Representative,Unspecified,Customer Service Representative - Unspecified,Customer Care & Dispatch,Customer Service Rep,Employee,Regular,FL,2025-05-24,1.27,1.0,40.0,Hourly,20.4,42432.0,20.4,1697.24,0.0,850.85,3616.17,5063.95,53660.21,25.8,1.2646,clean
BAY-10406,Bayside Mechanical,Customer Care & Dispatch,Customer Care,Customer Service Representative,Unspecified,Customer Service Representative - Unspecified,Customer Care & Dispatch,Customer Service Rep,Employee,,FL,2025-10-20,0.86,0.6,24.0,Hourly,17.96,22414.08,17.96,896.54,0.0,449.45,1910.19,3038.37,28708.63,23.0,1.2808,clean
BAY-10407,Bayside Mechanical,Customer Care & Dispatch,Customer Care,Customer Service Representative,Unspecified,Customer Service Representative - Unspecified,Customer Care & Dispatch,Customer Service Rep,Employee,FT,FL,2018-04-14,8.38,0.625,25.0,Hourly,18.56,24128.0,18.56,965.09,0.0,483.82,2056.26,3164.97,30798.14,23.69,1.2764,clean
BAY-10408,Bayside Mechanical,Customer Care & Dispatch,Customer Care,Customer Service Representative,Unspecified,Customer Service Representative - Unspecified,Customer Care & Dispatch,Customer Service Rep,Employee,,FL,2011-06-30,15.17,1.0,40.0,Hourly,19.69,40955.2,19.69,1638.16,0.0,821.24,3490.32,5063.95,51968.87,24.99,1.2689,clean
BAY-10409,Bayside Mechanical,Customer Care & Dispatch,Customer Care,Customer Service Representative,Unspecified,Customer Service Representative - Unspecified,Customer Care & Dispatch,Customer Service Rep,Employee,Regular,FL,2019-04-12,7.39,1.0,40.0,Hourly,20.55,42744.0,20.55,1709.71,0.0,857.11,3642.76,5063.95,54017.53,25.97,1.2637,clean
BAY-10410,Bayside Mechanical,Customer Care & Dispatch,Customer Care,Customer Service Representative,Unspecified,Customer Service Representative - Unspecified,Customer Care & Dispatch,Customer Service Rep,Employee,Full-Time,FL,2017-10-31,8.83,1.0,40.0,Hourly,20.7,43056.0,20.7,1722.19,0.0,863.37,3669.35,5063.95,54374.86,26.14,1.2629,clean
GLC-10291,Great Lakes Comfort Systems,Customer Care & Dispatch,Customer Care,Customer Service Representative,Unspecified,Customer Service Representative - Unspecified,Customer Care & Dispatch,Customer Service Representative,Employee,Full-Time,MI,2018-12-15,7.71,0.725,29.0,Hourly,18.82,28380.56,18.82,1135.19,0.0,569.09,2418.67,3671.36,36174.87,23.99,1.2746,clean
GLC-10292,Great Lakes Comfort Systems,Customer Care & Dispatch,Customer Care,Customer Service Representative,Unspecified,Customer Service Representative - Unspecified,Customer Care & Dispatch,Customer Service Representative,Employee,,MI,2018-10-06,7.9,1.0,40.0,Hourly,16.36,34028.8,16.36,1361.12,0.0,682.35,2900.03,5063.95,44036.25,21.17,1.2941,clean
GLC-10293,Great Lakes Comfort Systems,Customer Care & Dispatch,Customer Care,Customer Service Representative,Unspecified,Customer Service Representative - Unspecified,Customer Care & Dispatch,Customer Service Representative,Employee,Regular,MI,2025-07-10,1.14,1.0,40.0,Hourly,19.58,40726.4,19.58,1629.01,0.0,816.65,3470.82,5063.95,51706.83,24.86,1.2696,clean
GLC-10294,Great Lakes Comfort Systems,Customer Care & Dispatch,Customer Care,Customer Service Representative,Unspecified,Customer Service Representative - Unspecified,Customer Care & Dispatch,Customer Service Representative,Employee,Full-Time,MI,2024-04-28,2.34,1.0,40.0,Hourly,17.35,36088.0,17.35,1443.48,0.0,723.64,3075.52,5063.95,46394.59,22.31,1.2856,clean
GLC-10295,Great Lakes Comfort Systems,Customer Care & Dispatch,Customer Care,Customer Service Representative,Unspecified,Customer Service Representative - Unspecified,Customer Care & Dispatch,Customer Service Representative,Employee,Regular,MI,2025-09-02,0.99,0.625,25.0,Hourly,19.49,25337.0,19.49,1013.45,0.0,508.06,2159.29,3164.97,32182.77,24.76,1.2702,clean
GLC-10296,Great Lakes Comfort Systems,Customer Care & Dispatch,Customer Care,Customer Service Representative,Unspecified,Customer Service Representative - Unspecified,Customer Care & Dispatch,Customer Service Representative,Employee,Full-Time,MI,2025-02-25,1.51,0.625,25.0,Hourly,19.41,25233.0,19.41,1009.29,0.0,505.98,2150.43,3164.97,32063.67,24.66,1.2707,clean
GLC-10297,Great Lakes Comfort Systems,Customer Care & Dispatch,Customer Care,Customer Service Representative,Unspecified,Customer Service Representative - Unspecified,Customer Care & Dispatch,Customer Service Representative,Employee,Regular,MI,2024-06-17,2.2,0.625,25.0,Hourly,16.63,21619.0,16.63,864.74,0.0,433.51,1842.43,3164.97,27924.65,21.48,1.2917,clean
GLC-10298,Great Lakes Comfort Systems,Customer Care & Dispatch,Customer Care,Customer Service Representative,Unspecified,Customer Service Representative - Unspecified,Customer Care & Dispatch,Customer Service Representative,Employee,Regular,MI,2017-06-28,9.17,0.625,25.0,Hourly,16.92,21996.0,16.92,879.82,0.0,441.07,1874.56,3164.97,28356.42,21.81,1.2892,clean
GLC-10299,Great Lakes Comfort Systems,Customer Care & Dispatch,Customer Care,Customer Service Representative,Unspecified,Customer Service Representative - Unspecified,Customer Care & Dispatch,Customer Service Representative,Employee,FT,MI,2016-04-09,10.39,0.625,25.0,Hourly,19.62,25506.0,19.62,1020.21,0.0,511.45,2173.69,3164.97,32376.32,24.9,1.2694,clean
GLC-10300,Great Lakes Comfort Systems,Customer Care & Dispatch,Customer Care,Customer Service Representative,Unspecified,Customer Service Representative - Unspecified,Customer Care & Dispatch,Customer Service Representative,Employee,Regular,MI,2026-03-29,0.42,0.6,24.0,Hourly,16.86,21041.28,16.86,841.63,0.0,421.92,1793.2,3038.37,27136.4,21.74,1.2897,clean
GLC-10301,Great Lakes Comfort Systems,Customer Care & Dispatch,Customer Care,Customer Service Representative,Unspecified,Customer Service Representative - Unspecified,Customer Care & Dispatch,Customer Service Representative,Employee,Regular,MI,2022-09-09,3.98,1.0,40.0,Hourly,19.72,41017.6,19.72,1640.66,0.0,822.49,3495.64,5063.95,52040.34,25.02,1.2687,clean
GLC-10302,Great Lakes Comfort Systems,Customer Care & Dispatch,Customer Care,Customer Service Representative,Unspecified,Customer Service Representative - Unspecified,Customer Care & Dispatch,Customer Service Representative,Employee,Full-Time,MI,2022-03-04,4.49,0.625,25.0,Hourly,16.75,21775.0,16.75,870.98,0.0,436.64,1855.73,3164.97,28103.32,21.62,1.2906,clean
GLC-10303,Great Lakes Comfort Systems,Customer Care & Dispatch,Customer Care,Customer Service Representative,Unspecified,Customer Service Representative - Unspecified,Customer Care & Dispatch,Customer Service Representative,Employee,,MI,2016-11-04,9.82,0.7,28.0,Hourly,18.84,27431.04,18.84,1097.21,0.0,550.05,2337.75,3544.77,34960.82,24.01,1.2745,clean
GLC-10304,Great Lakes Comfort Systems,Customer Care & Dispatch,Customer Care,Customer Service Representative,Unspecified,Customer Service Representative - Unspecified,Customer Care & Dispatch,Customer Service Representative,Employee,,MI,2025-02-14,1.54,0.725,29.0,Hourly,17.36,26178.88,17.36,1047.13,0.0,524.94,2231.04,3671.36,33653.35,22.32,1.2855,clean
GLC-10305,Great Lakes Comfort Systems,Customer Care & Dispatch,Customer Care,Customer Service Representative,Unspecified,Customer Service Representative - Unspecified,Customer Care & Dispatch,Customer Service Representative,Employee,Full-Time,MI,2025-06-22,1.19,1.0,40.0,Hourly,20.94,43555.2,20.94,1742.16,0.0,873.38,3711.9,5063.95,54946.59,26.42,1.2615,clean
GLC-10306,Great Lakes Comfort Systems,Customer Care & Dispatch,Customer Care,Customer Service Representative,Unspecified,Customer Service Representative - Unspecified,Customer Care & Dispatch,Customer Service Representative,Employee,Regular,MI,2023-04-24,3.35,0.7,28.0,Hourly,18.72,27256.32,18.72,1090.22,0.0,546.55,2322.86,3544.77,34760.72,23.87,1.2753,clean
GLC-10307,Great Lakes Comfort Systems,Customer Care & Dispatch,Customer Care,Customer Service Representative,Unspecified,Customer Service Representative - Unspecified,Customer Care & Dispatch,Customer Service Representative,Employee,Full-Time,MI,2024-03-02,2.5,1.0,40.0,Hourly,17.11,35588.8,17.11,1423.51,0.0,713.63,3032.98,5063.95,45822.87,22.03,1.2876,clean
GLC-10308,Great Lakes Comfort Systems,Customer Care & Dispatch,Customer Care,Customer Service Representative,Unspecified,Customer Service Representative - Unspecified,Customer Care & Dispatch,Customer Service Representative,Employee,Full-Time,MI,2021-11-03,4.82,1.0,40.0,Hourly,19.34,40227.2,19.34,1609.05,0.0,806.64,3428.28,5063.95,51135.12,24.58,1.2712,clean
GLC-10309,Great Lakes Comfort Systems,Customer Care & Dispatch,Customer Care,Customer Service Representative,Unspecified,Customer Service Representative - Unspecified,Customer Care & Dispatch,Customer Service Representative,Employee,FT,MI,2024-09-08,1.98,0.625,25.0,Hourly,18.74,24362.0,18.74,974.45,0.0,488.51,2076.2,3164.97,31066.13,23.9,1.2752,clean
GLC-10310,Great Lakes Comfort Systems,Customer Care & Dispatch,Customer Care,Customer Service Representative,Unspecified,Customer Service Representative - Unspecified,Customer Care & Dispatch,Customer Service Representative,Employee,Regular,MI,2024-07-28,2.09,1.0,40.0,Hourly,18.1,37648.0,18.1,1505.88,0.0,754.92,3208.47,5063.95,48181.22,23.16,1.2798,clean
GLC-10311,Great Lakes Comfort Systems,Customer Care & Dispatch,Customer Care,Customer Service Representative,Unspecified,Customer Service Representative - Unspecified,Customer Care & Dispatch,Customer Service Representative,Employee,Regular,MI,2022-09-15,3.96,0.725,29.0,Hourly,18.43,27792.44,18.43,1111.67,0.0,557.3,2368.55,3671.36,35501.32,23.54,1.2774,clean
GLC-10312,Great Lakes Comfort Systems,Customer Care & Dispatch,Customer Care,Customer Service Representative,Unspecified,Customer Service Representative - Unspecified,Customer Care & Dispatch,Customer Service Representative,Employee,Regular,MI,2024-08-14,2.05,1.0,40.0,Hourly,17.85,37128.0,17.85,1485.08,0.0,744.5,3164.15,5063.95,47585.68,22.88,1.2817,clean
GLC-10313,Great Lakes Comfort Systems,Customer Care & Dispatch,Customer Care,Customer Service Representative,Unspecified,Customer Service Representative - Unspecified,Customer Care & Dispatch,Customer Service Representative,Employee,,MI,2024-02-20,2.53,0.625,25.0,Hourly,16.39,21307.0,16.39,852.26,0.0,427.25,1815.84,3164.97,27567.32,21.21,1.2938,clean
GLC-10314,Great Lakes Comfort Systems,Customer Care & Dispatch,Customer Care,Customer Service Representative,Unspecified,Customer Service Representative - Unspecified,Customer Care & Dispatch,Customer Service Representative,Employee,,MI,2022-10-27,3.84,0.7,28.0,Hourly,16.16,23528.96,16.16,941.13,0.0,471.81,2005.2,3544.77,30491.87,20.94,1.2959,clean
GLC-10315,Great Lakes Comfort Systems,Customer Care & Dispatch,Customer Care,Customer Service Representative,Unspecified,Customer Service Representative - Unspecified,Customer Care & Dispatch,Customer Service Representative,Employee,Regular,MI,2023-09-17,2.95,1.0,40.0,Hourly,17.23,35838.4,17.23,1433.5,0.0,718.64,3054.25,5063.95,46108.74,22.17,1.2866,clean
GLC-10316,Great Lakes Comfort Systems,Customer Care & Dispatch,Customer Care,Customer Service Representative,Unspecified,Customer Service Representative - Unspecified,Customer Care & Dispatch,Customer Service Representative,Employee,Regular,MI,2023-12-10,2.72,0.7,28.0,Hourly,19.81,28843.36,19.81,1153.7,0.0,578.37,2458.11,3544.77,36578.31,25.12,1.2682,clean
GLC-10317,Great Lakes Comfort Systems,Customer Care & Dispatch,Customer Care,Customer Service Representative,Unspecified,Customer Service Representative - Unspecified,Customer Care & Dispatch,Customer Service Representative,Employee,Regular,MI,2015-05-20,11.28,1.0,40.0,Hourly,20.55,42744.0,20.55,1709.71,0.0,857.11,3642.76,5063.95,54017.53,25.97,1.2637,clean
GLC-10318,Great Lakes Comfort Systems,Customer Care & Dispatch,Customer Care,Customer Service Representative,Unspecified,Customer Service Representative - Unspecified,Customer Care & Dispatch,Customer Service Representative,Employee,Regular,MI,2024-06-11,2.22,0.7,28.0,Hourly,20.34,29615.04,20.34,1184.57,0.0,593.85,2523.88,3544.77,37462.11,25.73,1.265,clean
GLC-10319,Great Lakes Comfort Systems,Customer Care & Dispatch,Customer Care,Customer Service Representative,Unspecified,Customer Service Representative - Unspecified,Customer Care & Dispatch,Customer Service Representative,Employee,Regular,MI,2024-04-24,2.35,1.0,40.0,Hourly,19.3,40144.0,19.3,1605.72,0.0,804.97,3421.18,5063.95,51039.82,24.54,1.2714,clean
GLC-10320,Great Lakes Comfort Systems,Customer Care & Dispatch,Customer Care,Customer Service Representative,Unspecified,Customer Service Representative - Unspecified,Customer Care & Dispatch,Customer Service Representative,Employee,Regular,MI,2025-11-23,0.77,1.0,40.0,Hourly,16.86,35068.8,16.86,1402.71,0.0,703.21,2988.66,5063.95,45227.33,21.74,1.2897,clean
GLC-10321,Great Lakes Comfort Systems,Customer Care & Dispatch,Customer Care,Customer Service Representative,Unspecified,Customer Service Representative - Unspecified,Customer Care & Dispatch,Customer Service Representative,Employee,FT,MI,2021-12-07,4.73,0.725,29.0,Hourly,18.85,28425.8,18.85,1137.0,0.0,570.0,2422.53,3671.36,36226.69,24.02,1.2744,clean
GLC-10322,Great Lakes Comfort Systems,Customer Care & Dispatch,Customer Care,Customer Service Representative,Unspecified,Customer Service Representative - Unspecified,Customer Care & Dispatch,Customer Service Representative,Employee,Full-Time,MI,2022-11-21,3.78,1.0,40.0,Hourly,17.67,36753.6,17.67,1470.11,0.0,736.99,3132.25,5063.95,47156.9,22.67,1.2831,clean
GLC-10323,Great Lakes Comfort Systems,Customer Care & Dispatch,Customer Care,Customer Service Representative,Unspecified,Customer Service Representative - Unspecified,Customer Care & Dispatch,Customer Service Representative,Employee,FT,MI,2022-12-13,3.72,0.7,28.0,Hourly,16.33,23776.48,16.33,951.03,0.0,476.77,2026.3,3544.77,30775.35,21.14,1.2944,clean
PIN-10323,Pinnacle Plumbing & Drain,Customer Care & Dispatch,Call Center,Customer Service Representative,Unspecified,Customer Service Representative - Unspecified,Customer Care & Dispatch,CSR,Employee,,TX,2026-02-28,0.5,1.0,40.0,Hourly,18.62,38729.6,18.62,1549.14,0.0,776.61,3300.65,5063.95,49419.95,23.76,1.276,hours_defaulted;pay_basis_imputed
PIN-10324,Pinnacle Plumbing & Drain,Customer Care & Dispatch,Call Center,Customer Service Representative,Unspecified,Customer Service Representative - Unspecified,Customer Care & Dispatch,CSR,Employee,FT,TX,2025-01-30,1.58,1.0,40.0,Hourly,16.95,35256.0,16.95,1410.2,0.0,706.96,3004.62,5063.95,45441.73,21.85,1.2889,hours_defaulted;pay_basis_imputed
PIN-10325,Pinnacle Plumbing & Drain,Customer Care & Dispatch,Call Center,Customer Service Representative,Unspecified,Customer Service Representative - Unspecified,Customer Care & Dispatch,CSR,Employee,Full-Time,TX,2024-10-14,1.88,1.0,40.0,Hourly,17.48,36358.4,17.48,1454.3,0.0,729.06,3098.57,5063.95,46704.28,22.45,1.2846,hours_defaulted;pay_basis_imputed
PIN-10326,Pinnacle Plumbing & Drain,Customer Care & Dispatch,Call Center,Customer Service Representative,Unspecified,Customer Service Representative - Unspecified,Customer Care & Dispatch,CSR,Employee,Full-Time,TX,2025-02-26,1.51,1.0,40.0,Hourly,18.27,38001.6,18.27,1520.02,0.0,762.01,3238.6,5063.95,48586.18,23.36,1.2785,hours_defaulted;pay_basis_imputed
PIN-10327,Pinnacle Plumbing & Drain,Customer Care & Dispatch,Call Center,Customer Service Representative,Unspecified,Customer Service Representative - Unspecified,Customer Care & Dispatch,CSR,Employee,Regular,TX,2019-11-08,6.81,1.0,40.0,Hourly,20.69,43035.2,20.69,1721.36,0.0,862.95,3667.58,5063.95,54351.04,26.13,1.2629,hours_defaulted;pay_basis_imputed
PIN-10328,Pinnacle Plumbing & Drain,Customer Care & Dispatch,Call Center,Customer Service Representative,Unspecified,Customer Service Representative - Unspecified,Customer Care & Dispatch,CSR,Employee,FT,TX,2020-02-03,6.57,1.0,40.0,Hourly,19.72,41017.6,19.72,1640.66,0.0,822.49,3495.64,5063.95,52040.34,25.02,1.2687,hours_defaulted;pay_basis_imputed
PIN-10329,Pinnacle Plumbing & Drain,Customer Care & Dispatch,Call Center,Customer Service Representative,Unspecified,Customer Service Representative - Unspecified,Customer Care & Dispatch,CSR,Employee,,TX,2020-02-03,6.57,1.0,40.0,Hourly,16.8,34944.0,16.8,1397.72,0.0,700.7,2978.03,5063.95,45084.4,21.68,1.2902,hours_defaulted;pay_basis_imputed
PIN-10330,Pinnacle Plumbing & Drain,Customer Care & Dispatch,Call Center,Customer Service Representative,Unspecified,Customer Service Representative - Unspecified,Customer Care & Dispatch,CSR,Employee,Regular,TX,2022-03-30,4.42,1.0,40.0,Hourly,19.16,39852.8,19.16,1594.07,0.0,799.13,3396.37,5063.95,50706.32,24.38,1.2723,hours_defaulted;pay_basis_imputed
PIN-10331,Pinnacle Plumbing & Drain,Customer Care & Dispatch,Call Center,Customer Service Representative,Unspecified,Customer Service Representative - Unspecified,Customer Care & Dispatch,CSR,Employee,Regular,TX,2021-05-05,5.32,1.0,40.0,Hourly,19.13,39790.4,19.13,1591.57,0.0,797.88,3391.05,5063.95,50634.85,24.34,1.2725,hours_defaulted;pay_basis_imputed
PIN-10332,Pinnacle Plumbing & Drain,Customer Care & Dispatch,Call Center,Customer Service Representative,Unspecified,Customer Service Representative - Unspecified,Customer Care & Dispatch,CSR,Employee,,TX,2018-08-01,8.08,1.0,40.0,Hourly,17.04,35443.2,17.04,1417.69,0.0,710.71,3020.57,5063.95,45656.12,21.95,1.2881,hours_defaulted;pay_basis_imputed
PIN-10333,Pinnacle Plumbing & Drain,Customer Care & Dispatch,Call Center,Customer Service Representative,Unspecified,Customer Service Representative - Unspecified,Customer Care & Dispatch,CSR,Employee,Regular,TX,2023-08-28,3.01,1.0,40.0,Hourly,18.92,39353.6,18.92,1574.1,0.0,789.12,3353.82,5063.95,50134.59,24.1,1.274,hours_defaulted;pay_basis_imputed
PIN-10334,Pinnacle Plumbing & Drain,Customer Care & Dispatch,Call Center,Customer Service Representative,Unspecified,Customer Service Representative - Unspecified,Customer Care & Dispatch,CSR,Employee,Full-Time,TX,2023-11-29,2.75,1.0,40.0,Hourly,17.86,37148.8,17.86,1485.91,0.0,744.91,3165.93,5063.95,47609.5,22.89,1.2816,hours_defaulted;pay_basis_imputed
PIN-10335,Pinnacle Plumbing & Drain,Customer Care & Dispatch,Call Center,Customer Service Representative,Unspecified,Customer Service Representative - Unspecified,Customer Care & Dispatch,CSR,Employee,Regular,TX,2020-01-12,6.63,1.0,40.0,Hourly,17.73,36878.4,17.73,1475.1,0.0,739.49,3142.88,5063.95,47299.82,22.74,1.2826,hours_defaulted;pay_basis_imputed
PIN-10336,Pinnacle Plumbing & Drain,Customer Care & Dispatch,Call Center,Customer Service Representative,Unspecified,Customer Service Representative - Unspecified,Customer Care & Dispatch,CSR,Employee,Regular,TX,2020-12-07,5.73,1.0,40.0,Hourly,17.19,35755.2,17.19,1430.17,0.0,716.97,3047.16,5063.95,46013.45,22.12,1.2869,hours_defaulted;pay_basis_imputed
PIN-10337,Pinnacle Plumbing & Drain,Customer Care & Dispatch,Call Center,Customer Service Representative,Unspecified,Customer Service Representative - Unspecified,Customer Care & Dispatch,CSR,Employee,Regular,TX,2026-04-17,0.37,1.0,40.0,Hourly,18.67,38833.6,18.67,1553.3,0.0,778.7,3309.51,5063.95,49539.06,23.82,1.2757,hours_defaulted;pay_basis_imputed
PIN-10338,Pinnacle Plumbing & Drain,Customer Care & Dispatch,Call Center,Customer Service Representative,Unspecified,Customer Service Representative - Unspecified,Customer Care & Dispatch,CSR,Employee,Regular,TX,2021-02-08,5.56,1.0,40.0,Hourly,16.57,34465.6,16.57,1378.59,0.0,691.11,2937.26,5063.95,44536.51,21.41,1.2922,hours_defaulted;pay_basis_imputed
PIN-10339,Pinnacle Plumbing & Drain,Customer Care & Dispatch,Call Center,Customer Service Representative,Unspecified,Customer Service Representative - Unspecified,Customer Care & Dispatch,CSR,Employee,FT,TX,2017-12-12,8.72,1.0,40.0,Hourly,20.14,41891.2,20.14,1675.6,0.0,840.01,3570.09,5063.95,53040.85,25.5,1.2662,hours_defaulted;pay_basis_imputed
PIN-10340,Pinnacle Plumbing & Drain,Customer Care & Dispatch,Call Center,Customer Service Representative,Unspecified,Customer Service Representative - Unspecified,Customer Care & Dispatch,CSR,Employee,Regular,TX,2020-08-26,6.01,1.0,40.0,Hourly,18.58,38646.4,18.58,1545.82,0.0,774.94,3293.56,5063.95,49324.67,23.71,1.2763,hours_defaulted;pay_basis_imputed
PIN-10341,Pinnacle Plumbing & Drain,Customer Care & Dispatch,Call Center,Customer Service Representative,Unspecified,Customer Service Representative - Unspecified,Customer Care & Dispatch,CSR,Employee,Full-Time,TX,2015-08-11,11.06,1.0,40.0,Hourly,16.68,34694.4,16.68,1387.74,0.0,695.7,2956.75,5063.95,44798.54,21.54,1.2912,hours_defaulted;pay_basis_imputed
PIN-10342,Pinnacle Plumbing & Drain,Customer Care & Dispatch,Call Center,Customer Service Representative,Unspecified,Customer Service Representative - Unspecified,Customer Care & Dispatch,CSR,Employee,Regular,TX,2023-10-13,2.88,1.0,40.0,Hourly,17.52,36441.6,17.52,1457.63,0.0,730.73,3105.66,5063.95,46799.57,22.5,1.2842,hours_defaulted;pay_basis_imputed
PIN-10343,Pinnacle Plumbing & Drain,Customer Care & Dispatch,Call Center,Customer Service Representative,Unspecified,Customer Service Representative - Unspecified,Customer Care & Dispatch,CSR,Employee,Full-Time,TX,2023-04-01,3.42,1.0,40.0,Hourly,20.78,43222.4,20.78,1728.85,0.0,866.7,3683.53,5063.95,54565.43,26.23,1.2624,hours_defaulted;pay_basis_imputed
PIN-10344,Pinnacle Plumbing & Drain,Customer Care & Dispatch,Call Center,Customer Service Representative,Unspecified,Customer Service Representative - Unspecified,Customer Care & Dispatch,CSR,Employee,,TX,2022-03-27,4.43,1.0,40.0,Hourly,18.76,39020.8,18.76,1560.79,0.0,782.45,3325.46,5063.95,49753.45,23.92,1.275,hours_defaulted;pay_basis_imputed
PIN-10345,Pinnacle Plumbing & Drain,Customer Care & Dispatch,Call Center,Customer Service Representative,Unspecified,Customer Service Representative - Unspecified,Customer Care & Dispatch,CSR,Employee,Regular,TX,2023-08-18,3.04,1.0,40.0,Hourly,17.92,37273.6,17.92,1490.9,0.0,747.42,3176.56,5063.95,47752.43,22.96,1.2811,hours_defaulted;pay_basis_imputed
PIN-10346,Pinnacle Plumbing & Drain,Customer Care & Dispatch,Call Center,Customer Service Representative,Unspecified,Customer Service Representative - Unspecified,Customer Care & Dispatch,CSR,Employee,Regular,TX,2025-02-02,1.57,1.0,40.0,Hourly,17.88,37190.4,17.88,1487.58,0.0,745.75,3169.47,5063.95,47657.15,22.91,1.2814,hours_defaulted;pay_basis_imputed
PIN-10347,Pinnacle Plumbing & Drain,Customer Care & Dispatch,Call Center,Customer Service Representative,Unspecified,Customer Service Representative - Unspecified,Customer Care & Dispatch,CSR,Employee,Regular,TX,2024-07-21,2.11,1.0,40.0,Hourly,19.57,40705.6,19.57,1628.18,0.0,816.24,3469.05,5063.95,51683.02,24.85,1.2697,hours_defaulted;pay_basis_imputed
PIN-10348,Pinnacle Plumbing & Drain,Customer Care & Dispatch,Call Center,Customer Service Representative,Unspecified,Customer Service Representative - Unspecified,Customer Care & Dispatch,CSR,Employee,,TX,2021-01-05,5.65,1.0,40.0,Hourly,19.64,40851.2,19.64,1634.0,0.0,819.16,3481.45,5063.95,51849.76,24.93,1.2692,hours_defaulted;pay_basis_imputed
PIN-10349,Pinnacle Plumbing & Drain,Customer Care & Dispatch,Call Center,Customer Service Representative,Unspecified,Customer Service Representative - Unspecified,Customer Care & Dispatch,CSR,Employee,,TX,2025-05-15,1.3,1.0,40.0,Hourly,20.87,43409.6,20.87,1736.34,0.0,870.46,3699.49,5063.95,54779.84,26.34,1.2619,hours_defaulted;pay_basis_imputed
PIN-10350,Pinnacle Plumbing & Drain,Customer Care & Dispatch,Call Center,Customer Service Representative,Unspecified,Customer Service Representative - Unspecified,Customer Care & Dispatch,CSR,Employee,FT,TX,2024-12-10,1.72,1.0,40.0,Hourly,20.87,43409.6,20.87,1736.34,0.0,870.46,3699.49,5063.95,54779.84,26.34,1.2619,hours_defaulted;pay_basis_imputed
PIN-10351,Pinnacle Plumbing & Drain,Customer Care & Dispatch,Call Center,Customer Service Representative,Unspecified,Customer Service Representative - Unspecified,Customer Care & Dispatch,CSR,Employee,Regular,TX,2025-02-25,1.51,1.0,40.0,Hourly,16.64,34611.2,16.64,1384.41,0.0,694.03,2949.66,5063.95,44703.25,21.49,1.2916,hours_defaulted;pay_basis_imputed
PIN-10352,Pinnacle Plumbing & Drain,Customer Care & Dispatch,Call Center,Customer Service Representative,Unspecified,Customer Service Representative - Unspecified,Customer Care & Dispatch,CSR,Employee,Regular,TX,2025-10-08,0.9,1.0,40.0,Hourly,18.59,38667.2,18.59,1546.65,0.0,775.36,3295.33,5063.95,49348.49,23.73,1.2762,hours_defaulted;pay_basis_imputed
PIN-10353,Pinnacle Plumbing & Drain,Customer Care & Dispatch,Call Center,Customer Service Representative,Unspecified,Customer Service Representative - Unspecified,Customer Care & Dispatch,CSR,Employee,Regular,TX,2021-11-09,4.81,1.0,40.0,Hourly,16.65,34632.0,16.65,1385.24,0.0,694.45,2951.44,5063.95,44727.08,21.5,1.2915,hours_defaulted;pay_basis_imputed
PIN-10354,Pinnacle Plumbing & Drain,Customer Care & Dispatch,Call Center,Customer Service Representative,Unspecified,Customer Service Representative - Unspecified,Customer Care & Dispatch,CSR,Employee,Regular,TX,2025-02-08,1.56,1.0,40.0,Hourly,20.78,43222.4,20.78,1728.85,0.0,866.7,3683.53,5063.95,54565.43,26.23,1.2624,hours_defaulted;pay_basis_imputed
PIN-10355,Pinnacle Plumbing & Drain,Customer Care & Dispatch,Call Center,Customer Service Representative,Unspecified,Customer Service Representative - Unspecified,Customer Care & Dispatch,CSR,Employee,Full-Time,TX,2014-02-06,12.56,1.0,40.0,Hourly,16.82,34985.6,16.82,1399.39,0.0,701.54,2981.57,5063.95,45132.05,21.7,1.29,hours_defaulted;pay_basis_imputed
PIN-10356,Pinnacle Plumbing & Drain,Customer Care & Dispatch,Call Center,Customer Service Representative,Unspecified,Customer Service Representative - Unspecified,Customer Care & Dispatch,CSR,Employee,,TX,2024-02-19,2.53,1.0,40.0,Hourly,17.83,37086.4,17.83,1483.42,0.0,743.66,3160.61,5063.95,47538.04,22.85,1.2818,hours_defaulted;pay_basis_imputed
PIN-10357,Pinnacle Plumbing & Drain,Customer Care & Dispatch,Call Center,Customer Service Representative,Unspecified,Customer Service Representative - Unspecified,Customer Care & Dispatch,CSR,Employee,Regular,TX,2020-10-05,5.9,1.0,40.0,Hourly,19.77,41121.6,19.77,1644.82,0.0,824.58,3504.5,5063.95,52159.45,25.08,1.2684,hours_defaulted;pay_basis_imputed
PIN-10358,Pinnacle Plumbing & Drain,Customer Care & Dispatch,Call Center,Customer Service Representative,Unspecified,Customer Service Representative - Unspecified,Customer Care & Dispatch,CSR,Employee,FT,TX,2025-03-21,1.45,1.0,40.0,Hourly,20.84,43347.2,20.84,1733.84,0.0,869.21,3694.17,5063.95,54708.37,26.3,1.2621,hours_defaulted;pay_basis_imputed
PIN-10359,Pinnacle Plumbing & Drain,Customer Care & Dispatch,Call Center,Customer Service Representative,Unspecified,Customer Service Representative - Unspecified,Customer Care & Dispatch,CSR,Employee,Full-Time,TX,2020-06-28,6.17,1.0,40.0,Hourly,19.32,40185.6,19.32,1607.38,0.0,805.81,3424.73,5063.95,51087.47,24.56,1.2713,hours_defaulted;pay_basis_imputed
PIN-10360,Pinnacle Plumbing & Drain,Customer Care & Dispatch,Call Center,Customer Service Representative,Unspecified,Customer Service Representative - Unspecified,Customer Care & Dispatch,CSR,Employee,Regular,TX,2023-02-16,3.54,1.0,40.0,Hourly,17.17,35713.6,17.17,1428.51,0.0,716.14,3043.61,5063.95,45965.81,22.1,1.2871,hours_defaulted;pay_basis_imputed
PIN-10361,Pinnacle Plumbing & Drain,Customer Care & Dispatch,Call Center,Customer Service Representative,Unspecified,Customer Service Representative - Unspecified,Customer Care & Dispatch,CSR,Employee,Regular,TX,2025-09-17,0.95,1.0,40.0,Hourly,20.69,43035.2,20.69,1721.36,0.0,862.95,3667.58,5063.95,54351.04,26.13,1.2629,hours_defaulted;pay_basis_imputed
PIN-10362,Pinnacle Plumbing & Drain,Customer Care & Dispatch,Call Center,Customer Service Representative,Unspecified,Customer Service Representative - Unspecified,Customer Care & Dispatch,CSR,Employee,Regular,TX,2023-05-28,3.26,1.0,40.0,Hourly,18.5,38480.0,18.5,1539.16,0.0,771.61,3279.37,5063.95,49134.09,23.62,1.2769,hours_defaulted;pay_basis_imputed
PIN-10363,Pinnacle Plumbing & Drain,Customer Care & Dispatch,Call Center,Customer Service Representative,Unspecified,Customer Service Representative - Unspecified,Customer Care & Dispatch,CSR,Employee,Regular,TX,2025-02-10,1.55,1.0,40.0,Hourly,16.25,33800.0,16.25,1351.96,0.0,677.76,2880.53,5063.95,43774.2,21.05,1.2951,hours_defaulted;pay_basis_imputed
RED-10219,Redwood Electric,Customer Care & Dispatch,CSR,Customer Service Representative,Unspecified,Customer Service Representative - Unspecified,Customer Care & Dispatch,Cust Svc Rep,Employee,,AZ,2025-08-13,1.05,1.0,40.0,Hourly,16.78,34902.4,16.78,1396.06,0.0,699.87,2974.48,5063.95,45036.76,21.65,1.2904,hours_defaulted
RED-10220,Redwood Electric,Customer Care & Dispatch,CSR,Customer Service Representative,Unspecified,Customer Service Representative - Unspecified,Customer Care & Dispatch,Cust Svc Rep,Employee,,AZ,2013-05-28,13.26,1.0,40.0,Hourly,20.16,41932.8,20.16,1677.27,0.0,840.84,3573.63,5063.95,53088.49,25.52,1.266,hours_defaulted
RED-10221,Redwood Electric,Customer Care & Dispatch,CSR,Customer Service Representative,Unspecified,Customer Service Representative - Unspecified,Customer Care & Dispatch,Cust Svc Rep,Employee,Full-Time,AZ,2020-10-23,5.85,1.0,40.0,Hourly,19.49,40539.2,19.49,1621.53,0.0,812.9,3454.87,5063.95,51492.45,24.76,1.2702,hours_defaulted
RED-10222,Redwood Electric,Customer Care & Dispatch,CSR,Customer Service Representative,Unspecified,Customer Service Representative - Unspecified,Customer Care & Dispatch,Cust Svc Rep,Employee,Regular,AZ,2022-10-17,3.87,1.0,40.0,Hourly,16.64,34611.2,16.64,1384.41,0.0,694.03,2949.66,5063.95,44703.25,21.49,1.2916,hours_defaulted
RED-10223,Redwood Electric,Customer Care & Dispatch,CSR,Customer Service Representative,Unspecified,Customer Service Representative - Unspecified,Customer Care & Dispatch,Cust Svc Rep,Employee,Regular,AZ,2024-06-23,2.19,1.0,40.0,Hourly,19.37,40289.6,19.37,1611.54,0.0,807.89,3433.59,5063.95,51206.57,24.62,1.271,hours_defaulted
RED-10224,Redwood Electric,Customer Care & Dispatch,CSR,Customer Service Representative,Unspecified,Customer Service Representative - Unspecified,Customer Care & Dispatch,Cust Svc Rep,Employee,Full-Time,AZ,2015-01-03,11.66,1.0,40.0,Hourly,19.53,40622.4,19.53,1624.85,0.0,814.57,3461.96,5063.95,51587.73,24.8,1.2699,hours_defaulted
RED-10225,Redwood Electric,Customer Care & Dispatch,CSR,Customer Service Representative,Unspecified,Customer Service Representative - Unspecified,Customer Care & Dispatch,Cust Svc Rep,Employee,Full-Time,AZ,2016-05-21,10.28,1.0,40.0,Hourly,17.13,35630.4,17.13,1425.18,0.0,714.47,3036.52,5063.95,45870.52,22.05,1.2874,hours_defaulted
RED-10226,Redwood Electric,Customer Care & Dispatch,CSR,Customer Service Representative,Unspecified,Customer Service Representative - Unspecified,Customer Care & Dispatch,Cust Svc Rep,Employee,,AZ,2022-10-09,3.89,1.0,40.0,Hourly,16.18,33654.4,16.18,1346.14,0.0,674.84,2868.12,5063.95,43607.45,20.97,1.2957,hours_defaulted
RED-10227,Redwood Electric,Customer Care & Dispatch,CSR,Customer Service Representative,Unspecified,Customer Service Representative - Unspecified,Customer Care & Dispatch,Cust Svc Rep,Employee,Regular,AZ,2026-05-06,0.32,1.0,40.0,Hourly,20.33,42286.4,20.33,1691.41,0.0,847.93,3603.77,5063.95,53493.46,25.72,1.265,hours_defaulted
RED-10228,Redwood Electric,Customer Care & Dispatch,CSR,Customer Service Representative,Unspecified,Customer Service Representative - Unspecified,Customer Care & Dispatch,Cust Svc Rep,Employee,FT,AZ,2025-07-21,1.11,1.0,40.0,Hourly,19.3,40144.0,19.3,1605.72,0.0,804.97,3421.18,5063.95,51039.82,24.54,1.2714,hours_defaulted
RED-10229,Redwood Electric,Customer Care & Dispatch,CSR,Customer Service Representative,Unspecified,Customer Service Representative - Unspecified,Customer Care & Dispatch,Cust Svc Rep,Employee,Regular,AZ,2015-10-30,10.84,1.0,40.0,Hourly,16.99,35339.2,16.99,1413.53,0.0,708.63,3011.71,5063.95,45537.02,21.89,1.2886,hours_defaulted
RED-10230,Redwood Electric,Customer Care & Dispatch,CSR,Customer Service Representative,Unspecified,Customer Service Representative - Unspecified,Customer Care & Dispatch,Cust Svc Rep,Employee,Regular,AZ,2025-07-26,1.1,1.0,40.0,Hourly,16.48,34278.4,16.48,1371.1,0.0,687.36,2921.3,5063.95,44322.11,21.31,1.293,hours_defaulted
RED-10231,Redwood Electric,Customer Care & Dispatch,CSR,Customer Service Representative,Unspecified,Customer Service Representative - Unspecified,Customer Care & Dispatch,Cust Svc Rep,Employee,Regular,AZ,2021-11-22,4.77,1.0,40.0,Hourly,20.8,43264.0,20.8,1730.51,0.0,867.54,3687.08,5063.95,54613.08,26.26,1.2623,hours_defaulted
RED-10232,Redwood Electric,Customer Care & Dispatch,CSR,Customer Service Representative,Unspecified,Customer Service Representative - Unspecified,Customer Care & Dispatch,Cust Svc Rep,Employee,Regular,AZ,2023-04-25,3.35,1.0,40.0,Hourly,20.19,41995.2,20.19,1679.76,0.0,842.09,3578.95,5063.95,53159.95,25.56,1.2659,hours_defaulted
RED-10233,Redwood Electric,Customer Care & Dispatch,CSR,Customer Service Representative,Unspecified,Customer Service Representative - Unspecified,Customer Care & Dispatch,Cust Svc Rep,Employee,Regular,AZ,2018-03-02,8.5,1.0,40.0,Hourly,19.34,40227.2,19.34,1609.05,0.0,806.64,3428.28,5063.95,51135.12,24.58,1.2712,hours_defaulted
RED-10234,Redwood Electric,Customer Care & Dispatch,CSR,Customer Service Representative,Unspecified,Customer Service Representative - Unspecified,Customer Care & Dispatch,Cust Svc Rep,Employee,Regular,AZ,2025-09-15,0.96,1.0,40.0,Hourly,20.89,43451.2,20.89,1738.0,0.0,871.29,3703.03,5063.95,54827.47,26.36,1.2618,hours_defaulted
RED-10235,Redwood Electric,Customer Care & Dispatch,CSR,Customer Service Representative,Unspecified,Customer Service Representative - Unspecified,Customer Care & Dispatch,Cust Svc Rep,Employee,Regular,AZ,2018-06-05,8.24,1.0,40.0,Hourly,17.74,36899.2,17.74,1475.93,0.0,739.91,3144.65,5063.95,47323.64,22.75,1.2825,hours_defaulted
RED-10236,Redwood Electric,Customer Care & Dispatch,CSR,Customer Service Representative,Unspecified,Customer Service Representative - Unspecified,Customer Care & Dispatch,Cust Svc Rep,Employee,Regular,AZ,2021-12-14,4.71,1.0,40.0,Hourly,16.13,33550.4,16.13,1341.98,0.0,672.76,2859.26,5063.95,43488.35,20.91,1.2962,hours_defaulted
RED-10237,Redwood Electric,Customer Care & Dispatch,CSR,Customer Service Representative,Unspecified,Customer Service Representative - Unspecified,Customer Care & Dispatch,Cust Svc Rep,Employee,Regular,AZ,2011-12-12,14.72,1.0,40.0,Hourly,20.5,42640.0,20.5,1705.55,0.0,855.02,3633.9,5063.95,53898.42,25.91,1.264,hours_defaulted
RED-10238,Redwood Electric,Customer Care & Dispatch,CSR,Customer Service Representative,Unspecified,Customer Service Representative - Unspecified,Customer Care & Dispatch,Cust Svc Rep,Employee,Full-Time,AZ,2023-04-23,3.36,1.0,40.0,Hourly,18.61,38708.8,18.61,1548.31,0.0,776.2,3298.87,5063.95,49396.13,23.75,1.2761,hours_defaulted
RED-10239,Redwood Electric,Customer Care & Dispatch,CSR,Customer Service Representative,Unspecified,Customer Service Representative - Unspecified,Customer Care & Dispatch,Cust Svc Rep,Employee,Regular,AZ,2025-05-29,1.26,1.0,40.0,Hourly,16.86,35068.8,16.86,1402.71,0.0,703.21,2988.66,5063.95,45227.33,21.74,1.2897,hours_defaulted
RED-10240,Redwood Electric,Customer Care & Dispatch,CSR,Customer Service Representative,Unspecified,Customer Service Representative - Unspecified,Customer Care & Dispatch,Cust Svc Rep,Employee,Full-Time,AZ,2023-09-09,2.98,1.0,40.0,Hourly,16.01,33300.8,16.01,1332.0,0.0,667.75,2837.99,5063.95,43202.49,20.77,1.2973,hours_defaulted
RED-10241,Redwood Electric,Customer Care & Dispatch,CSR,Customer Service Representative,Unspecified,Customer Service Representative - Unspecified,Customer Care & Dispatch,Cust Svc Rep,Employee,Regular,AZ,2022-02-22,4.52,1.0,40.0,Hourly,17.77,36961.6,17.77,1478.42,0.0,741.16,3149.97,5063.95,47395.1,22.79,1.2823,hours_defaulted
RED-10242,Redwood Electric,Customer Care & Dispatch,CSR,Customer Service Representative,Unspecified,Customer Service Representative - Unspecified,Customer Care & Dispatch,Cust Svc Rep,Employee,,AZ,2022-03-15,4.46,1.0,40.0,Hourly,19.45,40456.0,19.45,1618.2,0.0,811.23,3447.77,5063.95,51397.15,24.71,1.2704,hours_defaulted
RED-10243,Redwood Electric,Customer Care & Dispatch,CSR,Customer Service Representative,Unspecified,Customer Service Representative - Unspecified,Customer Care & Dispatch,Cust Svc Rep,Employee,Regular,AZ,2025-07-14,1.13,1.0,40.0,Hourly,20.11,41828.8,20.11,1673.11,0.0,838.76,3564.77,5063.95,52969.39,25.47,1.2663,hours_defaulted
RED-10244,Redwood Electric,Customer Care & Dispatch,CSR,Customer Service Representative,Unspecified,Customer Service Representative - Unspecified,Customer Care & Dispatch,Cust Svc Rep,Employee,FT,AZ,2025-11-09,0.81,1.0,40.0,Hourly,17.14,35651.2,17.14,1426.01,0.0,714.88,3038.3,5063.95,45894.34,22.06,1.2873,hours_defaulted
BAY-10411,Bayside Mechanical,Customer Care & Dispatch,Customer Care,Dispatcher,Unspecified,Dispatcher - Unspecified,Customer Care & Dispatch,Dispatcher,Employee,Regular,FL,2022-08-24,4.02,1.0,40.0,Hourly,21.71,45156.8,21.71,1806.22,0.0,905.49,3848.39,5063.95,56780.85,27.3,1.2574,clean
BAY-10412,Bayside Mechanical,Customer Care & Dispatch,Customer Care,Dispatcher,Unspecified,Dispatcher - Unspecified,Customer Care & Dispatch,Dispatcher,Employee,,FL,2024-02-02,2.58,1.0,40.0,Hourly,24.76,51500.8,24.76,2059.98,0.0,1032.7,4389.04,5063.95,64046.47,30.79,1.2436,clean
BAY-10413,Bayside Mechanical,Customer Care & Dispatch,Customer Care,Dispatcher,Unspecified,Dispatcher - Unspecified,Customer Care & Dispatch,Dispatcher,Employee,FT,FL,2020-03-04,6.49,0.6,24.0,Hourly,19.82,24735.36,19.82,989.39,0.0,496.0,2108.02,3038.37,31367.14,25.13,1.2681,clean
BAY-10414,Bayside Mechanical,Customer Care & Dispatch,Customer Care,Dispatcher,Unspecified,Dispatcher - Unspecified,Customer Care & Dispatch,Dispatcher,Employee,Regular,FL,2025-12-26,0.68,1.0,40.0,Hourly,23.02,47881.6,23.02,1915.21,0.0,960.13,4080.61,5063.95,59901.5,28.8,1.251,clean
BAY-10415,Bayside Mechanical,Customer Care & Dispatch,Customer Care,Dispatcher,Unspecified,Dispatcher - Unspecified,Customer Care & Dispatch,Dispatcher,Employee,Regular,FL,2022-08-07,4.07,1.0,40.0,Hourly,23.5,48880.0,23.5,1955.15,0.0,980.15,4165.69,5063.95,61044.94,29.35,1.2489,clean
BAY-10416,Bayside Mechanical,Customer Care & Dispatch,Customer Care,Dispatcher,Unspecified,Dispatcher - Unspecified,Customer Care & Dispatch,Dispatcher,Employee,Regular,FL,2023-03-17,3.46,1.0,40.0,Hourly,23.45,48776.0,23.45,1950.99,0.0,978.06,4156.83,5063.95,60925.83,29.29,1.2491,clean
BAY-10417,Bayside Mechanical,Customer Care & Dispatch,Customer Care,Dispatcher,Unspecified,Dispatcher - Unspecified,Customer Care & Dispatch,Dispatcher,Employee,FT,FL,2024-01-22,2.61,1.0,40.0,Hourly,22.49,46779.2,22.49,1871.12,0.0,938.02,3986.66,5063.95,58638.95,28.19,1.2535,clean
BAY-10418,Bayside Mechanical,Customer Care & Dispatch,Customer Care,Dispatcher,Unspecified,Dispatcher - Unspecified,Customer Care & Dispatch,Dispatcher,Employee,,FL,2024-12-23,1.69,1.0,40.0,Hourly,24.29,50523.2,24.29,2020.87,0.0,1013.1,4305.73,5063.95,62926.85,30.25,1.2455,clean
BAY-10419,Bayside Mechanical,Customer Care & Dispatch,Customer Care,Dispatcher,Unspecified,Dispatcher - Unspecified,Customer Care & Dispatch,Dispatcher,Employee,FT,FL,2023-11-11,2.8,1.0,40.0,Hourly,21.74,45219.2,21.74,1808.72,0.0,906.74,3853.71,5063.95,56852.32,27.33,1.2573,clean
BAY-10420,Bayside Mechanical,Customer Care & Dispatch,Customer Care,Dispatcher,Unspecified,Dispatcher - Unspecified,Customer Care & Dispatch,Dispatcher,Employee,FT,FL,2020-11-09,5.81,1.0,40.0,Hourly,23.04,47923.2,23.04,1916.88,0.0,960.96,4084.15,5063.95,59949.14,28.82,1.2509,pay_basis_imputed;pay_rate_imputed
BAY-10421,Bayside Mechanical,Customer Care & Dispatch,Customer Care,Dispatcher,Unspecified,Dispatcher - Unspecified,Customer Care & Dispatch,Dispatcher,Employee,Full-Time,FL,2024-08-21,2.03,0.625,25.0,Hourly,23.04,29952.0,23.04,1198.05,0.0,600.6,2552.59,3164.97,37468.21,28.82,1.2509,clean
BAY-10422,Bayside Mechanical,Customer Care & Dispatch,Customer Care,Dispatcher,Unspecified,Dispatcher - Unspecified,Customer Care & Dispatch,Dispatcher,Employee,Regular,FL,2014-11-25,11.76,1.0,40.0,Hourly,23.7,49296.0,23.7,1971.79,0.0,988.49,4201.14,5063.95,61521.37,29.58,1.248,clean
BAY-10423,Bayside Mechanical,Customer Care & Dispatch,Customer Care,Dispatcher,Unspecified,Dispatcher - Unspecified,Customer Care & Dispatch,Dispatcher,Employee,Regular,FL,2025-12-20,0.7,1.0,40.0,Hourly,23.05,47944.0,23.05,1917.71,0.0,961.38,4085.92,5063.95,59972.96,28.83,1.2509,clean
BAY-10424,Bayside Mechanical,Customer Care & Dispatch,Customer Care,Dispatcher,Unspecified,Dispatcher - Unspecified,Customer Care & Dispatch,Dispatcher,Employee,FT,FL,2024-05-01,2.33,1.0,40.0,Hourly,19.69,40955.2,19.69,1638.16,0.0,821.24,3490.32,5063.95,51968.87,24.99,1.2689,clean
GLC-10324,Great Lakes Comfort Systems,Customer Care & Dispatch,Customer Care,Dispatcher,Unspecified,Dispatcher - Unspecified,Customer Care & Dispatch,Dispatcher,Employee,FT,MI,2025-08-04,1.07,1.0,40.0,Hourly,23.75,49400.0,23.75,1975.95,0.0,990.58,4210.01,5063.95,61640.49,29.63,1.2478,clean
GLC-10325,Great Lakes Comfort Systems,Customer Care & Dispatch,Customer Care,Dispatcher,Unspecified,Dispatcher - Unspecified,Customer Care & Dispatch,Dispatcher,Employee,FT,MI,2024-12-06,1.73,0.625,25.0,Hourly,20.11,26143.0,20.11,1045.69,0.0,524.22,2227.98,3164.97,33105.86,25.47,1.2663,clean
GLC-10326,Great Lakes Comfort Systems,Customer Care & Dispatch,Customer Care,Dispatcher,Unspecified,Dispatcher - Unspecified,Customer Care & Dispatch,Dispatcher,Employee,Regular,MI,2023-09-27,2.93,0.5,20.0,Hourly,22.4,23296.0,22.4,931.82,0.0,467.14,1985.35,2531.98,29212.29,28.09,1.254,clean
GLC-10327,Great Lakes Comfort Systems,Customer Care & Dispatch,Customer Care,Dispatcher,Unspecified,Dispatcher - Unspecified,Customer Care & Dispatch,Dispatcher,Employee,Regular,MI,2022-12-26,3.68,1.0,40.0,Hourly,22.89,47611.2,22.89,1904.4,0.0,954.71,4057.56,5063.95,59591.82,28.65,1.2516,clean
GLC-10328,Great Lakes Comfort Systems,Customer Care & Dispatch,Customer Care,Dispatcher,Unspecified,Dispatcher - Unspecified,Customer Care & Dispatch,Dispatcher,Employee,Regular,MI,2020-12-12,5.72,1.0,40.0,Hourly,19.14,39811.2,19.14,1592.41,0.0,798.3,3392.82,5063.95,50658.68,24.36,1.2725,clean
GLC-10329,Great Lakes Comfort Systems,Customer Care & Dispatch,Customer Care,Dispatcher,Unspecified,Dispatcher - Unspecified,Customer Care & Dispatch,Dispatcher,Employee,Regular,MI,2023-11-20,2.78,1.0,40.0,Hourly,20.99,43659.2,20.99,1746.32,0.0,875.46,3720.76,5063.95,55065.69,26.47,1.2613,clean
GLC-10330,Great Lakes Comfort Systems,Customer Care & Dispatch,Customer Care,Dispatcher,Unspecified,Dispatcher - Unspecified,Customer Care & Dispatch,Dispatcher,Employee,Regular,MI,2024-12-21,1.69,1.0,40.0,Hourly,21.06,43804.8,21.06,1752.15,0.0,878.38,3733.17,5063.95,55232.45,26.55,1.2609,clean
GLC-10331,Great Lakes Comfort Systems,Customer Care & Dispatch,Customer Care,Dispatcher,Unspecified,Dispatcher - Unspecified,Customer Care & Dispatch,Dispatcher,Employee,,MI,2023-04-03,3.41,1.0,40.0,Hourly,23.92,49753.6,23.92,1990.09,0.0,997.67,4240.14,5063.95,62045.45,29.83,1.2471,clean
GLC-10332,Great Lakes Comfort Systems,Customer Care & Dispatch,Customer Care,Dispatcher,Unspecified,Dispatcher - Unspecified,Customer Care & Dispatch,Dispatcher,Employee,Regular,MI,2025-04-04,1.41,1.0,40.0,Hourly,23.74,49379.2,23.74,1975.12,0.0,990.16,4208.23,5063.95,61616.66,29.62,1.2478,clean
GLC-10333,Great Lakes Comfort Systems,Customer Care & Dispatch,Customer Care,Dispatcher,Unspecified,Dispatcher - Unspecified,Customer Care & Dispatch,Dispatcher,Employee,FT,MI,2025-10-22,0.86,1.0,40.0,Hourly,22.56,46924.8,22.56,1876.94,0.0,940.94,3999.06,5063.95,58805.69,28.27,1.2532,pay_rate_imputed
GLC-10334,Great Lakes Comfort Systems,Customer Care & Dispatch,Customer Care,Dispatcher,Unspecified,Dispatcher - Unspecified,Customer Care & Dispatch,Dispatcher,Employee,Full-Time,MI,2021-09-02,4.99,0.5,20.0,Hourly,23.43,24367.2,23.43,974.66,0.0,488.62,2076.64,2531.98,30439.1,29.27,1.2492,clean
GLC-10335,Great Lakes Comfort Systems,Customer Care & Dispatch,Customer Care,Dispatcher,Unspecified,Dispatcher - Unspecified,Customer Care & Dispatch,Dispatcher,Employee,,MI,2025-08-23,1.02,1.0,40.0,Hourly,19.11,39748.8,19.11,1589.91,0.0,797.05,3387.5,5063.95,50587.21,24.32,1.2727,clean
GLC-10336,Great Lakes Comfort Systems,Customer Care & Dispatch,Customer Care,Dispatcher,Unspecified,Dispatcher - Unspecified,Customer Care & Dispatch,Dispatcher,Employee,FT,MI,2023-11-10,2.81,1.0,40.0,Hourly,22.72,47257.6,22.72,1890.25,0.0,947.62,4027.43,5063.95,59186.85,28.46,1.2524,clean
PIN-10364,Pinnacle Plumbing & Drain,Customer Care & Dispatch,Call Center,Dispatcher,Unspecified,Dispatcher - Unspecified,Customer Care & Dispatch,Dispatcher,Employee,,TX,2020-03-21,6.44,1.0,40.0,Hourly,19.63,40830.4,19.63,1633.17,0.0,818.74,3479.68,5063.95,51825.94,24.92,1.2693,hours_defaulted;pay_basis_imputed
PIN-10365,Pinnacle Plumbing & Drain,Customer Care & Dispatch,Call Center,Dispatcher,Unspecified,Dispatcher - Unspecified,Customer Care & Dispatch,Dispatcher,Employee,Regular,TX,2025-01-12,1.63,1.0,40.0,Hourly,20.0,41600.0,20.0,1663.96,0.0,834.17,3545.27,5063.95,52707.35,25.34,1.267,hours_defaulted;pay_basis_imputed
PIN-10366,Pinnacle Plumbing & Drain,Customer Care & Dispatch,Call Center,Dispatcher,Unspecified,Dispatcher - Unspecified,Customer Care & Dispatch,Dispatcher,Employee,FT,TX,2024-09-19,1.95,1.0,40.0,Hourly,19.65,40872.0,19.65,1634.84,0.0,819.57,3483.23,5063.95,51873.59,24.94,1.2692,hours_defaulted;pay_basis_imputed
PIN-10367,Pinnacle Plumbing & Drain,Customer Care & Dispatch,Call Center,Dispatcher,Unspecified,Dispatcher - Unspecified,Customer Care & Dispatch,Dispatcher,Employee,Regular,TX,2024-01-09,2.64,1.0,40.0,Hourly,21.48,44678.4,21.48,1787.09,0.0,895.9,3807.62,5063.95,56232.96,27.04,1.2586,hours_defaulted;pay_basis_imputed
PIN-10368,Pinnacle Plumbing & Drain,Customer Care & Dispatch,Call Center,Dispatcher,Unspecified,Dispatcher - Unspecified,Customer Care & Dispatch,Dispacher,Employee,Full-Time,TX,2023-12-02,2.75,1.0,40.0,Hourly,19.39,40331.2,19.39,1613.21,0.0,808.73,3437.14,5063.95,51254.23,24.64,1.2708,hours_defaulted;pay_basis_imputed
PIN-10369,Pinnacle Plumbing & Drain,Customer Care & Dispatch,Call Center,Dispatcher,Unspecified,Dispatcher - Unspecified,Customer Care & Dispatch,Dispatcher,Employee,Full-Time,TX,2025-11-23,0.77,1.0,40.0,Hourly,24.49,50939.2,24.49,2037.51,0.0,1021.44,4341.18,5063.95,63403.28,30.48,1.2447,hours_defaulted;pay_basis_imputed
PIN-10370,Pinnacle Plumbing & Drain,Customer Care & Dispatch,Call Center,Dispatcher,Unspecified,Dispatcher - Unspecified,Customer Care & Dispatch,Dispacher,Employee,Full-Time,TX,2025-02-08,1.56,1.0,40.0,Hourly,22.28,46342.4,22.28,1853.65,0.0,929.27,3949.43,5063.95,58138.7,27.95,1.2545,hours_defaulted;pay_basis_imputed
PIN-10371,Pinnacle Plumbing & Drain,Customer Care & Dispatch,Call Center,Dispatcher,Unspecified,Dispatcher - Unspecified,Customer Care & Dispatch,Dispatcher,Employee,,TX,2024-04-01,2.41,1.0,40.0,Hourly,24.84,51667.2,24.84,2066.63,0.0,1036.04,4403.22,5063.95,64237.04,30.88,1.2433,hours_defaulted;pay_basis_imputed
PIN-10372,Pinnacle Plumbing & Drain,Customer Care & Dispatch,Call Center,Dispatcher,Unspecified,Dispatcher - Unspecified,Customer Care & Dispatch,Dispatcher,Employee,,TX,2025-06-10,1.22,1.0,40.0,Hourly,20.65,42952.0,20.65,1718.03,0.0,861.28,3660.49,5063.95,54255.75,26.08,1.2632,hours_defaulted;pay_basis_imputed
PIN-10373,Pinnacle Plumbing & Drain,Customer Care & Dispatch,Call Center,Dispatcher,Unspecified,Dispatcher - Unspecified,Customer Care & Dispatch,Dispatcher,Employee,Regular,TX,2023-12-29,2.67,1.0,40.0,Hourly,21.12,43929.6,21.12,1757.14,0.0,880.88,3743.8,5063.95,55375.37,26.62,1.2605,hours_defaulted;pay_basis_imputed
RED-10245,Redwood Electric,Customer Care & Dispatch,CSR,Dispatcher,Unspecified,Dispatcher - Unspecified,Customer Care & Dispatch,Dispatcher,Employee,FT,AZ,2021-09-11,4.97,1.0,40.0,Hourly,21.8,45344.0,21.8,1813.71,0.0,909.25,3864.34,5063.95,56995.25,27.4,1.257,hours_defaulted
RED-10246,Redwood Electric,Customer Care & Dispatch,CSR,Dispatcher,Unspecified,Dispatcher - Unspecified,Customer Care & Dispatch,Dispatcher,Employee,Full-Time,AZ,2026-03-03,0.5,1.0,40.0,Hourly,21.95,45656.0,21.95,1826.19,0.0,915.5,3890.93,5063.95,57352.57,27.57,1.2562,hours_defaulted
RED-10247,Redwood Electric,Customer Care & Dispatch,CSR,Dispatcher,Unspecified,Dispatcher - Unspecified,Customer Care & Dispatch,Dispatcher,Employee,Full-Time,AZ,2019-06-10,7.23,1.0,40.0,Hourly,23.21,48276.8,23.21,1931.02,0.0,968.05,4114.29,5063.95,60354.11,29.02,1.2502,hours_defaulted
RED-10248,Redwood Electric,Customer Care & Dispatch,CSR,Dispatcher,Unspecified,Dispatcher - Unspecified,Customer Care & Dispatch,Dispatcher,Employee,Full-Time,AZ,2021-11-04,4.82,1.0,40.0,Hourly,23.39,48651.2,23.39,1946.0,0.0,975.56,4146.19,5063.95,60782.9,29.22,1.2494,hours_defaulted
RED-10249,Redwood Electric,Customer Care & Dispatch,CSR,Dispatcher,Unspecified,Dispatcher - Unspecified,Customer Care & Dispatch,Dispatcher,Employee,,AZ,2026-02-08,0.56,1.0,40.0,Hourly,22.07,45905.6,22.07,1836.18,0.0,920.51,3912.2,5063.95,57638.44,27.71,1.2556,hours_defaulted
RED-10250,Redwood Electric,Customer Care & Dispatch,CSR,Dispatcher,Unspecified,Dispatcher - Unspecified,Customer Care & Dispatch,Dispatcher,Employee,Regular,AZ,2025-09-30,0.92,1.0,40.0,Hourly,19.14,39811.2,19.14,1592.41,0.0,798.3,3392.82,5063.95,50658.68,24.36,1.2725,hours_defaulted
RED-10251,Redwood Electric,Customer Care & Dispatch,CSR,Dispatcher,Unspecified,Dispatcher - Unspecified,Customer Care & Dispatch,Dispatcher,Employee,Full-Time,AZ,2019-09-24,6.93,1.0,40.0,Hourly,20.74,43139.2,20.74,1725.52,0.0,865.03,3676.44,5063.95,54470.14,26.19,1.2627,hours_defaulted
RED-10252,Redwood Electric,Customer Care & Dispatch,CSR,Dispatcher,Unspecified,Dispatcher - Unspecified,Customer Care & Dispatch,Dispatcher,Employee,Regular,AZ,2023-08-20,3.03,1.0,40.0,Hourly,21.95,45656.0,21.95,1826.19,0.0,915.5,3890.93,5063.95,57352.57,27.57,1.2562,hours_defaulted;pay_rate_imputed
NHS-10075,Northstar Corporate,Executive & Corporate,Executive & Corporate,Chief Executive Officer,NA,Chief Executive Officer,Executive & Corporate,Chief Executive Officer,Employee,Regular,FL,2022-08-01,4.08,1.0,40.0,Annual,438000.0,438000.0,210.58,0.0,0.0,153081.13,26335.33,15393.48,632809.94,304.24,1.4448,clean
NHS-10076,Northstar Corporate,Executive & Corporate,Executive & Corporate,Chief Financial Officer,NA,Chief Financial Officer,Executive & Corporate,Chief Financial Officer,Employee,Regular,FL,2025-04-02,1.41,1.0,40.0,Annual,314500.0,314500.0,151.2,0.0,0.0,109917.84,18909.73,15393.48,458721.05,220.54,1.4586,clean
NHS-10077,Northstar Corporate,Executive & Corporate,Executive & Corporate,Chief Operating Officer,NA,Chief Operating Officer,Executive & Corporate,Chief Operating Officer,Employee,Regular,FL,2017-02-16,9.54,1.0,40.0,Annual,313500.0,313500.0,150.72,0.0,0.0,109568.34,18849.6,15393.48,457311.42,219.86,1.4587,clean
NHS-10061,Northstar Corporate,Executive & Corporate,Executive & Corporate,Executive Assistant,NA,Executive Assistant,Executive & Corporate,Executive Assistant,Employee,Regular,FL,2024-06-13,2.21,1.0,40.0,Annual,71500.0,71500.0,34.38,0.0,0.0,24989.27,4299.03,15393.48,116181.78,55.86,1.6249,clean
NHS-10062,Northstar Corporate,Executive & Corporate,Executive & Corporate,Executive Assistant,NA,Executive Assistant,Executive & Corporate,Executive Assistant,Employee,FT,FL,2023-11-12,2.8,1.0,40.0,Annual,72000.0,72000.0,34.62,0.0,0.0,25164.02,4329.1,15393.48,116886.6,56.2,1.6234,clean
NHS-10063,Northstar Corporate,Executive & Corporate,Executive & Corporate,Executive Assistant,NA,Executive Assistant,Executive & Corporate,Executive Assistant,Employee,Full-Time,FL,2023-07-11,3.14,1.0,40.0,Annual,63500.0,63500.0,30.53,0.0,0.0,22193.27,3818.02,15393.48,104904.77,50.43,1.652,clean
NHS-10064,Northstar Corporate,Executive & Corporate,Executive & Corporate,Executive Assistant,NA,Executive Assistant,Executive & Corporate,Executive Assistant,Employee,Full-Time,FL,2023-09-21,2.94,1.0,40.0,Annual,71500.0,71500.0,34.38,0.0,0.0,24989.27,4299.03,15393.48,116181.78,55.86,1.6249,clean
NHS-10065,Northstar Corporate,Executive & Corporate,Executive & Corporate,Executive Assistant,NA,Executive Assistant,Executive & Corporate,Executive Assistant,Employee,Regular,FL,2024-07-28,2.09,1.0,40.0,Annual,60500.0,60500.0,29.09,0.0,0.0,21144.77,3637.64,15393.48,100675.89,48.4,1.6641,clean
PIN-10424,Pinnacle Plumbing & Drain,Executive & Corporate,Executive,Executive Assistant,NA,Executive Assistant,Executive & Corporate,Executive Assistant,Employee,,TX,2026-05-11,0.31,1.0,40.0,Annual,64500.0,64500.0,31.01,0.0,0.0,22542.77,3878.15,15393.48,106314.4,51.11,1.6483,hours_defaulted;pay_basis_imputed
BAY-10480,Bayside Mechanical,Executive & Corporate,Executive,General Manager,NA,General Manager,Executive & Corporate,General Manager,Employee,,FL,2017-08-22,9.02,1.0,40.0,Annual,162500.0,162500.0,78.12,0.0,0.0,56793.8,9770.53,15393.48,244457.81,117.53,1.5044,clean
GLC-10390,Great Lakes Comfort Systems,Executive & Corporate,Executive,General Manager,NA,General Manager,Executive & Corporate,General Manager,Employee,Regular,MI,2025-11-25,0.76,1.0,40.0,Annual,162500.0,162500.0,78.12,0.0,0.0,56793.8,9770.53,15393.48,244457.81,117.53,1.5044,clean
PIN-10425,Pinnacle Plumbing & Drain,Executive & Corporate,Executive,General Manager,NA,General Manager,Executive & Corporate,General Manager,Employee,,TX,2025-01-25,1.6,1.0,40.0,Annual,193500.0,193500.0,93.03,0.0,0.0,67628.31,11634.44,15393.48,288156.23,138.54,1.4892,hours_defaulted;pay_basis_imputed
RED-10285,Redwood Electric,Executive & Corporate,Executive,General Manager,NA,General Manager,Executive & Corporate,General Manager,Employee,Regular,AZ,2024-09-28,1.92,1.0,40.0,Annual,176500.0,176500.0,84.86,0.0,0.0,61686.8,10612.3,15393.48,264192.58,127.02,1.4968,hours_defaulted
NHS-10066,Northstar Corporate,Executive & Corporate,Executive & Corporate,Operations Analyst,NA,Operations Analyst,Executive & Corporate,Operations Analyst,Employee,FT,FL,2020-12-07,5.73,1.0,40.0,Annual,74000.0,74000.0,35.58,0.0,0.0,25863.02,4449.35,15393.48,119705.85,57.55,1.6176,clean
NHS-10067,Northstar Corporate,Executive & Corporate,Executive & Corporate,Operations Analyst,NA,Operations Analyst,Executive & Corporate,Operations Analyst,Employee,,FL,2025-02-21,1.52,1.0,40.0,Annual,73500.0,73500.0,35.34,0.0,0.0,25688.27,4419.29,15393.48,119001.04,57.21,1.6191,clean
NHS-10068,Northstar Corporate,Executive & Corporate,Executive & Corporate,Operations Analyst,NA,Operations Analyst,Executive & Corporate,Operations Analyst,Employee,Regular,FL,2017-06-01,9.25,1.0,40.0,Annual,77000.0,77000.0,37.02,0.0,0.0,26911.52,4629.73,15393.48,123934.73,59.58,1.6095,clean
NHS-10069,Northstar Corporate,Executive & Corporate,Executive & Corporate,Operations Analyst,NA,Operations Analyst,Executive & Corporate,Operations Analyst,Employee,FT,FL,2024-08-26,2.01,1.0,40.0,Annual,77000.0,77000.0,37.02,0.0,0.0,26911.52,4629.73,15393.48,123934.73,59.58,1.6095,clean
NHS-10070,Northstar Corporate,Executive & Corporate,Executive & Corporate,Operations Analyst,NA,Operations Analyst,Executive & Corporate,Operations Analyst,Employee,,FL,2023-06-03,3.24,1.0,40.0,Annual,76000.0,76000.0,36.54,0.0,0.0,26562.02,4569.6,15393.48,122525.1,58.91,1.6122,clean
NHS-10071,Northstar Corporate,Executive & Corporate,Executive & Corporate,Operations Analyst,NA,Operations Analyst,Executive & Corporate,Operations Analyst,Employee,Regular,FL,2023-06-26,3.18,1.0,40.0,Annual,71500.0,71500.0,34.38,0.0,0.0,24989.27,4299.03,15393.48,116181.78,55.86,1.6249,on_leave
NHS-10072,Northstar Corporate,Executive & Corporate,Executive & Corporate,Regional Vice President,NA,Regional Vice President,Executive & Corporate,Regional Vice President,Employee,FT,FL,2025-10-11,0.89,1.0,40.0,Annual,223000.0,223000.0,107.21,0.0,0.0,77938.56,13408.17,15393.48,329740.21,158.53,1.4787,clean
NHS-10073,Northstar Corporate,Executive & Corporate,Executive & Corporate,Regional Vice President,NA,Regional Vice President,Executive & Corporate,Regional Vice President,Employee,Full-Time,FL,2024-02-19,2.53,1.0,40.0,Annual,206500.0,206500.0,99.28,0.0,0.0,72171.81,12416.09,15393.48,306481.38,147.35,1.4842,clean
NHS-10074,Northstar Corporate,Executive & Corporate,Executive & Corporate,Regional Vice President,NA,Regional Vice President,Executive & Corporate,Regional Vice President,Employee,Regular,FL,2025-09-25,0.93,1.0,40.0,Annual,188500.0,188500.0,90.62,0.0,0.0,65880.8,11333.81,15393.48,281108.09,135.15,1.4913,clean
RED-10001,Redwood Electric,Field Service - Install,Installation,Electrical Installer,Apprentice,Electrical Installer - Apprentice,Field - Install,Apprentice Electrician (Lvl 1),Employee,,AZ,2021-02-25,5.51,1.0,40.0,Hourly,18.23,37918.4,18.23,4604.71,3056.2,379.53,3222.97,7713.54,56895.35,27.35,1.5005,hours_defaulted
RED-10002,Redwood Electric,Field Service - Install,Installation,Electrical Installer,Apprentice,Electrical Installer - Apprentice,Field - Install,Apprentice Electrician (Lvl 1),Employee,Regular,AZ,2025-09-16,0.96,1.0,40.0,Hourly,20.32,42265.6,20.32,5132.62,3406.58,423.04,3592.48,7713.54,62533.86,30.06,1.4795,hours_defaulted
RED-10003,Redwood Electric,Field Service - Install,Installation,Electrical Installer,Apprentice,Electrical Installer - Apprentice,Field - Install,Apprentice Electrician (Lvl 1),Employee,,AZ,2022-10-01,3.92,1.0,40.0,Hourly,19.43,40414.4,19.43,4907.81,3257.38,404.51,3435.13,7713.54,60132.77,28.91,1.4879,hours_defaulted
RED-10004,Redwood Electric,Field Service - Install,Installation,Electrical Installer,Apprentice,Electrical Installer - Apprentice,Field - Install,Apprentice Electrician (Lvl 1),Employee,Regular,AZ,2019-03-25,7.44,1.0,40.0,Hourly,19.14,39811.2,19.14,4834.56,3208.76,398.48,3383.86,7713.54,59350.4,28.53,1.4908,hours_defaulted
RED-10005,Redwood Electric,Field Service - Install,Installation,Electrical Installer,Apprentice,Electrical Installer - Apprentice,Field - Install,Apprentice Electrician (Lvl 1),Employee,FT,AZ,2025-10-10,0.89,1.0,40.0,Hourly,18.51,38500.8,18.51,4675.43,3103.14,385.36,3272.48,7713.54,57650.75,27.72,1.4974,hours_defaulted
RED-10006,Redwood Electric,Field Service - Install,Installation,Electrical Installer,Apprentice,Electrical Installer - Apprentice,Field - Install,Apprentice Electrician (Lvl 1),Employee,Seasonal,AZ,2026-03-07,0.48,1.0,40.0,Hourly,18.35,38168.0,18.35,4635.02,3076.32,382.03,3244.19,7713.54,57219.1,27.51,1.4991,hours_defaulted
RED-10007,Redwood Electric,Field Service - Install,Installation,Electrical Installer,Apprentice,Electrical Installer - Apprentice,Field - Install,Apprentice Electrician (Lvl 1),Employee,,AZ,2020-02-16,6.54,1.0,40.0,Hourly,17.38,36150.4,17.38,4390.0,2913.7,361.83,3072.7,7713.54,54602.17,26.25,1.5104,hours_defaulted
RED-10008,Redwood Electric,Field Service - Install,Installation,Electrical Installer,Apprentice,Electrical Installer - Apprentice,Field - Install,Apprentice Electrician (Lvl 1),Employee,Regular,AZ,2022-07-21,4.11,1.0,40.0,Hourly,19.55,40664.0,19.55,4938.12,3277.49,407.01,3456.34,7713.54,60456.5,29.07,1.4867,hours_defaulted
RED-10009,Redwood Electric,Field Service - Install,Installation,Electrical Installer,Apprentice,Electrical Installer - Apprentice,Field - Install,Apprentice Electrician (Lvl 1),Employee,Regular,AZ,2022-06-17,4.21,1.0,40.0,Hourly,20.93,43534.4,20.93,5286.7,3508.85,435.74,3700.32,7713.54,64179.55,30.86,1.4742,hours_defaulted
RED-10010,Redwood Electric,Field Service - Install,Installation,Electrical Installer,Apprentice,Electrical Installer - Apprentice,Field - Install,Apprentice Electrician (Lvl 1),Employee,Regular,AZ,2026-02-06,0.56,1.0,40.0,Hourly,17.54,36483.2,17.54,4430.42,2940.52,365.17,3100.98,7713.54,55033.83,26.46,1.5085,hours_defaulted
RED-10011,Redwood Electric,Field Service - Install,Installation,Electrical Installer,Apprentice,Electrical Installer - Apprentice,Field - Install,Apprentice Electrician (Lvl 1),Employee,Regular,AZ,2026-02-28,0.5,1.0,40.0,Hourly,20.32,42265.6,20.32,5132.62,3406.58,423.04,3592.48,7713.54,62533.86,30.06,1.4795,hours_defaulted
RED-10012,Redwood Electric,Field Service - Install,Installation,Electrical Installer,Apprentice,Electrical Installer - Apprentice,Field - Install,Apprentice Electrician (Lvl 1),Employee,Full-Time,AZ,2019-11-11,6.8,1.0,40.0,Hourly,21.13,43950.4,21.13,5337.21,3542.38,439.91,3735.68,7713.54,64719.12,31.11,1.4725,hours_defaulted
RED-10013,Redwood Electric,Field Service - Install,Installation,Electrical Installer,Apprentice,Electrical Installer - Apprentice,Field - Install,Apprentice Electrician (Lvl 1),Employee,FT,AZ,2021-06-08,5.23,1.0,40.0,Hourly,18.44,38355.2,18.44,4657.75,3091.41,383.9,3260.1,7713.54,57461.9,27.63,1.4982,hours_defaulted;pay_rate_imputed
RED-10014,Redwood Electric,Field Service - Install,Installation,Electrical Installer,Apprentice,Electrical Installer - Apprentice,Field - Install,Apprentice Electrician (Lvl 1),Employee,Regular,AZ,2017-06-19,9.2,1.0,40.0,Hourly,17.88,37190.4,17.88,4516.3,2997.52,372.24,3161.1,7713.54,55951.1,26.9,1.5045,hours_defaulted
RED-10015,Redwood Electric,Field Service - Install,Installation,Electrical Installer,Apprentice,Electrical Installer - Apprentice,Field - Install,Apprentice Electrician (Lvl 1),Employee,Regular,AZ,2018-01-19,8.61,1.0,40.0,Hourly,18.34,38147.2,18.34,4632.49,3074.64,381.82,3242.42,7713.54,57192.11,27.5,1.4992,hours_defaulted
RED-10016,Redwood Electric,Field Service - Install,Installation,Electrical Installer,Apprentice,Electrical Installer - Apprentice,Field - Install,Apprentice Electrician (Lvl 1),Employee,,AZ,2025-08-27,1.01,1.0,40.0,Hourly,20.44,42515.2,20.44,5162.93,3426.7,425.54,3613.69,7713.54,62857.6,30.22,1.4785,hours_defaulted
RED-10017,Redwood Electric,Field Service - Install,Installation,Electrical Installer,Apprentice,Electrical Installer - Apprentice,Field - Install,Apprentice Electrician (Lvl 1),Employee,FT,AZ,2020-07-07,6.15,1.0,40.0,Hourly,18.37,38209.6,18.37,4640.07,3079.67,382.45,3247.72,7713.54,57273.05,27.54,1.4989,hours_defaulted
RED-10018,Redwood Electric,Field Service - Install,Installation,Electrical Installer,Apprentice,Electrical Installer - Apprentice,Field - Install,Apprentice Electrician (Lvl 1),Employee,Regular,AZ,2019-09-17,6.95,1.0,40.0,Hourly,17.66,36732.8,17.66,4460.73,2960.64,367.66,3122.2,7713.54,55357.57,26.61,1.507,hours_defaulted
RED-10019,Redwood Electric,Field Service - Install,Installation,Electrical Installer,Apprentice,Electrical Installer - Apprentice,Field - Install,Apprentice Electrician (Lvl 1),Employee,Seasonal,AZ,2022-02-19,4.53,1.0,40.0,Hourly,17.14,35651.2,17.14,4329.38,2873.47,356.84,3030.27,7713.54,53954.7,25.94,1.5134,hours_defaulted
RED-10020,Redwood Electric,Field Service - Install,Installation,Electrical Installer,II,Electrical Installer - II,Field - Install,Electrical Installer (Lvl 2),Employee,Regular,AZ,2024-11-01,1.83,1.0,40.0,Hourly,28.38,59030.4,28.38,7168.49,4757.82,590.84,5017.44,7713.54,84278.53,40.52,1.4277,hours_defaulted
RED-10021,Redwood Electric,Field Service - Install,Installation,Electrical Installer,II,Electrical Installer - II,Field - Install,Electrical Installer (Lvl 2),Employee,,AZ,2022-12-04,3.74,1.0,40.0,Hourly,29.45,61256.0,29.45,7438.76,4937.2,613.12,5206.61,7713.54,87165.23,41.91,1.423,hours_defaulted
RED-10022,Redwood Electric,Field Service - Install,Installation,Electrical Installer,II,Electrical Installer - II,Field - Install,Electrical Installer (Lvl 2),Employee,Regular,AZ,2026-01-18,0.62,1.0,40.0,Hourly,26.15,54392.0,26.15,6605.21,4383.96,544.42,4623.19,7713.54,78262.32,37.63,1.4389,hours_defaulted
RED-10023,Redwood Electric,Field Service - Install,Installation,Electrical Installer,II,Electrical Installer - II,Field - Install,Electrical Installer (Lvl 2),Employee,Regular,AZ,2023-03-15,3.46,1.0,40.0,Hourly,25.01,52020.8,25.01,6317.26,4192.85,520.68,4421.64,7713.54,75186.77,36.15,1.4453,hours_defaulted
RED-10024,Redwood Electric,Field Service - Install,Installation,Electrical Installer,II,Electrical Installer - II,Field - Install,Electrical Installer (Lvl 2),Employee,,AZ,2023-02-02,3.58,1.0,40.0,Hourly,23.41,48692.8,23.41,5913.12,3924.61,487.37,4138.77,7713.54,70870.21,34.07,1.4555,hours_defaulted
RED-10025,Redwood Electric,Field Service - Install,Installation,Electrical Installer,II,Electrical Installer - II,Field - Install,Electrical Installer (Lvl 2),Employee,Regular,AZ,2023-01-24,3.6,1.0,40.0,Hourly,24.35,50648.0,24.35,6150.55,4082.2,506.94,4304.96,7713.54,73406.19,35.29,1.4493,hours_defaulted
RED-10026,Redwood Electric,Field Service - Install,Installation,Electrical Installer,II,Electrical Installer - II,Field - Install,Electrical Installer (Lvl 2),Employee,Regular,AZ,2025-12-04,0.74,1.0,40.0,Hourly,25.76,53580.8,25.76,6506.7,4318.58,536.3,4554.24,7713.54,77210.16,37.12,1.441,hours_defaulted
RED-10027,Redwood Electric,Field Service - Install,Installation,Electrical Installer,II,Electrical Installer - II,Field - Install,Electrical Installer (Lvl 2),Employee,FT,AZ,2021-11-23,4.77,1.0,40.0,Hourly,29.0,60320.0,29.0,7325.09,4861.76,603.75,5127.06,7713.54,85951.2,41.32,1.4249,hours_defaulted
RED-10028,Redwood Electric,Field Service - Install,Installation,Electrical Installer,II,Electrical Installer - II,Field - Install,Electrical Installer (Lvl 2),Employee,,AZ,2022-08-15,4.04,1.0,40.0,Hourly,25.98,54038.4,25.98,6562.27,4355.46,540.88,4593.14,7713.54,77803.69,37.41,1.4398,hours_defaulted
RED-10029,Redwood Electric,Field Service - Install,Installation,Electrical Installer,II,Electrical Installer - II,Field - Install,Electrical Installer (Lvl 2),Employee,,AZ,2021-06-25,5.18,1.0,40.0,Hourly,22.1,45968.0,22.1,5582.23,3704.99,460.1,3907.17,7713.54,67336.03,32.37,1.4648,hours_defaulted
RED-10030,Redwood Electric,Field Service - Install,Installation,Electrical Installer,II,Electrical Installer - II,Field - Install,Electrical Installer (Lvl 2),Employee,Regular,AZ,2022-02-20,4.53,1.0,40.0,Hourly,24.31,50564.8,24.31,6140.45,4075.49,506.11,4297.89,7713.54,73298.28,35.24,1.4496,hours_defaulted
RED-10031,Redwood Electric,Field Service - Install,Installation,Electrical Installer,II,Electrical Installer - II,Field - Install,Electrical Installer (Lvl 2),Employee,Regular,AZ,2025-10-30,0.84,1.0,40.0,Hourly,23.98,49878.4,23.98,6057.09,4020.17,499.24,4239.55,7713.54,72407.99,34.81,1.4517,hours_defaulted
RED-10032,Redwood Electric,Field Service - Install,Installation,Electrical Installer,II,Electrical Installer - II,Field - Install,Electrical Installer (Lvl 2),Employee,,AZ,2024-09-01,2.0,1.0,40.0,Hourly,25.57,53185.6,25.57,6458.71,4286.73,532.34,4520.65,7713.54,76697.57,36.87,1.4421,hours_defaulted
RED-10033,Redwood Electric,Field Service - Install,Installation,Electrical Installer,II,Electrical Installer - II,Field - Install,Electrical Installer (Lvl 2),Employee,FT,AZ,2021-07-18,5.12,1.0,40.0,Hourly,24.48,50918.4,24.48,6183.39,4103.99,509.65,4327.94,7713.54,73756.91,35.46,1.4485,hours_defaulted
RED-10034,Redwood Electric,Field Service - Install,Installation,Electrical Installer,II,Electrical Installer - II,Field - Install,Electrical Installer (Lvl 2),Employee,Regular,AZ,2023-09-06,2.98,1.0,40.0,Hourly,27.55,57304.0,27.55,6958.84,4618.67,573.56,4870.7,7713.54,82039.31,39.44,1.4317,hours_defaulted
RED-10035,Redwood Electric,Field Service - Install,Installation,Electrical Installer,II,Electrical Installer - II,Field - Install,Electrical Installer (Lvl 2),Employee,FT,AZ,2020-08-01,6.08,1.0,40.0,Hourly,28.48,59238.4,28.48,7193.75,4774.58,592.93,5035.12,7713.54,84548.32,40.65,1.4273,hours_defaulted
RED-10036,Redwood Electric,Field Service - Install,Installation,Electrical Installer,II,Electrical Installer - II,Field - Install,Electrical Installer (Lvl 2),Employee,Regular,AZ,2020-04-11,6.39,1.0,40.0,Hourly,29.25,60840.0,29.25,7388.24,4903.67,608.96,5171.25,7713.54,86625.66,41.65,1.4238,hours_defaulted
RED-10037,Redwood Electric,Field Service - Install,Installation,Electrical Installer,II,Electrical Installer - II,Field - Install,Electrical Installer (Lvl 2),Employee,Full-Time,AZ,2017-08-25,9.02,1.0,40.0,Hourly,23.22,48297.6,23.22,5865.13,3892.76,483.42,4105.18,7713.54,70357.63,33.83,1.4568,hours_defaulted
RED-10038,Redwood Electric,Field Service - Install,Installation,Electrical Installer,II,Electrical Installer - II,Field - Install,Electrical Installer (Lvl 2),Employee,Regular,AZ,2024-12-07,1.73,1.0,40.0,Hourly,25.72,53497.6,25.72,6496.6,4311.88,535.47,4547.17,7713.54,77102.26,37.07,1.4412,hours_defaulted;pay_rate_imputed
RED-10039,Redwood Electric,Field Service - Install,Installation,Electrical Installer,II,Electrical Installer - II,Field - Install,Electrical Installer (Lvl 2),Employee,Full-Time,AZ,2018-08-01,8.08,1.0,40.0,Hourly,26.94,56035.2,26.94,6804.76,4516.4,560.86,4762.86,7713.54,80393.62,38.65,1.4347,hours_defaulted
RED-10040,Redwood Electric,Field Service - Install,Installation,Electrical Installer,II,Electrical Installer - II,Field - Install,Electrical Installer (Lvl 2),Employee,Regular,AZ,2022-10-14,3.88,1.0,40.0,Hourly,24.7,51376.0,24.7,6238.96,4140.88,514.23,4366.84,7713.54,74350.45,35.75,1.4472,hours_defaulted
RED-10041,Redwood Electric,Field Service - Install,Installation,Electrical Installer,II,Electrical Installer - II,Field - Install,Electrical Installer (Lvl 2),Employee,Regular,AZ,2026-01-24,0.6,1.0,40.0,Hourly,27.99,58219.2,27.99,7069.98,4692.43,582.72,4948.49,7713.54,83226.36,40.01,1.4295,hours_defaulted
RED-10042,Redwood Electric,Field Service - Install,Installation,Electrical Installer,II,Electrical Installer - II,Field - Install,Electrical Installer (Lvl 2),Employee,FT,AZ,2013-06-29,13.17,1.0,40.0,Hourly,29.99,62379.2,29.99,7575.16,5027.73,624.36,5302.08,7713.54,88622.07,42.61,1.4207,hours_defaulted
RED-10043,Redwood Electric,Field Service - Install,Installation,Electrical Installer,II,Electrical Installer - II,Field - Install,Electrical Installer (Lvl 2),Employee,Regular,AZ,2022-12-13,3.72,1.0,40.0,Hourly,25.34,52707.2,25.34,6400.62,4248.17,527.55,4479.99,7713.54,76077.07,36.58,1.4434,hours_defaulted
RED-10044,Redwood Electric,Field Service - Install,Installation,Electrical Installer,II,Electrical Installer - II,Field - Install,Electrical Installer (Lvl 2),Employee,Regular,AZ,2023-04-14,3.38,1.0,40.0,Hourly,23.08,48006.4,23.08,5829.76,3869.29,480.5,4080.43,7713.54,69979.92,33.64,1.4577,hours_defaulted
RED-10045,Redwood Electric,Field Service - Install,Installation,Electrical Installer,II,Electrical Installer - II,Field - Install,Electrical Installer (Lvl 2),Employee,FT,AZ,2025-02-22,1.52,1.0,40.0,Hourly,27.12,56409.6,27.12,6850.22,4546.58,564.61,4794.68,7713.54,80879.23,38.88,1.4338,hours_defaulted
RED-10046,Redwood Electric,Field Service - Install,Installation,Electrical Installer,II,Electrical Installer - II,Field - Install,Electrical Installer (Lvl 2),Employee,,AZ,2023-01-25,3.6,1.0,40.0,Hourly,25.71,53476.8,25.71,6494.07,4310.2,535.26,4545.4,7713.54,77075.27,37.06,1.4413,hours_defaulted
RED-10047,Redwood Electric,Field Service - Install,Installation,Electrical Installer,II,Electrical Installer - II,Field - Install,Electrical Installer (Lvl 2),Employee,,AZ,2023-09-29,2.92,1.0,40.0,Hourly,25.87,53809.6,25.87,6534.49,4337.02,538.59,4573.69,7713.54,77506.93,37.26,1.4404,hours_defaulted
RED-10048,Redwood Electric,Field Service - Install,Installation,Electrical Installer,II,Electrical Installer - II,Field - Install,Electrical Installer (Lvl 2),Employee,Regular,AZ,2016-07-16,10.12,1.0,40.0,Hourly,27.74,57699.2,27.74,7006.83,4650.52,577.52,4904.29,7713.54,82551.9,39.69,1.4307,hours_defaulted
RED-10049,Redwood Electric,Field Service - Install,Installation,Electrical Installer,II,Electrical Installer - II,Field - Install,Electrical Installer (Lvl 2),Employee,Full-Time,AZ,2024-05-05,2.32,1.0,40.0,Hourly,27.37,56929.6,27.37,6913.37,4588.49,569.82,4838.88,7713.54,81553.7,39.21,1.4325,hours_defaulted
RED-10050,Redwood Electric,Field Service - Install,Installation,Electrical Installer,II,Electrical Installer - II,Field - Install,Electrical Installer (Lvl 2),Employee,,AZ,2023-03-30,3.42,1.0,40.0,Hourly,29.54,61443.2,29.54,7461.49,4952.29,614.99,5222.53,7713.54,87408.04,42.02,1.4226,hours_defaulted
RED-10051,Redwood Electric,Field Service - Install,Installation,Electrical Installer,II,Electrical Installer - II,Field - Install,Electrical Installer (Lvl 2),Employee,Full-Time,AZ,2021-01-01,5.66,1.0,40.0,Hourly,22.41,46612.8,22.41,5660.53,3756.96,466.55,3961.98,7713.54,68172.36,32.78,1.4625,hours_defaulted
RED-10052,Redwood Electric,Field Service - Install,Installation,Electrical Installer,II,Electrical Installer - II,Field - Install,Electrical Installer (Lvl 2),Employee,Full-Time,AZ,2020-07-11,6.14,1.0,40.0,Hourly,24.03,49982.4,24.03,6069.72,4028.55,500.28,4248.38,7713.54,72542.87,34.88,1.4514,hours_defaulted
RED-10053,Redwood Electric,Field Service - Install,Installation,Electrical Installer,II,Electrical Installer - II,Field - Install,Electrical Installer (Lvl 2),Employee,Full-Time,AZ,2013-03-28,13.43,1.0,40.0,Hourly,23.04,47923.2,23.04,5819.66,3862.58,479.67,4073.36,7713.54,69872.01,33.59,1.458,hours_defaulted
RED-10054,Redwood Electric,Field Service - Install,Installation,Electrical Installer,II,Electrical Installer - II,Field - Install,Electrical Installer (Lvl 2),Employee,FT,AZ,2026-01-19,0.61,1.0,40.0,Hourly,26.75,55640.0,26.75,6756.77,4484.55,556.91,4729.27,7713.54,79881.04,38.4,1.4357,hours_defaulted
RED-10055,Redwood Electric,Field Service - Install,Installation,Electrical Installer,II,Electrical Installer - II,Field - Install,Electrical Installer (Lvl 2),Employee,Full-Time,AZ,2021-02-16,5.54,1.0,40.0,Hourly,24.22,50377.6,24.22,6117.72,4060.41,504.24,4281.98,7713.54,73055.49,35.12,1.4502,hours_defaulted
RED-10056,Redwood Electric,Field Service - Install,Installation,Electrical Installer,II,Electrical Installer - II,Field - Install,Electrical Installer (Lvl 2),Employee,Regular,AZ,2025-04-19,1.37,1.0,40.0,Hourly,25.7,53456.0,25.7,6491.55,4308.52,535.05,4543.63,7713.54,77048.29,37.04,1.4413,hours_defaulted
RED-10057,Redwood Electric,Field Service - Install,Installation,Electrical Installer,II,Electrical Installer - II,Field - Install,Electrical Installer (Lvl 2),Employee,Regular,AZ,2016-07-20,10.11,1.0,40.0,Hourly,28.69,59675.2,28.69,7246.79,4809.79,597.3,5072.25,7713.54,85114.87,40.92,1.4263,hours_defaulted
RED-10058,Redwood Electric,Field Service - Install,Installation,Electrical Installer,II,Electrical Installer - II,Field - Install,Electrical Installer (Lvl 2),Employee,Regular,AZ,2023-06-01,3.25,1.0,40.0,Hourly,26.11,54308.8,26.11,6595.11,4377.26,543.58,4616.12,7713.54,78154.41,37.57,1.4391,hours_defaulted
RED-10059,Redwood Electric,Field Service - Install,Installation,Electrical Installer,II,Electrical Installer - II,Field - Install,Electrical Installer (Lvl 2),Employee,Regular,AZ,2025-09-26,0.93,1.0,40.0,Hourly,27.75,57720.0,27.75,7009.36,4652.2,577.73,4906.06,7713.54,82578.89,39.7,1.4307,hours_defaulted
RED-10060,Redwood Electric,Field Service - Install,Installation,Electrical Installer,II,Electrical Installer - II,Field - Install,Electrical Installer (Lvl 2),Employee,Regular,AZ,2024-12-02,1.74,1.0,40.0,Hourly,26.08,54246.4,26.08,6587.53,4372.23,542.96,4610.81,7713.54,78073.47,37.54,1.4392,hours_defaulted
RED-10061,Redwood Electric,Field Service - Install,Installation,Electrical Installer,II,Electrical Installer - II,Field - Install,Electrical Installer (Lvl 2),Employee,FT,AZ,2021-01-01,5.66,1.0,40.0,Hourly,23.33,48526.4,23.33,5892.91,3911.2,485.71,4124.63,7713.54,70654.39,33.97,1.456,hours_defaulted
RED-10062,Redwood Electric,Field Service - Install,Installation,Electrical Installer,II,Electrical Installer - II,Field - Install,Electrical Installer (Lvl 2),Employee,Regular,AZ,2023-08-10,3.06,1.0,40.0,Hourly,29.65,61672.0,29.65,7489.28,4970.73,617.28,5241.97,7713.54,87704.8,42.17,1.4221,hours_defaulted
RED-10063,Redwood Electric,Field Service - Install,Installation,Electrical Installer,II,Electrical Installer - II,Field - Install,Electrical Installer (Lvl 2),Employee,Regular,AZ,2024-04-27,2.34,1.0,40.0,Hourly,24.93,51854.4,24.93,6297.05,4179.43,519.02,4407.5,7713.54,74970.94,36.04,1.4458,hours_defaulted
RED-10064,Redwood Electric,Field Service - Install,Installation,Electrical Installer,II,Electrical Installer - II,Field - Install,Electrical Installer (Lvl 2),Employee,,AZ,2023-12-11,2.72,1.0,40.0,Hourly,24.42,50793.6,24.42,6168.23,4093.93,508.4,4317.33,7713.54,73595.03,35.38,1.4489,hours_defaulted
RED-10065,Redwood Electric,Field Service - Install,Installation,Electrical Installer,II,Electrical Installer - II,Field - Install,Electrical Installer (Lvl 2),Employee,FT,AZ,2025-04-25,1.35,1.0,40.0,Hourly,22.45,46696.0,22.45,5670.63,3763.67,467.39,3969.05,7713.54,68280.28,32.83,1.4622,hours_defaulted
RED-10066,Redwood Electric,Field Service - Install,Installation,Electrical Installer,II,Electrical Installer - II,Field - Install,Electrical Installer (Lvl 2),Employee,FT,AZ,2021-03-15,5.46,1.0,40.0,Hourly,24.76,51500.8,24.76,6254.11,4150.93,515.48,4377.45,7713.54,74512.31,35.82,1.4468,hours_defaulted
RED-10067,Redwood Electric,Field Service - Install,Installation,Electrical Installer,II,Electrical Installer - II,Field - Install,Electrical Installer (Lvl 2),Employee,Full-Time,AZ,2022-06-17,4.21,1.0,40.0,Hourly,22.56,46924.8,22.56,5698.42,3782.11,469.68,3988.5,7713.54,68577.05,32.97,1.4614,hours_defaulted
RED-10068,Redwood Electric,Field Service - Install,Installation,Electrical Installer,II,Electrical Installer - II,Field - Install,Electrical Installer (Lvl 2),Employee,Full-Time,AZ,2025-07-02,1.16,1.0,40.0,Hourly,25.73,53518.4,25.73,6499.13,4313.55,535.67,4548.94,7713.54,77129.23,37.08,1.4412,hours_defaulted
RED-10069,Redwood Electric,Field Service - Install,Installation,Electrical Installer,II,Electrical Installer - II,Field - Install,Electrical Installer (Lvl 2),Employee,Regular,AZ,2022-06-05,4.24,1.0,40.0,Hourly,26.54,55203.2,26.54,6703.72,4449.35,552.54,4692.14,7713.54,79314.49,38.13,1.4368,hours_defaulted
RED-10070,Redwood Electric,Field Service - Install,Installation,Electrical Installer,II,Electrical Installer - II,Field - Install,Electrical Installer (Lvl 2),Employee,Regular,AZ,2024-10-07,1.9,1.0,40.0,Hourly,24.32,50585.6,24.32,6142.97,4077.17,506.32,4299.66,7713.54,73325.26,35.25,1.4495,hours_defaulted
RED-10071,Redwood Electric,Field Service - Install,Installation,Electrical Installer,II,Electrical Installer - II,Field - Install,Electrical Installer (Lvl 2),Employee,Regular,AZ,2017-11-13,8.8,1.0,40.0,Hourly,23.27,48401.6,23.27,5877.76,3901.14,484.46,4114.02,7713.54,70492.52,33.89,1.4564,hours_defaulted
RED-10072,Redwood Electric,Field Service - Install,Installation,Electrical Installer,II,Electrical Installer - II,Field - Install,Electrical Installer (Lvl 2),Employee,Regular,AZ,2023-03-03,3.5,1.0,40.0,Hourly,28.14,58531.2,28.14,7107.87,4717.58,585.85,4975.01,7713.54,83631.05,40.21,1.4288,hours_defaulted
RED-10073,Redwood Electric,Field Service - Install,Installation,Electrical Installer,Lead,Electrical Installer - Lead,Field - Install,Lead Electrical Installer (Lvl 3),Employee,FT,AZ,2025-03-15,1.46,1.0,40.0,Hourly,40.13,83470.4,40.13,10136.41,6727.67,835.47,7094.78,7713.54,115978.27,55.76,1.3895,hours_defaulted
RED-10074,Redwood Electric,Field Service - Install,Installation,Electrical Installer,Lead,Electrical Installer - Lead,Field - Install,Lead Electrical Installer (Lvl 3),Employee,Regular,AZ,2023-08-15,3.04,1.0,40.0,Hourly,42.53,88462.4,42.53,10742.63,7130.02,885.43,7519.09,7713.54,122453.11,58.87,1.3842,hours_defaulted
RED-10075,Redwood Electric,Field Service - Install,Installation,Electrical Installer,Lead,Electrical Installer - Lead,Field - Install,Lead Electrical Installer (Lvl 3),Employee,Full-Time,AZ,2024-10-18,1.87,1.0,40.0,Hourly,42.07,87505.6,42.07,10626.44,7052.9,875.86,7437.77,7713.54,121212.11,58.28,1.3852,hours_defaulted
RED-10076,Redwood Electric,Field Service - Install,Installation,Electrical Installer,Lead,Electrical Installer - Lead,Field - Install,Lead Electrical Installer (Lvl 3),Employee,FT,AZ,2017-11-21,8.77,1.0,40.0,Hourly,43.56,90604.8,43.56,11002.79,7302.69,906.88,7701.19,7713.54,125231.89,60.21,1.3822,hours_defaulted
RED-10077,Redwood Electric,Field Service - Install,Installation,Electrical Installer,Lead,Electrical Installer - Lead,Field - Install,Lead Electrical Installer (Lvl 3),Employee,FT,AZ,2023-07-06,3.15,1.0,40.0,Hourly,42.61,88628.8,42.61,10762.83,7143.43,887.1,7533.24,7713.54,122668.94,58.98,1.3841,hours_defaulted
RED-10078,Redwood Electric,Field Service - Install,Installation,Electrical Installer,Lead,Electrical Installer - Lead,Field - Install,Lead Electrical Installer (Lvl 3),Employee,,AZ,2023-12-25,2.68,1.0,40.0,Hourly,44.25,92040.0,44.25,11177.08,7418.37,921.24,7823.18,7713.54,127093.41,61.1,1.3808,hours_defaulted
RED-10079,Redwood Electric,Field Service - Install,Installation,Electrical Installer,Lead,Electrical Installer - Lead,Field - Install,Lead Electrical Installer (Lvl 3),Employee,Regular,AZ,2017-02-04,9.57,1.0,40.0,Hourly,43.09,89627.2,43.09,10884.08,7223.9,897.09,7618.1,7713.54,123963.91,59.6,1.3831,hours_defaulted
RED-10080,Redwood Electric,Field Service - Install,Installation,Electrical Installer,Lead,Electrical Installer - Lead,Field - Install,Lead Electrical Installer (Lvl 3),Employee,Full-Time,AZ,2023-08-02,3.08,1.0,40.0,Hourly,40.38,83990.4,40.38,10199.56,6769.58,840.67,7138.98,7713.54,116652.73,56.08,1.3889,hours_defaulted
RED-10081,Redwood Electric,Field Service - Install,Installation,Electrical Installer,Lead,Electrical Installer - Lead,Field - Install,Lead Electrical Installer (Lvl 3),Employee,Regular,AZ,2020-04-30,6.34,1.0,40.0,Hourly,43.55,90584.0,43.55,11000.27,7301.02,906.67,7699.42,7713.54,125204.92,60.19,1.3822,hours_defaulted
RED-10082,Redwood Electric,Field Service - Install,Installation,Electrical Installer,Lead,Electrical Installer - Lead,Field - Install,Lead Electrical Installer (Lvl 3),Employee,Regular,AZ,2022-09-08,3.98,1.0,40.0,Hourly,42.91,89252.8,42.91,10838.61,7193.72,893.34,7586.28,7713.54,123478.29,59.36,1.3835,hours_defaulted
RED-10083,Redwood Electric,Field Service - Install,Installation,Electrical Installer,Lead,Electrical Installer - Lead,Field - Install,Lead Electrical Installer (Lvl 3),Employee,Full-Time,AZ,2014-04-12,12.39,1.0,40.0,Hourly,45.05,93704.0,45.05,11379.15,7552.49,937.9,7964.62,7713.54,129251.7,62.14,1.3794,hours_defaulted
RED-10084,Redwood Electric,Field Service - Install,Installation,Electrical Installer,Lead,Electrical Installer - Lead,Field - Install,Lead Electrical Installer (Lvl 3),Employee,FT,AZ,2025-07-10,1.14,1.0,40.0,Hourly,41.07,85425.6,41.07,10373.85,6885.25,855.04,7260.97,7713.54,118514.25,56.98,1.3873,hours_defaulted;on_leave
RED-10085,Redwood Electric,Field Service - Install,Installation,Electrical Installer,Lead,Electrical Installer - Lead,Field - Install,Lead Electrical Installer (Lvl 3),Employee,Full-Time,AZ,2023-06-07,3.23,1.0,40.0,Hourly,42.78,88982.4,42.78,10805.78,7171.93,890.64,7563.29,7713.54,123127.58,59.2,1.3837,hours_defaulted
RED-10086,Redwood Electric,Field Service - Install,Installation,Electrical Installer,Lead,Electrical Installer - Lead,Field - Install,Lead Electrical Installer (Lvl 3),Employee,Regular,AZ,2023-03-09,3.48,1.0,40.0,Hourly,44.25,92040.0,44.25,11177.08,7418.37,921.24,7823.18,7713.54,127093.41,61.1,1.3808,hours_defaulted
RED-10087,Redwood Electric,Field Service - Install,Installation,Electrical Installer,Lead,Electrical Installer - Lead,Field - Install,Lead Electrical Installer (Lvl 3),Employee,Full-Time,AZ,2023-11-25,2.77,1.0,40.0,Hourly,44.13,91790.4,44.13,11146.77,7398.25,918.74,7801.97,7713.54,126769.67,60.95,1.3811,hours_defaulted
RED-10088,Redwood Electric,Field Service - Install,Installation,Electrical Installer,Lead,Electrical Installer - Lead,Field - Install,Lead Electrical Installer (Lvl 3),Employee,Regular,AZ,2023-04-13,3.38,1.0,40.0,Hourly,43.35,90168.0,43.35,10949.75,7267.49,902.5,7664.06,7713.54,124665.34,59.94,1.3826,hours_defaulted
RED-10089,Redwood Electric,Field Service - Install,Installation,Electrical Installer,Lead,Electrical Installer - Lead,Field - Install,Lead Electrical Installer (Lvl 3),Employee,FT,AZ,2021-12-20,4.7,1.0,40.0,Hourly,45.71,95076.8,45.71,11545.86,7663.13,951.64,8081.3,7713.54,131032.27,63.0,1.3782,hours_defaulted
RED-10090,Redwood Electric,Field Service - Install,Installation,Electrical Installer,Lead,Electrical Installer - Lead,Field - Install,Lead Electrical Installer (Lvl 3),Employee,FT,AZ,2024-07-03,2.16,1.0,40.0,Hourly,41.17,85633.6,41.17,10399.11,6902.02,857.12,7278.65,7713.54,118784.04,57.11,1.3871,hours_defaulted
BAY-10001,Bayside Mechanical,Field Service - Install,Install,HVAC Installer,I,HVAC Installer - I,Field - Install,HVAC Installer I,Employee,Regular,FL,2017-05-20,9.28,1.0,40.0,Hourly,19.35,40248.0,19.35,4887.61,3243.97,402.85,3420.98,7713.54,59916.95,28.81,1.4887,clean
BAY-10002,Bayside Mechanical,Field Service - Install,Install,HVAC Installer,I,HVAC Installer - I,Field - Install,HVAC Installer I,Employee,,FL,2025-08-21,1.03,1.0,40.0,Hourly,18.78,39062.4,18.78,4743.63,3148.41,390.98,3320.21,7713.54,58379.17,28.07,1.4945,clean
BAY-10003,Bayside Mechanical,Field Service - Install,Install,HVAC Installer,I,HVAC Installer - I,Field - Install,HVAC Installer I,Employee,Full-Time,FL,2025-08-10,1.06,1.0,40.0,Hourly,21.57,44865.6,21.57,5448.35,3616.14,449.07,3813.47,7713.54,65906.17,31.69,1.469,clean
BAY-10004,Bayside Mechanical,Field Service - Install,Install,HVAC Installer,I,HVAC Installer - I,Field - Install,HVAC Installer I,Employee,Regular,FL,2024-10-26,1.85,1.0,40.0,Hourly,17.82,37065.6,17.82,4501.14,2987.47,370.99,3150.49,7713.54,55789.23,26.82,1.5051,clean
BAY-10005,Bayside Mechanical,Field Service - Install,Install,HVAC Installer,I,HVAC Installer - I,Field - Install,HVAC Installer I,Employee,Seasonal,FL,2021-11-25,4.76,1.0,40.0,Hourly,20.63,42910.4,20.63,5210.92,3458.55,429.5,3647.28,7713.54,63370.19,30.47,1.4768,clean
BAY-10006,Bayside Mechanical,Field Service - Install,Install,HVAC Installer,I,HVAC Installer - I,Field - Install,HVAC Installer I,Employee,Regular,FL,2021-06-14,5.21,1.0,40.0,Hourly,18.52,38521.6,18.52,4677.96,3104.82,385.57,3274.24,7713.54,57677.73,27.73,1.4973,clean
BAY-10007,Bayside Mechanical,Field Service - Install,Install,HVAC Installer,I,HVAC Installer - I,Field - Install,HVAC Installer I,Employee,FT,FL,2018-09-20,7.95,1.0,40.0,Hourly,17.45,36296.0,17.45,4407.69,2925.44,363.29,3085.07,7713.54,54791.03,26.34,1.5096,clean
BAY-10008,Bayside Mechanical,Field Service - Install,Install,HVAC Installer,I,HVAC Installer - I,Field - Install,HVAC Installer I,Employee,FT,FL,2022-06-12,4.22,1.0,40.0,Hourly,19.94,41475.2,19.94,5036.63,3342.88,415.13,3525.29,7713.54,61508.67,29.57,1.483,clean
BAY-10009,Bayside Mechanical,Field Service - Install,Install,HVAC Installer,I,HVAC Installer - I,Field - Install,HVAC Installer I,Employee,FT,FL,2026-03-23,0.44,1.0,40.0,Hourly,20.95,43576.0,20.95,5291.75,3512.2,436.16,3703.86,7713.54,64233.51,30.88,1.4741,clean
BAY-10010,Bayside Mechanical,Field Service - Install,Install,HVAC Installer,I,HVAC Installer - I,Field - Install,HVAC Installer I,Employee,FT,FL,2024-02-25,2.51,1.0,40.0,Hourly,20.74,43139.2,20.74,5238.7,3476.99,431.79,3666.73,7713.54,63666.95,30.61,1.4758,clean
BAY-10011,Bayside Mechanical,Field Service - Install,Install,HVAC Installer,I,HVAC Installer - I,Field - Install,HVAC Installer I,Employee,FT,FL,2025-03-10,1.48,1.0,40.0,Hourly,17.75,36920.0,17.75,4483.46,2975.73,369.54,3138.11,7713.54,55600.38,26.73,1.506,clean
BAY-10012,Bayside Mechanical,Field Service - Install,Install,HVAC Installer,I,HVAC Installer - I,Field - Install,HVAC Installer I,Employee,,FL,2023-05-16,3.29,1.0,40.0,Hourly,17.15,35672.0,17.15,4331.91,2875.14,357.05,3032.03,7713.54,53981.67,25.95,1.5133,clean
BAY-10013,Bayside Mechanical,Field Service - Install,Install,HVAC Installer,I,HVAC Installer - I,Field - Install,HVAC Installer I,Employee,,FL,2021-04-23,5.36,1.0,40.0,Hourly,17.8,37024.0,17.8,4496.09,2984.11,370.58,3146.95,7713.54,55735.27,26.8,1.5054,clean
BAY-10014,Bayside Mechanical,Field Service - Install,Install,HVAC Installer,I,HVAC Installer - I,Field - Install,HVAC Installer I,Employee,,FL,2024-02-17,2.54,1.0,40.0,Hourly,21.16,44012.8,21.16,5344.79,3547.41,440.53,3740.98,7713.54,64800.05,31.15,1.4723,clean
BAY-10015,Bayside Mechanical,Field Service - Install,Install,HVAC Installer,I,HVAC Installer - I,Field - Install,HVAC Installer I,Employee,FT,FL,2023-04-09,3.39,1.0,40.0,Hourly,21.97,45697.6,21.97,5549.39,3683.2,457.39,3884.19,7713.54,66985.31,32.2,1.4658,clean
BAY-10016,Bayside Mechanical,Field Service - Install,Install,HVAC Installer,I,HVAC Installer - I,Field - Install,HVAC Installer I,Employee,Full-Time,FL,2023-08-19,3.03,1.0,40.0,Hourly,20.09,41787.2,20.09,5074.52,3368.02,418.25,3551.81,7713.54,61913.34,29.77,1.4816,clean
BAY-10017,Bayside Mechanical,Field Service - Install,Install,HVAC Installer,I,HVAC Installer - I,Field - Install,HVAC Installer I,Employee,,FL,2024-07-17,2.12,1.0,40.0,Hourly,19.69,40955.2,19.69,4973.49,3300.97,409.93,3481.09,7713.54,60834.22,29.25,1.4854,clean
BAY-10018,Bayside Mechanical,Field Service - Install,Install,HVAC Installer,I,HVAC Installer - I,Field - Install,HVAC Installer I,Employee,Regular,FL,2019-09-22,6.94,1.0,40.0,Hourly,19.58,40726.4,19.58,4945.7,3282.52,407.64,3461.65,7713.54,60537.45,29.1,1.4864,clean
BAY-10019,Bayside Mechanical,Field Service - Install,Install,HVAC Installer,I,HVAC Installer - I,Field - Install,HVAC Installer I,Employee,Regular,FL,2025-01-15,1.62,1.0,40.0,Hourly,19.84,41267.2,19.84,5011.37,3326.11,413.05,3507.61,7713.54,61238.88,29.44,1.484,clean
BAY-10020,Bayside Mechanical,Field Service - Install,Install,HVAC Installer,I,HVAC Installer - I,Field - Install,HVAC Installer I,Employee,Regular,FL,2025-06-13,1.22,1.0,40.0,Hourly,21.28,44262.4,21.28,5375.1,3567.52,443.03,3762.2,7713.54,65123.79,31.31,1.4713,clean
BAY-10021,Bayside Mechanical,Field Service - Install,Install,HVAC Installer,I,HVAC Installer - I,Field - Install,HVAC Installer I,Employee,,FL,2019-03-22,7.44,1.0,40.0,Hourly,20.76,43180.8,20.76,5243.76,3480.35,432.2,3670.27,7713.54,63720.92,30.64,1.4757,clean
BAY-10022,Bayside Mechanical,Field Service - Install,Install,HVAC Installer,I,HVAC Installer - I,Field - Install,HVAC Installer I,Employee,Full-Time,FL,2024-05-27,2.26,1.0,40.0,Hourly,21.76,45260.8,21.76,5496.35,3647.99,453.02,3847.06,7713.54,66418.76,31.93,1.4675,clean
BAY-10023,Bayside Mechanical,Field Service - Install,Install,HVAC Installer,I,HVAC Installer - I,Field - Install,HVAC Installer I,Employee,Regular,FL,2024-09-09,1.97,1.0,40.0,Hourly,21.71,45156.8,21.71,5483.72,3639.61,451.98,3838.22,7713.54,66283.87,31.87,1.4679,clean
BAY-10024,Bayside Mechanical,Field Service - Install,Install,HVAC Installer,I,HVAC Installer - I,Field - Install,HVAC Installer I,Employee,Regular,FL,2011-06-30,15.17,1.0,40.0,Hourly,21.67,45073.6,21.67,5473.61,3632.91,451.15,3831.15,7713.54,66175.96,31.82,1.4682,clean
BAY-10025,Bayside Mechanical,Field Service - Install,Install,HVAC Installer,I,HVAC Installer - I,Field - Install,HVAC Installer I,Employee,Regular,FL,2019-11-19,6.78,1.0,40.0,Hourly,18.98,39478.4,18.98,4794.15,3181.94,395.14,3355.57,7713.54,58918.74,28.33,1.4924,clean
BAY-10026,Bayside Mechanical,Field Service - Install,Install,HVAC Installer,I,HVAC Installer - I,Field - Install,HVAC Installer I,Employee,Regular,FL,2024-08-31,2.0,1.0,40.0,Hourly,18.46,38396.8,18.46,4662.8,3094.76,384.32,3263.64,7713.54,57515.86,27.65,1.4979,clean
BAY-10027,Bayside Mechanical,Field Service - Install,Install,HVAC Installer,I,HVAC Installer - I,Field - Install,HVAC Installer I,Employee,Regular,FL,2025-01-20,1.61,1.0,40.0,Hourly,18.13,37710.4,18.13,4579.45,3039.44,377.45,3205.29,7713.54,56625.57,27.22,1.5016,clean
BAY-10028,Bayside Mechanical,Field Service - Install,Install,HVAC Installer,I,HVAC Installer - I,Field - Install,HVAC Installer I,Employee,Regular,FL,2023-07-14,3.13,1.0,40.0,Hourly,21.27,44241.6,21.27,5372.58,3565.85,442.82,3760.43,7713.54,65096.82,31.3,1.4714,clean
BAY-10029,Bayside Mechanical,Field Service - Install,Install,HVAC Installer,I,HVAC Installer - I,Field - Install,HVAC Installer I,Employee,FT,FL,2023-08-16,3.04,1.0,40.0,Hourly,19.09,39707.2,19.09,4821.93,3200.38,397.44,3375.02,7713.54,59215.51,28.47,1.4913,clean
BAY-10030,Bayside Mechanical,Field Service - Install,Install,HVAC Installer,II,HVAC Installer - II,Field - Install,HVAC Installer II,Employee,Full-Time,FL,2024-12-28,1.67,1.0,40.0,Hourly,26.55,55224.0,26.55,6706.25,4451.02,552.74,4693.91,7713.54,79341.46,38.14,1.4367,clean
BAY-10031,Bayside Mechanical,Field Service - Install,Install,HVAC Installer,II,HVAC Installer - II,Field - Install,HVAC Installer II,Employee,Full-Time,FL,2025-10-30,0.84,1.0,40.0,Hourly,28.6,59488.0,28.6,7224.06,4794.7,595.42,5056.34,7713.54,84872.06,40.8,1.4267,clean
BAY-10032,Bayside Mechanical,Field Service - Install,Install,HVAC Installer,II,HVAC Installer - II,Field - Install,HVAC Installer II,Employee,Full-Time,FL,2023-06-03,3.24,1.0,40.0,Hourly,29.76,61900.8,29.76,7517.06,4989.17,619.57,5261.42,7713.54,88001.56,42.31,1.4217,clean
BAY-10033,Bayside Mechanical,Field Service - Install,Install,HVAC Installer,II,HVAC Installer - II,Field - Install,HVAC Installer II,Employee,Full-Time,FL,2025-05-31,1.25,1.0,40.0,Hourly,24.62,51209.6,24.62,6218.75,4127.46,512.56,4352.69,7713.54,74134.6,35.64,1.4477,clean
BAY-10034,Bayside Mechanical,Field Service - Install,Install,HVAC Installer,II,HVAC Installer - II,Field - Install,HVAC Installer II,Employee,FT,FL,2022-05-25,4.27,1.0,40.0,Hourly,26.95,56056.0,26.95,6807.28,4518.08,561.07,4764.63,7713.54,80420.6,38.66,1.4346,clean
BAY-10035,Bayside Mechanical,Field Service - Install,Install,HVAC Installer,II,HVAC Installer - II,Field - Install,HVAC Installer II,Employee,Regular,FL,2023-11-05,2.82,1.0,40.0,Hourly,25.45,52936.0,25.45,6428.4,4266.61,529.84,4499.43,7713.54,76373.82,36.72,1.4428,clean
BAY-10036,Bayside Mechanical,Field Service - Install,Install,HVAC Installer,II,HVAC Installer - II,Field - Install,HVAC Installer II,Employee,Full-Time,FL,2022-06-25,4.18,1.0,40.0,Hourly,29.22,60777.6,29.22,7380.66,4898.64,608.33,5165.95,7713.54,86544.72,41.61,1.424,clean
BAY-10037,Bayside Mechanical,Field Service - Install,Install,HVAC Installer,II,HVAC Installer - II,Field - Install,HVAC Installer II,Employee,FT,FL,2025-05-18,1.29,1.0,40.0,Hourly,22.14,46051.2,22.14,5592.33,3711.7,460.93,3914.24,7713.54,67443.94,32.42,1.4645,clean
BAY-10038,Bayside Mechanical,Field Service - Install,Install,HVAC Installer,II,HVAC Installer - II,Field - Install,HVAC Installer II,Employee,,FL,2020-02-16,6.54,1.0,40.0,Hourly,26.16,54412.8,26.16,6607.74,4385.64,544.63,4624.96,7713.54,78289.31,37.64,1.4388,clean
BAY-10039,Bayside Mechanical,Field Service - Install,Install,HVAC Installer,II,HVAC Installer - II,Field - Install,HVAC Installer II,Employee,Regular,FL,2013-11-02,12.83,1.0,40.0,Hourly,25.28,52582.4,25.28,6385.46,4238.11,526.3,4469.38,7713.54,75915.19,36.5,1.4437,clean
BAY-10040,Bayside Mechanical,Field Service - Install,Install,HVAC Installer,II,HVAC Installer - II,Field - Install,HVAC Installer II,Employee,Regular,FL,2025-12-17,0.7,1.0,40.0,Hourly,24.49,50939.2,24.49,6185.91,4105.67,509.86,4329.71,7713.54,73783.89,35.47,1.4485,clean
BAY-10041,Bayside Mechanical,Field Service - Install,Install,HVAC Installer,II,HVAC Installer - II,Field - Install,HVAC Installer II,Employee,Regular,FL,2023-02-14,3.54,1.0,40.0,Hourly,25.16,52332.8,25.16,6355.15,4217.99,523.81,4448.16,7713.54,75591.45,36.34,1.4444,clean
BAY-10042,Bayside Mechanical,Field Service - Install,Install,HVAC Installer,II,HVAC Installer - II,Field - Install,HVAC Installer II,Employee,Full-Time,FL,2025-01-31,1.58,1.0,40.0,Hourly,26.69,55515.2,26.69,6741.61,4474.49,555.66,4718.66,7713.54,79719.16,38.33,1.436,clean
BAY-10043,Bayside Mechanical,Field Service - Install,Install,HVAC Installer,II,HVAC Installer - II,Field - Install,HVAC Installer II,Employee,,FL,2024-04-26,2.35,1.0,40.0,Hourly,29.36,61068.8,29.36,7416.03,4922.11,611.25,5190.7,7713.54,86922.43,41.79,1.4234,clean
BAY-10044,Bayside Mechanical,Field Service - Install,Install,HVAC Installer,II,HVAC Installer - II,Field - Install,HVAC Installer II,Employee,Full-Time,FL,2024-03-26,2.43,1.0,40.0,Hourly,23.44,48755.2,23.44,5920.7,3929.64,488.0,4144.08,7713.54,70951.16,34.11,1.4553,clean
BAY-10045,Bayside Mechanical,Field Service - Install,Install,HVAC Installer,II,HVAC Installer - II,Field - Install,HVAC Installer II,Employee,Regular,FL,2021-04-05,5.4,1.0,40.0,Hourly,24.73,51438.4,24.73,6246.54,4145.91,514.85,4372.14,7713.54,74431.38,35.78,1.447,clean
BAY-10046,Bayside Mechanical,Field Service - Install,Install,HVAC Installer,II,HVAC Installer - II,Field - Install,HVAC Installer II,Employee,FT,FL,2021-10-31,4.83,1.0,40.0,Hourly,22.34,46467.2,22.34,5642.85,3745.23,465.1,3949.6,7713.54,67983.52,32.68,1.463,clean
BAY-10047,Bayside Mechanical,Field Service - Install,Install,HVAC Installer,II,HVAC Installer - II,Field - Install,HVAC Installer II,Employee,Regular,FL,2025-03-13,1.47,1.0,40.0,Hourly,22.17,46113.6,22.17,5599.91,3716.73,461.56,3919.55,7713.54,67524.89,32.46,1.4643,clean
BAY-10048,Bayside Mechanical,Field Service - Install,Install,HVAC Installer,II,HVAC Installer - II,Field - Install,HVAC Installer II,Employee,Full-Time,FL,2023-01-20,3.61,1.0,40.0,Hourly,28.52,59321.6,28.52,7203.85,4781.29,593.76,5042.19,7713.54,84656.23,40.7,1.4271,clean
BAY-10049,Bayside Mechanical,Field Service - Install,Install,HVAC Installer,II,HVAC Installer - II,Field - Install,HVAC Installer II,Employee,Regular,FL,2026-06-07,0.23,1.0,40.0,Hourly,28.16,58572.8,28.16,7112.92,4720.93,586.26,4978.55,7713.54,83685.0,40.23,1.4287,clean
BAY-10050,Bayside Mechanical,Field Service - Install,Install,HVAC Installer,II,HVAC Installer - II,Field - Install,HVAC Installer II,Employee,,FL,2024-12-22,1.69,1.0,40.0,Hourly,27.25,56680.0,27.25,6883.06,4568.37,567.32,4817.66,7713.54,81229.95,39.05,1.4331,clean
BAY-10051,Bayside Mechanical,Field Service - Install,Install,HVAC Installer,II,HVAC Installer - II,Field - Install,HVAC Installer II,Employee,,FL,2024-03-14,2.46,1.0,40.0,Hourly,25.82,53705.6,25.82,6521.86,4328.64,537.55,4564.85,7713.54,77372.04,37.2,1.4407,clean
BAY-10052,Bayside Mechanical,Field Service - Install,Install,HVAC Installer,II,HVAC Installer - II,Field - Install,HVAC Installer II,Employee,Full-Time,FL,2019-11-01,6.83,1.0,40.0,Hourly,28.61,59508.8,28.61,7226.58,4796.37,595.63,5058.11,7713.54,84899.03,40.82,1.4267,clean
BAY-10053,Bayside Mechanical,Field Service - Install,Install,HVAC Installer,II,HVAC Installer - II,Field - Install,HVAC Installer II,Employee,,FL,2025-10-20,0.86,1.0,40.0,Hourly,28.01,58260.8,28.01,7075.03,4695.79,583.14,4952.03,7713.54,83280.33,40.04,1.4294,clean
BAY-10054,Bayside Mechanical,Field Service - Install,Install,HVAC Installer,II,HVAC Installer - II,Field - Install,HVAC Installer II,Employee,Regular,FL,2025-01-16,1.62,1.0,40.0,Hourly,29.4,61152.0,29.4,7426.13,4928.82,612.08,5197.77,7713.54,87030.34,41.84,1.4232,clean
BAY-10055,Bayside Mechanical,Field Service - Install,Install,HVAC Installer,II,HVAC Installer - II,Field - Install,HVAC Installer II,Employee,,FL,2024-08-04,2.07,1.0,40.0,Hourly,24.07,50065.6,24.07,6079.83,4035.26,501.11,4255.46,7713.54,72650.8,34.93,1.4511,clean
BAY-10056,Bayside Mechanical,Field Service - Install,Install,HVAC Installer,II,HVAC Installer - II,Field - Install,HVAC Installer II,Employee,Regular,FL,2025-01-02,1.66,1.0,40.0,Hourly,25.33,52686.4,25.33,6398.09,4246.49,527.35,4478.22,7713.54,76050.09,36.56,1.4434,clean
BAY-10057,Bayside Mechanical,Field Service - Install,Install,HVAC Installer,II,HVAC Installer - II,Field - Install,HVAC Installer II,Employee,,FL,2023-10-25,2.85,1.0,40.0,Hourly,22.1,45968.0,22.1,5582.23,3704.99,460.1,3907.17,7713.54,67336.03,32.37,1.4648,clean
BAY-10058,Bayside Mechanical,Field Service - Install,Install,HVAC Installer,II,HVAC Installer - II,Field - Install,HVAC Installer II,Employee,,FL,2023-07-09,3.15,1.0,40.0,Hourly,26.57,55265.6,26.57,6711.3,4454.38,553.16,4697.44,7713.54,79395.42,38.17,1.4366,clean
BAY-10059,Bayside Mechanical,Field Service - Install,Install,HVAC Installer,II,HVAC Installer - II,Field - Install,HVAC Installer II,Employee,FT,FL,2025-12-26,0.68,1.0,40.0,Hourly,24.39,50731.2,24.39,6160.66,4088.91,507.78,4312.03,7713.54,73514.12,35.34,1.4491,clean
BAY-10060,Bayside Mechanical,Field Service - Install,Install,HVAC Installer,II,HVAC Installer - II,Field - Install,HVAC Installer II,Employee,Regular,FL,2025-10-19,0.87,1.0,40.0,Hourly,25.39,52811.2,25.39,6413.25,4256.55,528.59,4488.83,7713.54,76211.96,36.64,1.4431,clean
BAY-10061,Bayside Mechanical,Field Service - Install,Install,HVAC Installer,II,HVAC Installer - II,Field - Install,HVAC Installer II,Employee,,FL,2019-08-30,7.0,1.0,40.0,Hourly,24.38,50710.4,24.38,6158.13,4087.23,507.57,4310.26,7713.54,73487.13,35.33,1.4492,clean
BAY-10062,Bayside Mechanical,Field Service - Install,Install,HVAC Installer,II,HVAC Installer - II,Field - Install,HVAC Installer II,Employee,,FL,2023-07-12,3.14,1.0,40.0,Hourly,29.0,60320.0,29.0,7325.09,4861.76,603.75,5127.06,7713.54,85951.2,41.32,1.4249,clean
BAY-10063,Bayside Mechanical,Field Service - Install,Install,HVAC Installer,II,HVAC Installer - II,Field - Install,HVAC Installer II,Employee,Regular,FL,2024-06-16,2.21,1.0,40.0,Hourly,23.09,48027.2,23.09,5832.29,3870.96,480.71,4082.2,7713.54,70006.9,33.66,1.4577,clean
BAY-10064,Bayside Mechanical,Field Service - Install,Install,HVAC Installer,II,HVAC Installer - II,Field - Install,HVAC Installer II,Employee,FT,FL,2021-02-03,5.57,1.0,40.0,Hourly,25.48,52998.4,25.48,6435.98,4271.64,530.47,4504.74,7713.54,76454.77,36.76,1.4426,clean
BAY-10065,Bayside Mechanical,Field Service - Install,Install,HVAC Installer,II,HVAC Installer - II,Field - Install,HVAC Installer II,Employee,Regular,FL,2026-03-07,0.48,1.0,40.0,Hourly,27.98,58198.4,27.98,7067.45,4690.76,582.52,4946.73,7713.54,83199.4,40.0,1.4296,clean
BAY-10066,Bayside Mechanical,Field Service - Install,Install,HVAC Installer,II,HVAC Installer - II,Field - Install,HVAC Installer II,Employee,Regular,FL,2024-10-30,1.83,1.0,40.0,Hourly,26.04,54163.2,26.04,6577.43,4365.52,542.13,4603.74,7713.54,77965.56,37.48,1.4395,clean
BAY-10067,Bayside Mechanical,Field Service - Install,Install,HVAC Installer,II,HVAC Installer - II,Field - Install,HVAC Installer II,Employee,FT,FL,2020-07-30,6.09,1.0,40.0,Hourly,24.06,50044.8,24.06,6077.3,4033.58,500.91,4253.69,7713.54,72623.82,34.92,1.4512,clean
BAY-10068,Bayside Mechanical,Field Service - Install,Install,HVAC Installer,II,HVAC Installer - II,Field - Install,HVAC Installer II,Employee,Regular,FL,2023-10-21,2.86,1.0,40.0,Hourly,25.28,52582.4,25.28,6385.46,4238.11,526.3,4469.38,7713.54,75915.19,36.5,1.4437,clean
BAY-10069,Bayside Mechanical,Field Service - Install,Install,HVAC Installer,II,HVAC Installer - II,Field - Install,HVAC Installer II,Employee,FT,FL,2017-09-12,8.97,1.0,40.0,Hourly,29.65,61672.0,29.65,7489.28,4970.73,617.28,5241.97,7713.54,87704.8,42.17,1.4221,clean
BAY-10070,Bayside Mechanical,Field Service - Install,Install,HVAC Installer,II,HVAC Installer - II,Field - Install,HVAC Installer II,Employee,Full-Time,FL,2024-07-20,2.11,1.0,40.0,Hourly,28.52,59321.6,28.52,7203.85,4781.29,593.76,5042.19,7713.54,84656.23,40.7,1.4271,clean
BAY-10071,Bayside Mechanical,Field Service - Install,Install,HVAC Installer,II,HVAC Installer - II,Field - Install,HVAC Installer II,Employee,Regular,FL,2021-04-26,5.35,1.0,40.0,Hourly,29.97,62337.6,29.97,7570.1,5024.37,623.95,5298.55,7713.54,88568.11,42.58,1.4208,clean
BAY-10072,Bayside Mechanical,Field Service - Install,Install,HVAC Installer,II,HVAC Installer - II,Field - Install,HVAC Installer II,Employee,,FL,2024-05-23,2.27,1.0,40.0,Hourly,28.94,60195.2,28.94,7309.94,4851.7,602.5,5116.45,7713.54,85789.33,41.24,1.4252,clean
BAY-10073,Bayside Mechanical,Field Service - Install,Install,HVAC Installer,II,HVAC Installer - II,Field - Install,HVAC Installer II,Employee,Regular,FL,2025-05-11,1.31,1.0,40.0,Hourly,29.65,61672.0,29.65,7489.28,4970.73,617.28,5241.97,7713.54,87704.8,42.17,1.4221,clean
BAY-10074,Bayside Mechanical,Field Service - Install,Install,HVAC Installer,II,HVAC Installer - II,Field - Install,HVAC Installer II,Employee,Regular,FL,2024-07-13,2.13,1.0,40.0,Hourly,26.79,55723.2,26.79,6766.87,4491.26,557.74,4736.34,7713.54,79988.95,38.46,1.4355,clean
BAY-10075,Bayside Mechanical,Field Service - Install,Install,HVAC Installer,II,HVAC Installer - II,Field - Install,HVAC Installer II,Employee,FT,FL,2020-08-03,6.08,1.0,40.0,Hourly,24.09,50107.2,24.09,6084.88,4038.61,501.53,4258.99,7713.54,72704.75,34.95,1.451,clean
BAY-10076,Bayside Mechanical,Field Service - Install,Install,HVAC Installer,II,HVAC Installer - II,Field - Install,HVAC Installer II,Employee,Full-Time,FL,2015-03-04,11.49,1.0,40.0,Hourly,27.43,57054.4,27.43,6928.53,4598.55,571.07,4849.49,7713.54,81715.58,39.29,1.4322,clean
BAY-10077,Bayside Mechanical,Field Service - Install,Install,HVAC Installer,II,HVAC Installer - II,Field - Install,HVAC Installer II,Employee,FT,FL,2026-04-03,0.41,1.0,40.0,Hourly,27.74,57699.2,27.74,7006.83,4650.52,577.52,4904.29,7713.54,82551.9,39.69,1.4307,clean
BAY-10078,Bayside Mechanical,Field Service - Install,Install,HVAC Installer,II,HVAC Installer - II,Field - Install,HVAC Installer II,Employee,Regular,FL,2023-10-29,2.84,1.0,40.0,Hourly,25.18,52374.4,25.18,6360.2,4221.35,524.22,4451.7,7713.54,75645.41,36.37,1.4443,clean
BAY-10079,Bayside Mechanical,Field Service - Install,Install,HVAC Installer,II,HVAC Installer - II,Field - Install,HVAC Installer II,Employee,FT,FL,2024-01-11,2.64,1.0,40.0,Hourly,27.25,56680.0,27.25,6883.06,4568.37,567.32,4817.66,7713.54,81229.95,39.05,1.4331,clean
BAY-10080,Bayside Mechanical,Field Service - Install,Install,HVAC Installer,II,HVAC Installer - II,Field - Install,HVAC Installer II,Employee,Regular,FL,2021-01-10,5.64,1.0,40.0,Hourly,22.41,46612.8,22.41,5660.53,3756.96,466.55,3961.98,7713.54,68172.36,32.78,1.4625,clean
BAY-10081,Bayside Mechanical,Field Service - Install,Install,HVAC Installer,II,HVAC Installer - II,Field - Install,HVAC Installer II,Employee,FT,FL,2023-11-17,2.79,1.0,40.0,Hourly,23.13,48110.4,23.13,5842.39,3877.67,481.54,4089.27,7713.54,70114.81,33.71,1.4574,clean
BAY-10082,Bayside Mechanical,Field Service - Install,Install,HVAC Installer,II,HVAC Installer - II,Field - Install,HVAC Installer II,Employee,,FL,2024-11-03,1.82,1.0,40.0,Hourly,27.04,56243.2,27.04,6830.02,4533.17,562.95,4780.54,7713.54,80663.42,38.78,1.4342,clean
BAY-10083,Bayside Mechanical,Field Service - Install,Install,HVAC Installer,II,HVAC Installer - II,Field - Install,HVAC Installer II,Employee,Regular,FL,2024-08-28,2.01,1.0,40.0,Hourly,25.94,53955.2,25.94,6552.17,4348.76,540.05,4586.06,7713.54,77695.78,37.35,1.44,clean
BAY-10084,Bayside Mechanical,Field Service - Install,Install,HVAC Installer,II,HVAC Installer - II,Field - Install,HVAC Installer II,Employee,FT,FL,2020-10-10,5.89,1.0,40.0,Hourly,23.24,48339.2,23.24,5870.18,3896.11,483.83,4108.72,7713.54,70411.58,33.85,1.4566,clean
BAY-10085,Bayside Mechanical,Field Service - Install,Install,HVAC Installer,II,HVAC Installer - II,Field - Install,HVAC Installer II,Employee,FT,FL,2025-01-08,1.64,1.0,40.0,Hourly,29.22,60777.6,29.22,7380.66,4898.64,608.33,5165.95,7713.54,86544.72,41.61,1.424,clean
BAY-10086,Bayside Mechanical,Field Service - Install,Install,HVAC Installer,II,HVAC Installer - II,Field - Install,HVAC Installer II,Employee,Full-Time,FL,2016-12-28,9.67,1.0,40.0,Hourly,27.2,56576.0,27.2,6870.43,4559.99,566.28,4808.83,7713.54,81095.07,38.99,1.4334,clean
BAY-10087,Bayside Mechanical,Field Service - Install,Install,HVAC Installer,II,HVAC Installer - II,Field - Install,HVAC Installer II,Employee,Regular,FL,2025-06-20,1.2,1.0,40.0,Hourly,29.34,61027.2,29.34,7410.97,4918.76,610.83,5187.17,7713.54,86868.47,41.76,1.4234,clean
BAY-10088,Bayside Mechanical,Field Service - Install,Install,HVAC Installer,II,HVAC Installer - II,Field - Install,HVAC Installer II,Employee,Regular,FL,2024-01-02,2.66,1.0,40.0,Hourly,24.38,50710.4,24.38,6158.13,4087.23,507.57,4310.26,7713.54,73487.13,35.33,1.4492,clean
BAY-10089,Bayside Mechanical,Field Service - Install,Install,HVAC Installer,II,HVAC Installer - II,Field - Install,HVAC Installer II,Employee,Regular,FL,2023-02-10,3.55,1.0,40.0,Hourly,29.08,60486.4,29.08,7345.3,4875.17,605.42,5141.2,7713.54,86167.03,41.43,1.4246,clean
BAY-10090,Bayside Mechanical,Field Service - Install,Install,HVAC Installer,II,HVAC Installer - II,Field - Install,HVAC Installer II,Employee,FT,FL,2026-02-14,0.54,1.0,40.0,Hourly,26.85,55848.0,26.85,6782.03,4501.32,558.99,4746.95,7713.54,80150.83,38.53,1.4352,clean
BAY-10091,Bayside Mechanical,Field Service - Install,Install,HVAC Installer,II,HVAC Installer - II,Field - Install,HVAC Installer II,Employee,,FL,2021-12-24,4.68,1.0,40.0,Hourly,28.71,59716.8,28.71,7251.84,4813.14,597.71,5075.79,7713.54,85168.82,40.95,1.4262,clean
BAY-10092,Bayside Mechanical,Field Service - Install,Install,HVAC Installer,II,HVAC Installer - II,Field - Install,HVAC Installer II,Employee,Regular,FL,2024-03-11,2.47,1.0,40.0,Hourly,29.38,61110.4,29.38,7421.08,4925.46,611.66,5194.24,7713.54,86976.38,41.82,1.4233,clean
BAY-10093,Bayside Mechanical,Field Service - Install,Install,HVAC Installer,II,HVAC Installer - II,Field - Install,HVAC Installer II,Employee,,FL,2022-10-07,3.9,1.0,40.0,Hourly,26.369999999999997,54849.6,26.37,6660.78,4420.85,549.0,4662.09,7713.54,78855.86,37.91,1.4377,pay_rate_imputed
BAY-10094,Bayside Mechanical,Field Service - Install,Install,HVAC Installer,II,HVAC Installer - II,Field - Install,HVAC Installer II,Employee,Regular,FL,2024-12-10,1.72,1.0,40.0,Hourly,23.59,49067.2,23.59,5958.58,3954.79,491.12,4170.59,7713.54,71355.82,34.31,1.4542,clean
BAY-10095,Bayside Mechanical,Field Service - Install,Install,HVAC Installer,II,HVAC Installer - II,Field - Install,HVAC Installer II,Employee,Regular,FL,2025-02-22,1.52,1.0,40.0,Hourly,22.91,47652.8,22.91,5786.82,3840.79,476.96,4050.37,7713.54,69521.28,33.42,1.4589,clean
BAY-10096,Bayside Mechanical,Field Service - Install,Install,HVAC Installer,II,HVAC Installer - II,Field - Install,HVAC Installer II,Employee,Full-Time,FL,2025-09-02,0.99,1.0,40.0,Hourly,26.29,54683.2,26.29,6640.58,4407.43,547.33,4647.94,7713.54,78640.02,37.81,1.4381,clean
BAY-10097,Bayside Mechanical,Field Service - Install,Install,HVAC Installer,II,HVAC Installer - II,Field - Install,HVAC Installer II,Employee,Regular,FL,2023-05-03,3.33,1.0,40.0,Hourly,23.36,48588.8,23.36,5900.49,3916.23,486.33,4129.93,7713.54,70735.32,34.01,1.4558,clean
BAY-10098,Bayside Mechanical,Field Service - Install,Install,HVAC Installer,II,HVAC Installer - II,Field - Install,HVAC Installer II,Employee,Regular,FL,2020-06-19,6.2,1.0,40.0,Hourly,23.65,49192.0,23.65,5973.74,3964.85,492.37,4181.2,7713.54,71517.7,34.38,1.4538,clean
BAY-10099,Bayside Mechanical,Field Service - Install,Install,HVAC Installer,II,HVAC Installer - II,Field - Install,HVAC Installer II,Employee,FT,FL,2023-01-17,3.62,1.0,40.0,Hourly,24.31,50564.8,24.31,6140.45,4075.49,506.11,4297.89,7713.54,73298.28,35.24,1.4496,clean
BAY-10100,Bayside Mechanical,Field Service - Install,Install,HVAC Installer,II,HVAC Installer - II,Field - Install,HVAC Installer II,Employee,Full-Time,FL,2021-06-06,5.23,1.0,40.0,Hourly,28.69,59675.2,28.69,7246.79,4809.79,597.3,5072.25,7713.54,85114.87,40.92,1.4263,clean
BAY-10101,Bayside Mechanical,Field Service - Install,Install,HVAC Installer,II,HVAC Installer - II,Field - Install,HVAC Installer II,Employee,Regular,FL,2023-09-20,2.95,1.0,40.0,Hourly,26.58,55286.4,26.58,6713.83,4456.05,553.37,4699.21,7713.54,79422.4,38.18,1.4366,clean
BAY-10102,Bayside Mechanical,Field Service - Install,Install,HVAC Installer,II,HVAC Installer - II,Field - Install,HVAC Installer II,Employee,Regular,FL,2025-10-16,0.87,1.0,40.0,Hourly,24.6,51168.0,24.6,6213.7,4124.11,512.15,4349.16,7713.54,74080.66,35.62,1.4478,clean
BAY-10103,Bayside Mechanical,Field Service - Install,Install,HVAC Installer,II,HVAC Installer - II,Field - Install,HVAC Installer II,Employee,FT,FL,2023-01-06,3.65,1.0,40.0,Hourly,26.56,55244.8,26.56,6708.77,4452.7,552.95,4695.68,7713.54,79368.44,38.16,1.4367,clean
BAY-10104,Bayside Mechanical,Field Service - Install,Install,HVAC Installer,II,HVAC Installer - II,Field - Install,HVAC Installer II,Employee,FT,FL,2025-10-02,0.91,1.0,40.0,Hourly,27.32,56825.6,27.32,6900.74,4580.11,568.78,4830.04,7713.54,81418.81,39.14,1.4328,clean
BAY-10105,Bayside Mechanical,Field Service - Install,Install,HVAC Installer,II,HVAC Installer - II,Field - Install,HVAC Installer II,Employee,Regular,FL,2024-10-22,1.86,1.0,40.0,Hourly,27.22,56617.6,27.22,6875.48,4563.35,566.69,4812.36,7713.54,81149.02,39.01,1.4333,clean
BAY-10106,Bayside Mechanical,Field Service - Install,Install,HVAC Installer,II,HVAC Installer - II,Field - Install,HVAC Installer II,Employee,Regular,FL,2017-03-03,9.49,1.0,40.0,Hourly,24.21,50356.8,24.21,6115.19,4058.73,504.03,4280.21,7713.54,73028.5,35.11,1.4502,clean
BAY-10107,Bayside Mechanical,Field Service - Install,Install,HVAC Installer,II,HVAC Installer - II,Field - Install,HVAC Installer II,Employee,Full-Time,FL,2020-12-16,5.71,1.0,40.0,Hourly,24.83,51646.4,24.83,6271.8,4162.67,516.94,4389.82,7713.54,74701.17,35.91,1.4464,clean
BAY-10108,Bayside Mechanical,Field Service - Install,Install,HVAC Installer,II,HVAC Installer - II,Field - Install,HVAC Installer II,Employee,Regular,FL,2026-01-09,0.64,1.0,40.0,Hourly,27.37,56929.6,27.37,6913.37,4588.49,569.82,4838.88,7713.54,81553.7,39.21,1.4325,clean
BAY-10109,Bayside Mechanical,Field Service - Install,Install,HVAC Installer,II,HVAC Installer - II,Field - Install,HVAC Installer II,Employee,,FL,2024-10-18,1.87,1.0,40.0,Hourly,26.45,55016.0,26.45,6680.99,4434.26,550.66,4676.23,7713.54,79071.68,38.02,1.4372,clean
BAY-10110,Bayside Mechanical,Field Service - Install,Install,HVAC Installer,Lead,HVAC Installer - Lead,Field - Install,Lead HVAC Installer,Employee,Regular,FL,2020-09-09,5.97,1.0,40.0,Hourly,44.16,91852.8,44.16,11154.35,7403.28,919.37,7807.27,7713.54,126850.61,60.99,1.381,clean
BAY-10111,Bayside Mechanical,Field Service - Install,Install,HVAC Installer,Lead,HVAC Installer - Lead,Field - Install,Lead HVAC Installer,Employee,Regular,FL,2023-03-14,3.47,1.0,40.0,Hourly,42.61,88628.8,42.61,10762.83,7143.43,887.1,7533.24,7713.54,122668.94,58.98,1.3841,clean
BAY-10112,Bayside Mechanical,Field Service - Install,Install,HVAC Installer,Lead,HVAC Installer - Lead,Field - Install,Lead HVAC Installer,Employee,Regular,FL,2022-10-12,3.89,1.0,40.0,Hourly,40.04,83283.2,40.04,10113.68,6712.58,833.59,7078.87,7713.54,115735.46,55.64,1.3897,clean
BAY-10113,Bayside Mechanical,Field Service - Install,Install,HVAC Installer,Lead,HVAC Installer - Lead,Field - Install,Lead HVAC Installer,Employee,FT,FL,2025-11-25,0.76,1.0,40.0,Hourly,40.2,83616.0,40.2,10154.09,6739.4,836.92,7107.16,7713.54,116167.11,55.85,1.3893,clean
BAY-10114,Bayside Mechanical,Field Service - Install,Install,HVAC Installer,Lead,HVAC Installer - Lead,Field - Install,Lead HVAC Installer,Employee,Full-Time,FL,2021-08-04,5.07,1.0,40.0,Hourly,44.83,93246.4,44.83,11323.58,7515.61,933.32,7925.72,7713.54,128658.17,61.85,1.3798,clean
BAY-10115,Bayside Mechanical,Field Service - Install,Install,HVAC Installer,Lead,HVAC Installer - Lead,Field - Install,Lead HVAC Installer,Employee,Full-Time,FL,2024-02-25,2.51,1.0,40.0,Hourly,42.48,88358.4,42.48,10730.0,7121.64,884.39,7510.25,7713.54,122318.22,58.81,1.3843,clean
BAY-10116,Bayside Mechanical,Field Service - Install,Install,HVAC Installer,Lead,HVAC Installer - Lead,Field - Install,Lead HVAC Installer,Employee,,FL,2024-10-23,1.85,1.0,40.0,Hourly,40.35,83928.0,40.35,10191.98,6764.55,840.05,7133.68,7713.54,116571.8,56.04,1.389,clean
BAY-10117,Bayside Mechanical,Field Service - Install,Install,HVAC Installer,Lead,HVAC Installer - Lead,Field - Install,Lead HVAC Installer,Employee,,FL,2023-12-01,2.75,1.0,40.0,Hourly,44.24,92019.2,44.24,11174.56,7416.69,921.03,7821.41,7713.54,127066.43,61.09,1.3809,clean
BAY-10118,Bayside Mechanical,Field Service - Install,Install,HVAC Installer,Lead,HVAC Installer - Lead,Field - Install,Lead HVAC Installer,Employee,Regular,FL,2018-10-06,7.9,1.0,40.0,Hourly,42.42,88233.6,42.42,10714.84,7111.58,883.14,7499.65,7713.54,122156.35,58.73,1.3845,clean
BAY-10119,Bayside Mechanical,Field Service - Install,Install,HVAC Installer,Lead,HVAC Installer - Lead,Field - Install,Lead HVAC Installer,Employee,Full-Time,FL,2021-08-20,5.03,1.0,40.0,Hourly,44.45,92456.0,44.45,11227.6,7451.9,925.41,7858.54,7713.54,127632.99,61.36,1.3805,clean
BAY-10120,Bayside Mechanical,Field Service - Install,Install,HVAC Installer,Lead,HVAC Installer - Lead,Field - Install,Lead HVAC Installer,Employee,FT,FL,2023-12-19,2.7,1.0,40.0,Hourly,44.92,93433.6,44.92,11346.32,7530.69,935.19,7941.63,7713.54,128900.97,61.97,1.3796,clean
BAY-10121,Bayside Mechanical,Field Service - Install,Install,HVAC Installer,Lead,HVAC Installer - Lead,Field - Install,Lead HVAC Installer,Employee,,FL,2022-02-28,4.5,1.0,40.0,Hourly,40.44,84115.2,40.44,10214.72,6779.64,841.92,7149.59,7713.54,116814.61,56.16,1.3887,clean
BAY-10122,Bayside Mechanical,Field Service - Install,Install,HVAC Installer,Lead,HVAC Installer - Lead,Field - Install,Lead HVAC Installer,Employee,Full-Time,FL,2025-03-27,1.43,1.0,40.0,Hourly,42.36,88108.8,42.36,10699.69,7101.52,881.89,7489.04,7713.54,121994.48,58.65,1.3846,clean
BAY-10123,Bayside Mechanical,Field Service - Install,Install,HVAC Installer,Lead,HVAC Installer - Lead,Field - Install,Lead HVAC Installer,Employee,,FL,2024-09-09,1.97,1.0,40.0,Hourly,44.07,91665.6,44.07,11131.62,7388.19,917.49,7791.36,7713.54,126607.8,60.87,1.3812,clean
BAY-10124,Bayside Mechanical,Field Service - Install,Install,HVAC Installer,Lead,HVAC Installer - Lead,Field - Install,Lead HVAC Installer,Employee,Regular,FL,2024-07-05,2.15,1.0,40.0,Hourly,41.88,87110.4,41.88,10578.44,7021.05,871.9,7404.18,7713.54,120699.51,58.03,1.3856,clean
BAY-10125,Bayside Mechanical,Field Service - Install,Install,HVAC Installer,Lead,HVAC Installer - Lead,Field - Install,Lead HVAC Installer,Employee,,FL,2022-10-10,3.89,1.0,40.0,Hourly,43.49,90459.2,43.49,10985.11,7290.96,905.42,7688.82,7713.54,125043.05,60.12,1.3823,clean
BAY-10126,Bayside Mechanical,Field Service - Install,Install,HVAC Installer,Lead,HVAC Installer - Lead,Field - Install,Lead HVAC Installer,Employee,Regular,FL,2016-06-06,10.23,1.0,40.0,Hourly,40.09,83387.2,40.09,10126.31,6720.96,834.63,7087.71,7713.54,115870.35,55.71,1.3895,clean
BAY-10127,Bayside Mechanical,Field Service - Install,Install,HVAC Installer,Lead,HVAC Installer - Lead,Field - Install,Lead HVAC Installer,Employee,Regular,FL,2021-08-29,5.0,1.0,40.0,Hourly,43.63,90750.4,43.63,11020.48,7314.43,908.33,7713.57,7713.54,125420.75,60.3,1.382,clean
BAY-10128,Bayside Mechanical,Field Service - Install,Install,HVAC Installer,Lead,HVAC Installer - Lead,Field - Install,Lead HVAC Installer,Employee,Regular,FL,2023-08-24,3.02,1.0,40.0,Hourly,42.63,88670.4,42.63,10767.89,7146.78,887.51,7536.77,7713.54,122722.89,59.0,1.384,clean
BAY-10129,Bayside Mechanical,Field Service - Install,Install,HVAC Installer,Lead,HVAC Installer - Lead,Field - Install,Lead HVAC Installer,Employee,FT,FL,2021-12-20,4.7,1.0,40.0,Hourly,42.2,87776.0,42.2,10659.27,7074.69,878.56,7460.75,7713.54,121562.81,58.44,1.3849,clean
BAY-10130,Bayside Mechanical,Field Service - Install,Install,HVAC Installer,Lead,HVAC Installer - Lead,Field - Install,Lead HVAC Installer,Employee,Regular,FL,2019-11-21,6.78,1.0,40.0,Hourly,43.76,91020.8,43.76,11053.31,7336.22,911.04,7736.55,7713.54,125771.46,60.47,1.3818,clean
BAY-10481,Bayside Mechanical,Field Service - Install,Install,HVAC Installer,I,HVAC Installer - I,Field - Install,HVAC Installer I,Employee,Full-Time,FL,2026-07-07,0.15,1.0,40.0,Hourly,18.5,38480.0,18.5,4672.9,3101.47,385.15,3270.71,7713.54,57623.77,27.7,1.4975,clean
BAY-10482,Bayside Mechanical,Field Service - Install,Install,HVAC Installer,II,HVAC Installer - II,Field - Install,HVAC Installer II,Employee,FT,FL,2026-08-17,0.04,1.0,40.0,Hourly,24.0,49920.0,24.0,6062.15,4023.52,499.66,4243.08,7713.54,72461.95,34.84,1.4516,clean
GLC-10001,Great Lakes Comfort Systems,Field Service - Install,Install,HVAC Installer,Unspecified,HVAC Installer - Unspecified,Field - Install,Installer,Employee,Full-Time,MI,2024-09-24,1.93,1.0,40.0,Hourly,21.56,44844.8,21.56,5445.83,3614.46,448.86,3811.7,7713.54,65879.19,31.67,1.469,clean
GLC-10002,Great Lakes Comfort Systems,Field Service - Install,Install,HVAC Installer,Unspecified,HVAC Installer - Unspecified,Field - Install,Installer,Employee,,MI,2025-05-06,1.32,1.0,40.0,Hourly,21.1,43888.0,21.1,5329.64,3537.35,439.28,3730.38,7713.54,64638.19,31.08,1.4728,clean
GLC-10003,Great Lakes Comfort Systems,Field Service - Install,Install,HVAC Installer,Unspecified,HVAC Installer - Unspecified,Field - Install,Installer,Employee,Regular,MI,2026-06-10,0.22,1.0,40.0,Hourly,21.69,45115.2,21.69,5478.66,3636.26,451.56,3834.68,7713.54,66229.9,31.84,1.468,clean
GLC-10004,Great Lakes Comfort Systems,Field Service - Install,Install,HVAC Installer,Unspecified,HVAC Installer - Unspecified,Field - Install,Installer,Employee,,MI,2023-03-30,3.42,1.0,40.0,Hourly,18.33,38126.4,18.33,4629.96,3072.97,381.61,3240.65,7713.54,57165.13,27.48,1.4994,clean
GLC-10005,Great Lakes Comfort Systems,Field Service - Install,Install,HVAC Installer,Unspecified,HVAC Installer - Unspecified,Field - Install,Installer,Employee,Full-Time,MI,2021-09-17,4.95,1.0,40.0,Hourly,17.8,37024.0,17.8,4496.09,2984.11,370.58,3146.95,7713.54,55735.27,26.8,1.5054,clean
GLC-10006,Great Lakes Comfort Systems,Field Service - Install,Install,HVAC Installer,Unspecified,HVAC Installer - Unspecified,Field - Install,Installer,Employee,,MI,2022-05-14,4.3,1.0,40.0,Hourly,19.11,39748.8,19.11,4826.98,3203.73,397.85,3378.55,7713.54,59269.45,28.49,1.4911,clean
GLC-10007,Great Lakes Comfort Systems,Field Service - Install,Install,HVAC Installer,Unspecified,HVAC Installer - Unspecified,Field - Install,Installer,Employee,FT,MI,2023-12-16,2.71,1.0,40.0,Hourly,21.87,45489.6,21.87,5524.13,3666.44,455.31,3866.51,7713.54,66715.53,32.07,1.4666,clean
GLC-10008,Great Lakes Comfort Systems,Field Service - Install,Install,HVAC Installer,Unspecified,HVAC Installer - Unspecified,Field - Install,Installer,Employee,Regular,MI,2015-10-19,10.87,1.0,40.0,Hourly,19.59,40747.2,19.59,4948.23,3284.2,407.84,3463.41,7713.54,60564.42,29.12,1.4863,clean
GLC-10009,Great Lakes Comfort Systems,Field Service - Install,Install,HVAC Installer,Unspecified,HVAC Installer - Unspecified,Field - Install,Installer,Employee,Full-Time,MI,2025-02-26,1.51,1.0,40.0,Hourly,19.53,40622.4,19.53,4933.07,3274.14,406.6,3452.81,7713.54,60402.56,29.04,1.4869,clean
GLC-10010,Great Lakes Comfort Systems,Field Service - Install,Install,HVAC Installer,Unspecified,HVAC Installer - Unspecified,Field - Install,Installer,Employee,Regular,MI,2025-04-17,1.37,1.0,40.0,Hourly,17.48,36358.4,17.48,4415.26,2930.47,363.92,3090.38,7713.54,54871.97,26.38,1.5092,clean
GLC-10011,Great Lakes Comfort Systems,Field Service - Install,Install,HVAC Installer,Unspecified,HVAC Installer - Unspecified,Field - Install,Installer,Employee,Full-Time,MI,2024-01-05,2.65,1.0,40.0,Hourly,20.51,42660.8,20.51,5180.61,3438.44,427.0,3626.07,7713.54,63046.46,30.31,1.4779,clean
GLC-10012,Great Lakes Comfort Systems,Field Service - Install,Install,HVAC Installer,Unspecified,HVAC Installer - Unspecified,Field - Install,Installer,Employee,Full-Time,MI,2025-09-05,0.99,1.0,40.0,Hourly,17.84,37107.2,17.84,4506.2,2990.82,371.41,3154.02,7713.54,55843.19,26.85,1.5049,clean
GLC-10013,Great Lakes Comfort Systems,Field Service - Install,Install,HVAC Installer,Unspecified,HVAC Installer - Unspecified,Field - Install,Installer,Employee,Seasonal,MI,2022-08-19,4.03,1.0,40.0,Hourly,17.99,37419.2,17.99,4544.08,3015.97,374.53,3180.54,7713.54,56247.86,27.04,1.5032,clean
GLC-10014,Great Lakes Comfort Systems,Field Service - Install,Install,HVAC Installer,Unspecified,HVAC Installer - Unspecified,Field - Install,Installer,Employee,,MI,2023-01-19,3.61,1.0,40.0,Hourly,19.87,41329.6,19.87,5018.95,3331.14,413.67,3512.92,7713.54,61319.82,29.48,1.4837,clean
GLC-10015,Great Lakes Comfort Systems,Field Service - Install,Install,HVAC Installer,Unspecified,HVAC Installer - Unspecified,Field - Install,Installer,Employee,,MI,2025-08-11,1.05,1.0,40.0,Hourly,19.33,40206.4,19.33,4882.55,3240.61,402.43,3417.45,7713.54,59862.98,28.78,1.4889,clean
GLC-10016,Great Lakes Comfort Systems,Field Service - Install,Install,HVAC Installer,Unspecified,HVAC Installer - Unspecified,Field - Install,Installer,Employee,Regular,MI,2024-11-22,1.77,1.0,40.0,Hourly,19.21,39956.8,19.21,4852.24,3220.49,399.93,3396.23,7713.54,59539.23,28.62,1.4901,clean
GLC-10017,Great Lakes Comfort Systems,Field Service - Install,Install,HVAC Installer,Unspecified,HVAC Installer - Unspecified,Field - Install,Installer,Employee,Full-Time,MI,2024-09-06,1.98,1.0,40.0,Hourly,18.84,39187.2,18.84,4758.78,3158.47,392.23,3330.82,7713.54,58541.04,28.14,1.4939,clean
GLC-10018,Great Lakes Comfort Systems,Field Service - Install,Install,HVAC Installer,Unspecified,HVAC Installer - Unspecified,Field - Install,Installer,Employee,Regular,MI,2024-06-25,2.18,1.0,40.0,Hourly,17.13,35630.4,17.13,4326.86,2871.79,356.63,3028.5,7713.54,53927.72,25.93,1.5135,clean
GLC-10019,Great Lakes Comfort Systems,Field Service - Install,Install,HVAC Installer,Unspecified,HVAC Installer - Unspecified,Field - Install,Installer,Employee,Full-Time,MI,2023-06-03,3.24,1.0,40.0,Hourly,17.08,35526.4,17.08,4314.23,2863.41,355.59,3019.66,7713.54,53792.83,25.86,1.5142,clean
GLC-10020,Great Lakes Comfort Systems,Field Service - Install,Install,HVAC Installer,Unspecified,HVAC Installer - Unspecified,Field - Install,Installer,Employee,,MI,2021-03-11,5.47,1.0,40.0,Hourly,17.07,35505.6,17.07,4311.7,2861.73,355.38,3017.89,7713.54,53765.84,25.85,1.5143,clean
GLC-10021,Great Lakes Comfort Systems,Field Service - Install,Install,HVAC Installer,Unspecified,HVAC Installer - Unspecified,Field - Install,Installer,Employee,Regular,MI,2020-07-01,6.17,1.0,40.0,Hourly,20.22,42057.6,20.22,5107.36,3389.82,420.96,3574.8,7713.54,62264.08,29.93,1.4804,clean
GLC-10022,Great Lakes Comfort Systems,Field Service - Install,Install,HVAC Installer,Unspecified,HVAC Installer - Unspecified,Field - Install,Installer,Employee,Full-Time,MI,2012-05-31,14.25,1.0,40.0,Hourly,18.92,39353.6,18.92,4778.99,3171.88,393.9,3344.96,7713.54,58756.87,28.25,1.493,clean
GLC-10023,Great Lakes Comfort Systems,Field Service - Install,Install,HVAC Installer,Unspecified,HVAC Installer - Unspecified,Field - Install,Installer,Employee,Regular,MI,2025-09-15,0.96,1.0,40.0,Hourly,20.51,42660.8,20.51,5180.61,3438.44,427.0,3626.07,7713.54,63046.46,30.31,1.4779,clean
GLC-10024,Great Lakes Comfort Systems,Field Service - Install,Install,HVAC Installer,Unspecified,HVAC Installer - Unspecified,Field - Install,Installer,Employee,Full-Time,MI,2025-06-21,1.19,1.0,40.0,Hourly,20.19,41995.2,20.19,5099.78,3384.79,420.34,3569.49,7713.54,62183.14,29.9,1.4807,clean
GLC-10025,Great Lakes Comfort Systems,Field Service - Install,Install,HVAC Installer,Unspecified,HVAC Installer - Unspecified,Field - Install,Installer,Employee,Regular,MI,2014-06-09,12.23,1.0,40.0,Hourly,17.92,37273.6,17.92,4526.4,3004.23,373.08,3168.17,7713.54,56059.02,26.95,1.504,clean
GLC-10026,Great Lakes Comfort Systems,Field Service - Install,Install,HVAC Installer,Unspecified,HVAC Installer - Unspecified,Field - Install,Installer,Employee,Regular,MI,2017-10-30,8.84,1.0,40.0,Hourly,21.87,45489.6,21.87,5524.13,3666.44,455.31,3866.51,7713.54,66715.53,32.07,1.4666,clean
GLC-10027,Great Lakes Comfort Systems,Field Service - Install,Install,HVAC Installer,Unspecified,HVAC Installer - Unspecified,Field - Install,Installer,Employee,Regular,MI,2020-08-01,6.08,1.0,40.0,Hourly,19.6,40768.0,19.6,4950.75,3285.88,408.05,3465.18,7713.54,60591.4,29.13,1.4862,clean
GLC-10028,Great Lakes Comfort Systems,Field Service - Install,Install,HVAC Installer,Unspecified,HVAC Installer - Unspecified,Field - Install,Installer,Employee,Regular,MI,2023-10-06,2.9,1.0,40.0,Hourly,18.45,38376.0,18.45,4660.27,3093.08,384.11,3261.87,7713.54,57488.87,27.64,1.498,clean
GLC-10029,Great Lakes Comfort Systems,Field Service - Install,Install,HVAC Installer,Unspecified,HVAC Installer - Unspecified,Field - Install,Installer,Employee,Regular,MI,2025-11-17,0.79,1.0,40.0,Hourly,17.35,36088.0,17.35,4382.43,2908.67,361.21,3067.39,7713.54,54521.24,26.21,1.5108,clean
GLC-10030,Great Lakes Comfort Systems,Field Service - Install,Install,HVAC Installer,Unspecified,HVAC Installer - Unspecified,Field - Install,Installer,Employee,Regular,MI,2022-07-05,4.16,1.0,40.0,Hourly,26.39,54891.2,26.39,6665.83,4424.2,549.41,4665.62,7713.54,78909.8,37.94,1.4376,clean
GLC-10031,Great Lakes Comfort Systems,Field Service - Install,Install,HVAC Installer,Unspecified,HVAC Installer - Unspecified,Field - Install,Installer,Employee,FT,MI,2021-10-05,4.9,1.0,40.0,Hourly,27.08,56326.4,27.08,6840.12,4539.88,563.78,4787.61,7713.54,80771.33,38.83,1.434,clean
GLC-10032,Great Lakes Comfort Systems,Field Service - Install,Install,HVAC Installer,Unspecified,HVAC Installer - Unspecified,Field - Install,Installer,Employee,Regular,MI,2021-04-25,5.35,1.0,40.0,Hourly,29.36,61068.8,29.36,7416.03,4922.11,611.25,5190.7,7713.54,86922.43,41.79,1.4234,clean
GLC-10033,Great Lakes Comfort Systems,Field Service - Install,Install,HVAC Installer,Unspecified,HVAC Installer - Unspecified,Field - Install,Installer,Employee,FT,MI,2014-08-26,12.01,1.0,40.0,Hourly,23.83,49566.4,23.83,6019.21,3995.02,496.12,4213.03,7713.54,72003.32,34.62,1.4527,clean
GLC-10034,Great Lakes Comfort Systems,Field Service - Install,Install,HVAC Installer,Unspecified,HVAC Installer - Unspecified,Field - Install,Installer,Employee,,MI,2024-06-26,2.18,1.0,40.0,Hourly,23.11,48068.8,23.11,5837.34,3874.32,481.13,4085.73,7713.54,70060.86,33.68,1.4575,clean
GLC-10035,Great Lakes Comfort Systems,Field Service - Install,Install,HVAC Installer,Unspecified,HVAC Installer - Unspecified,Field - Install,Installer,Employee,Full-Time,MI,2020-11-12,5.8,1.0,40.0,Hourly,23.66,49212.8,23.66,5976.27,3966.52,492.58,4182.97,7713.54,71544.68,34.4,1.4538,clean
GLC-10036,Great Lakes Comfort Systems,Field Service - Install,Install,HVAC Installer,Unspecified,HVAC Installer - Unspecified,Field - Install,Installer,Employee,FT,MI,2022-09-29,3.92,1.0,40.0,Hourly,26.58,55286.4,26.58,6713.83,4456.05,553.37,4699.21,7713.54,79422.4,38.18,1.4366,clean
GLC-10037,Great Lakes Comfort Systems,Field Service - Install,Install,HVAC Installer,Unspecified,HVAC Installer - Unspecified,Field - Install,Installer,Employee,,MI,2025-03-13,1.47,1.0,40.0,Hourly,29.22,60777.6,29.22,7380.66,4898.64,608.33,5165.95,7713.54,86544.72,41.61,1.424,clean
GLC-10038,Great Lakes Comfort Systems,Field Service - Install,Install,HVAC Installer,Unspecified,HVAC Installer - Unspecified,Field - Install,Installer,Employee,,MI,2024-05-25,2.27,1.0,40.0,Hourly,22.16,46092.8,22.16,5597.38,3715.05,461.35,3917.78,7713.54,67497.9,32.45,1.4644,clean
GLC-10039,Great Lakes Comfort Systems,Field Service - Install,Install,HVAC Installer,Unspecified,HVAC Installer - Unspecified,Field - Install,Installer,Employee,,MI,2018-02-06,8.56,1.0,40.0,Hourly,28.74,59779.2,28.74,7259.42,4818.17,598.34,5081.09,7713.54,85249.76,40.99,1.4261,clean
GLC-10040,Great Lakes Comfort Systems,Field Service - Install,Install,HVAC Installer,Unspecified,HVAC Installer - Unspecified,Field - Install,Installer,Employee,Regular,MI,2024-10-12,1.88,1.0,40.0,Hourly,24.82,51625.6,24.82,6269.27,4160.99,516.73,4388.05,7713.54,74674.18,35.9,1.4465,clean
GLC-10041,Great Lakes Comfort Systems,Field Service - Install,Install,HVAC Installer,Unspecified,HVAC Installer - Unspecified,Field - Install,Installer,Employee,FT,MI,2024-11-05,1.82,1.0,40.0,Hourly,29.49,61339.2,29.49,7448.86,4943.9,613.95,5213.69,7713.54,87273.14,41.96,1.4228,clean
GLC-10042,Great Lakes Comfort Systems,Field Service - Install,Install,HVAC Installer,Unspecified,HVAC Installer - Unspecified,Field - Install,Installer,Employee,Full-Time,MI,2020-01-05,6.65,1.0,40.0,Hourly,28.39,59051.2,28.39,7171.01,4759.49,591.05,5019.21,7713.54,84305.5,40.53,1.4277,clean
GLC-10043,Great Lakes Comfort Systems,Field Service - Install,Install,HVAC Installer,Unspecified,HVAC Installer - Unspecified,Field - Install,Installer,Employee,Full-Time,MI,2025-04-04,1.41,1.0,40.0,Hourly,23.65,49192.0,23.65,5973.74,3964.85,492.37,4181.2,7713.54,71517.7,34.38,1.4538,clean
GLC-10044,Great Lakes Comfort Systems,Field Service - Install,Install,HVAC Installer,Unspecified,HVAC Installer - Unspecified,Field - Install,Installer,Employee,,MI,2020-07-14,6.13,1.0,40.0,Hourly,28.28,58822.4,28.28,7143.23,4741.05,588.76,4999.76,7713.54,84008.74,40.39,1.4282,clean
GLC-10045,Great Lakes Comfort Systems,Field Service - Install,Install,HVAC Installer,Unspecified,HVAC Installer - Unspecified,Field - Install,Installer,Employee,Full-Time,MI,2024-06-07,2.23,1.0,40.0,Hourly,26.83,55806.4,26.83,6776.97,4497.96,558.57,4743.41,7713.54,80096.85,38.51,1.4353,clean
GLC-10046,Great Lakes Comfort Systems,Field Service - Install,Install,HVAC Installer,Unspecified,HVAC Installer - Unspecified,Field - Install,Installer,Employee,,MI,2021-09-12,4.97,1.0,40.0,Hourly,28.63,59550.4,28.63,7231.63,4799.73,596.05,5061.64,7713.54,84952.99,40.84,1.4266,clean
GLC-10047,Great Lakes Comfort Systems,Field Service - Install,Install,HVAC Installer,Unspecified,HVAC Installer - Unspecified,Field - Install,Installer,Employee,,MI,2025-08-27,1.01,1.0,40.0,Hourly,26.59,55307.2,26.59,6716.35,4457.73,553.58,4700.98,7713.54,79449.38,38.2,1.4365,clean
GLC-10048,Great Lakes Comfort Systems,Field Service - Install,Install,HVAC Installer,Unspecified,HVAC Installer - Unspecified,Field - Install,Installer,Employee,FT,MI,2023-11-18,2.78,1.0,40.0,Hourly,28.46,59196.8,28.46,7188.69,4771.23,592.51,5031.59,7713.54,84494.36,40.62,1.4273,clean
GLC-10049,Great Lakes Comfort Systems,Field Service - Install,Install,HVAC Installer,Unspecified,HVAC Installer - Unspecified,Field - Install,Installer,Employee,Regular,MI,2024-03-13,2.47,1.0,40.0,Hourly,29.53,61422.4,29.53,7458.97,4950.61,614.79,5220.76,7713.54,87381.07,42.01,1.4226,clean
GLC-10050,Great Lakes Comfort Systems,Field Service - Install,Install,HVAC Installer,Unspecified,HVAC Installer - Unspecified,Field - Install,Installer,Employee,FT,MI,2020-03-13,6.47,1.0,40.0,Hourly,26.2,54496.0,26.2,6617.84,4392.35,545.46,4632.03,7713.54,78397.22,37.69,1.4386,clean
GLC-10051,Great Lakes Comfort Systems,Field Service - Install,Install,HVAC Installer,Unspecified,HVAC Installer - Unspecified,Field - Install,Installer,Employee,Regular,MI,2023-04-22,3.36,1.0,40.0,Hourly,28.69,59675.2,28.69,7246.79,4809.79,597.3,5072.25,7713.54,85114.87,40.92,1.4263,clean
GLC-10052,Great Lakes Comfort Systems,Field Service - Install,Install,HVAC Installer,Unspecified,HVAC Installer - Unspecified,Field - Install,Installer,Employee,Regular,MI,2024-09-15,1.96,1.0,40.0,Hourly,23.09,48027.2,23.09,5832.29,3870.96,480.71,4082.2,7713.54,70006.9,33.66,1.4577,clean
GLC-10053,Great Lakes Comfort Systems,Field Service - Install,Install,HVAC Installer,Unspecified,HVAC Installer - Unspecified,Field - Install,Installer,Employee,FT,MI,2024-10-28,1.84,1.0,40.0,Hourly,27.79,57803.2,27.79,7019.46,4658.9,578.56,4913.13,7713.54,82686.79,39.75,1.4305,clean
GLC-10054,Great Lakes Comfort Systems,Field Service - Install,Install,HVAC Installer,Unspecified,HVAC Installer - Unspecified,Field - Install,Installer,Employee,Regular,MI,2025-11-03,0.82,1.0,40.0,Hourly,28.97,60257.6,28.97,7317.52,4856.73,603.13,5121.75,7713.54,85870.27,41.28,1.4251,clean
GLC-10055,Great Lakes Comfort Systems,Field Service - Install,Install,HVAC Installer,Unspecified,HVAC Installer - Unspecified,Field - Install,Installer,Employee,FT,MI,2023-12-09,2.73,1.0,40.0,Hourly,26.58,55286.4,26.58,6713.83,4456.05,553.37,4699.21,7713.54,79422.4,38.18,1.4366,clean
GLC-10056,Great Lakes Comfort Systems,Field Service - Install,Install,HVAC Installer,Unspecified,HVAC Installer - Unspecified,Field - Install,Installer,Employee,Full-Time,MI,2022-05-29,4.26,1.0,40.0,Hourly,24.32,50585.6,24.32,6142.97,4077.17,506.32,4299.66,7713.54,73325.26,35.25,1.4495,clean
GLC-10057,Great Lakes Comfort Systems,Field Service - Install,Install,HVAC Installer,Unspecified,HVAC Installer - Unspecified,Field - Install,Installer,Employee,Full-Time,MI,2020-12-31,5.66,1.0,40.0,Hourly,22.5,46800.0,22.5,5683.26,3772.05,468.43,3977.89,7713.54,68415.17,32.89,1.4619,clean
GLC-10058,Great Lakes Comfort Systems,Field Service - Install,Install,HVAC Installer,Unspecified,HVAC Installer - Unspecified,Field - Install,Installer,Employee,FT,MI,2019-08-19,7.03,1.0,40.0,Hourly,27.12,56409.6,27.12,6850.22,4546.58,564.61,4794.68,7713.54,80879.23,38.88,1.4338,clean
GLC-10059,Great Lakes Comfort Systems,Field Service - Install,Install,HVAC Installer,Unspecified,HVAC Installer - Unspecified,Field - Install,Installer,Employee,Regular,MI,2022-07-29,4.09,1.0,40.0,Hourly,23.46,48796.8,23.46,5925.75,3932.99,488.41,4147.61,7713.54,71005.1,34.14,1.4551,clean
GLC-10060,Great Lakes Comfort Systems,Field Service - Install,Install,HVAC Installer,Unspecified,HVAC Installer - Unspecified,Field - Install,Installer,Employee,Full-Time,MI,2023-03-10,3.48,1.0,40.0,Hourly,26.05,54184.0,26.05,6579.95,4367.2,542.34,4605.51,7713.54,77992.54,37.5,1.4394,clean
GLC-10061,Great Lakes Comfort Systems,Field Service - Install,Install,HVAC Installer,Unspecified,HVAC Installer - Unspecified,Field - Install,Installer,Employee,Regular,MI,2023-11-01,2.83,1.0,40.0,Hourly,26.91,55972.8,26.91,6797.18,4511.38,560.24,4757.55,7713.54,80312.69,38.61,1.4349,clean
GLC-10062,Great Lakes Comfort Systems,Field Service - Install,Install,HVAC Installer,Unspecified,HVAC Installer - Unspecified,Field - Install,Installer,Employee,Full-Time,MI,2022-10-04,3.91,1.0,40.0,Hourly,24.76,51500.8,24.76,6254.11,4150.93,515.48,4377.45,7713.54,74512.31,35.82,1.4468,clean
GLC-10063,Great Lakes Comfort Systems,Field Service - Install,Install,HVAC Installer,Unspecified,HVAC Installer - Unspecified,Field - Install,Installer,Employee,FT,MI,2024-01-16,2.62,1.0,40.0,Hourly,24.18,50294.4,24.18,6107.61,4053.7,503.4,4274.9,7713.54,72947.55,35.07,1.4504,clean
GLC-10064,Great Lakes Comfort Systems,Field Service - Install,Install,HVAC Installer,Unspecified,HVAC Installer - Unspecified,Field - Install,Installer,Employee,Regular,MI,2014-08-21,12.03,1.0,40.0,Hourly,26.05,54184.0,26.05,6579.95,4367.2,542.34,4605.51,7713.54,77992.54,37.5,1.4394,pay_rate_imputed
GLC-10065,Great Lakes Comfort Systems,Field Service - Install,Install,HVAC Installer,Unspecified,HVAC Installer - Unspecified,Field - Install,Installer,Employee,Full-Time,MI,2014-10-07,11.9,1.0,40.0,Hourly,27.55,57304.0,27.55,6958.84,4618.67,573.56,4870.7,7713.54,82039.31,39.44,1.4317,clean
GLC-10066,Great Lakes Comfort Systems,Field Service - Install,Install,HVAC Installer,Unspecified,HVAC Installer - Unspecified,Field - Install,Installer,Employee,,MI,2024-01-17,2.62,1.0,40.0,Hourly,22.98,47798.4,22.98,5804.5,3852.52,478.42,4062.75,7713.54,69710.13,33.51,1.4584,clean
GLC-10067,Great Lakes Comfort Systems,Field Service - Install,Install,HVAC Installer,Unspecified,HVAC Installer - Unspecified,Field - Install,Installer,Employee,Full-Time,MI,2024-09-27,1.92,1.0,40.0,Hourly,29.7,61776.0,29.7,7501.91,4979.11,618.32,5250.81,7713.54,87839.69,42.23,1.4219,clean
GLC-10068,Great Lakes Comfort Systems,Field Service - Install,Install,HVAC Installer,Unspecified,HVAC Installer - Unspecified,Field - Install,Installer,Employee,,MI,2021-06-06,5.23,1.0,40.0,Hourly,24.64,51251.2,24.64,6223.8,4130.82,512.98,4356.23,7713.54,74188.57,35.67,1.4475,clean
GLC-10069,Great Lakes Comfort Systems,Field Service - Install,Install,HVAC Installer,Unspecified,HVAC Installer - Unspecified,Field - Install,Installer,Employee,Regular,MI,2024-05-21,2.28,1.0,40.0,Hourly,23.69,49275.2,23.69,5983.84,3971.55,493.2,4188.27,7713.54,71625.6,34.44,1.4536,clean
GLC-10070,Great Lakes Comfort Systems,Field Service - Install,Install,HVAC Installer,Unspecified,HVAC Installer - Unspecified,Field - Install,Installer,Employee,FT,MI,2021-01-23,5.6,1.0,40.0,Hourly,29.92,62233.6,29.92,7557.48,5015.99,622.9,5289.71,7713.54,88433.22,42.52,1.421,clean
GLC-10071,Great Lakes Comfort Systems,Field Service - Install,Install,HVAC Installer,Unspecified,HVAC Installer - Unspecified,Field - Install,Installer,Employee,,MI,2022-08-30,4.0,1.0,40.0,Hourly,28.99,60299.2,28.99,7322.57,4860.08,603.54,5125.29,7713.54,85924.22,41.31,1.425,clean
GLC-10072,Great Lakes Comfort Systems,Field Service - Install,Install,HVAC Installer,Unspecified,HVAC Installer - Unspecified,Field - Install,Installer,Employee,Regular,MI,2026-03-23,0.44,1.0,40.0,Hourly,24.11,50148.8,24.11,6089.93,4041.96,501.95,4262.53,7713.54,72758.71,34.98,1.4509,clean
GLC-10073,Great Lakes Comfort Systems,Field Service - Install,Install,HVAC Installer,Unspecified,HVAC Installer - Unspecified,Field - Install,Installer,Employee,Regular,MI,2020-01-04,6.66,1.0,40.0,Hourly,22.06,45884.8,22.06,5572.12,3698.29,459.27,3900.1,7713.54,67228.12,32.32,1.4652,clean
GLC-10074,Great Lakes Comfort Systems,Field Service - Install,Install,HVAC Installer,Unspecified,HVAC Installer - Unspecified,Field - Install,Installer,Employee,Full-Time,MI,2023-05-01,3.33,1.0,40.0,Hourly,26.5,55120.0,26.5,6693.62,4442.64,551.7,4685.07,7713.54,79206.57,38.08,1.437,clean
GLC-10075,Great Lakes Comfort Systems,Field Service - Install,Install,HVAC Installer,Unspecified,HVAC Installer - Unspecified,Field - Install,Installer,Employee,,MI,2020-05-14,6.3,1.0,40.0,Hourly,24.96,51916.8,24.96,6304.63,4184.46,519.64,4412.8,7713.54,75051.87,36.08,1.4456,clean
GLC-10076,Great Lakes Comfort Systems,Field Service - Install,Install,HVAC Installer,Unspecified,HVAC Installer - Unspecified,Field - Install,Installer,Employee,Regular,MI,2023-04-25,3.35,1.0,40.0,Hourly,28.01,58260.8,28.01,7075.03,4695.79,583.14,4952.03,7713.54,83280.33,40.04,1.4294,clean
GLC-10077,Great Lakes Comfort Systems,Field Service - Install,Install,HVAC Installer,Unspecified,HVAC Installer - Unspecified,Field - Install,Installer,Employee,Regular,MI,2020-09-13,5.96,1.0,40.0,Hourly,26.99,56139.2,26.99,6817.39,4524.79,561.91,4771.7,7713.54,80528.53,38.72,1.4344,clean
GLC-10078,Great Lakes Comfort Systems,Field Service - Install,Install,HVAC Installer,Unspecified,HVAC Installer - Unspecified,Field - Install,Installer,Employee,FT,MI,2024-08-28,2.01,1.0,40.0,Hourly,23.11,48068.8,23.11,5837.34,3874.32,481.13,4085.73,7713.54,70060.86,33.68,1.4575,clean
GLC-10079,Great Lakes Comfort Systems,Field Service - Install,Install,HVAC Installer,Unspecified,HVAC Installer - Unspecified,Field - Install,Installer,Employee,FT,MI,2024-12-10,1.72,1.0,40.0,Hourly,24.16,50252.8,24.16,6102.56,4050.35,502.99,4271.37,7713.54,72893.61,35.05,1.4505,clean
GLC-10080,Great Lakes Comfort Systems,Field Service - Install,Install,HVAC Installer,Unspecified,HVAC Installer - Unspecified,Field - Install,Installer,Employee,FT,MI,2021-12-09,4.73,1.0,40.0,Hourly,24.91,51812.8,24.91,6292.0,4176.08,518.6,4403.96,7713.54,74916.98,36.02,1.4459,clean
GLC-10081,Great Lakes Comfort Systems,Field Service - Install,Install,HVAC Installer,Unspecified,HVAC Installer - Unspecified,Field - Install,Installer,Employee,FT,MI,2023-11-12,2.8,1.0,40.0,Hourly,27.21,56596.8,27.21,6872.96,4561.67,566.49,4810.59,7713.54,81122.05,39.0,1.4333,clean
GLC-10082,Great Lakes Comfort Systems,Field Service - Install,Install,HVAC Installer,Unspecified,HVAC Installer - Unspecified,Field - Install,Installer,Employee,FT,MI,2022-03-24,4.44,1.0,40.0,Hourly,28.69,59675.2,28.69,7246.79,4809.79,597.3,5072.25,7713.54,85114.87,40.92,1.4263,clean
GLC-10083,Great Lakes Comfort Systems,Field Service - Install,Install,HVAC Installer,Unspecified,HVAC Installer - Unspecified,Field - Install,Installer,Employee,FT,MI,2021-06-06,5.23,1.0,40.0,Hourly,23.99,49899.2,23.99,6059.62,4021.85,499.45,4241.31,7713.54,72434.97,34.82,1.4516,clean
GLC-10084,Great Lakes Comfort Systems,Field Service - Install,Install,HVAC Installer,Unspecified,HVAC Installer - Unspecified,Field - Install,Installer,Employee,Regular,MI,2025-02-03,1.57,1.0,40.0,Hourly,25.63,53310.4,25.63,6473.87,4296.79,533.59,4531.26,7713.54,76859.45,36.95,1.4417,clean
GLC-10085,Great Lakes Comfort Systems,Field Service - Install,Install,HVAC Installer,Unspecified,HVAC Installer - Unspecified,Field - Install,Installer,Employee,Regular,MI,2022-08-14,4.05,1.0,40.0,Hourly,27.89,58011.2,27.89,7044.72,4675.67,580.64,4930.81,7713.54,82956.58,39.88,1.43,clean
GLC-10086,Great Lakes Comfort Systems,Field Service - Install,Install,HVAC Installer,Unspecified,HVAC Installer - Unspecified,Field - Install,Installer,Employee,Regular,MI,2026-01-01,0.66,1.0,40.0,Hourly,45.26,94140.8,45.26,11432.2,7587.69,942.27,8001.74,7713.54,129818.24,62.41,1.379,clean
GLC-10087,Great Lakes Comfort Systems,Field Service - Install,Install,HVAC Installer,Unspecified,HVAC Installer - Unspecified,Field - Install,Installer,Employee,Regular,MI,2025-01-17,1.62,1.0,40.0,Hourly,45.13,93870.4,45.13,11399.36,7565.9,939.56,7978.76,7713.54,129467.52,62.24,1.3792,clean
GLC-10088,Great Lakes Comfort Systems,Field Service - Install,Install,HVAC Installer,Unspecified,HVAC Installer - Unspecified,Field - Install,Installer,Employee,,MI,2023-11-11,2.8,1.0,40.0,Hourly,43.44,90355.2,43.44,10972.48,7282.58,904.38,7679.98,7713.54,124908.16,60.05,1.3824,clean
GLC-10089,Great Lakes Comfort Systems,Field Service - Install,Install,HVAC Installer,Unspecified,HVAC Installer - Unspecified,Field - Install,Installer,Employee,Regular,MI,2016-06-30,10.17,1.0,40.0,Hourly,40.03,83262.4,40.03,10111.15,6710.9,833.39,7077.11,7713.54,115708.49,55.63,1.3897,clean
GLC-10090,Great Lakes Comfort Systems,Field Service - Install,Install,HVAC Installer,Unspecified,HVAC Installer - Unspecified,Field - Install,Installer,Employee,FT,MI,2023-12-09,2.73,1.0,40.0,Hourly,43.19,89835.2,43.19,10909.34,7240.66,899.17,7635.78,7713.54,124233.69,59.73,1.3829,clean
GLC-10091,Great Lakes Comfort Systems,Field Service - Install,Install,HVAC Installer,Unspecified,HVAC Installer - Unspecified,Field - Install,Installer,Employee,FT,MI,2022-12-14,3.71,1.0,40.0,Hourly,44.9,93392.0,44.9,11341.26,7527.34,934.77,7938.1,7713.54,128847.01,61.95,1.3796,clean
GLC-10092,Great Lakes Comfort Systems,Field Service - Install,Install,HVAC Installer,Unspecified,HVAC Installer - Unspecified,Field - Install,Installer,Employee,,MI,2024-04-05,2.4,1.0,40.0,Hourly,43.77,91041.6,43.77,11055.84,7337.9,911.25,7738.32,7713.54,125798.45,60.48,1.3818,clean
GLC-10093,Great Lakes Comfort Systems,Field Service - Install,Install,HVAC Installer,Unspecified,HVAC Installer - Unspecified,Field - Install,Installer,Employee,Full-Time,MI,2022-03-30,4.42,1.0,40.0,Hourly,41.05,85384.0,41.05,10368.8,6881.9,854.62,7257.44,7713.54,118460.3,56.95,1.3874,clean
GLC-10094,Great Lakes Comfort Systems,Field Service - Install,Install,HVAC Installer,Unspecified,HVAC Installer - Unspecified,Field - Install,Installer,Employee,Regular,MI,2025-04-30,1.34,1.0,40.0,Hourly,40.33,83886.4,40.33,10186.93,6761.19,839.63,7130.14,7713.54,116517.83,56.02,1.389,clean
GLC-10095,Great Lakes Comfort Systems,Field Service - Install,Install,HVAC Installer,Unspecified,HVAC Installer - Unspecified,Field - Install,Installer,Employee,FT,MI,2023-01-25,3.6,1.0,40.0,Hourly,41.25,85800.0,41.25,10419.31,6915.43,858.78,7292.8,7713.54,118999.86,57.21,1.3869,clean
GLC-10096,Great Lakes Comfort Systems,Field Service - Install,Install,HVAC Installer,Unspecified,HVAC Installer - Unspecified,Field - Install,Installer,Employee,Regular,MI,2020-12-15,5.71,1.0,40.0,Hourly,42.71,88836.8,42.71,10788.09,7160.19,889.18,7550.92,7713.54,122938.72,59.11,1.3839,clean
GLC-10097,Great Lakes Comfort Systems,Field Service - Install,Install,HVAC Installer,Unspecified,HVAC Installer - Unspecified,Field - Install,Installer,Employee,Regular,MI,2020-06-24,6.18,1.0,40.0,Hourly,44.36,92268.8,44.36,11204.87,7436.81,923.53,7842.63,7713.54,127390.18,61.25,1.3806,clean
GLC-10098,Great Lakes Comfort Systems,Field Service - Install,Install,HVAC Installer,Unspecified,HVAC Installer - Unspecified,Field - Install,Installer,Employee,Regular,MI,2025-11-22,0.77,1.0,40.0,Hourly,42.1,87568.0,42.1,10634.01,7057.93,876.48,7443.07,7713.54,121293.03,58.31,1.3851,clean
GLC-10099,Great Lakes Comfort Systems,Field Service - Install,Install,HVAC Installer,Unspecified,HVAC Installer - Unspecified,Field - Install,Installer,Employee,,MI,2024-01-18,2.62,1.0,40.0,Hourly,43.97,91457.6,43.97,11106.36,7371.43,915.41,7773.68,7713.54,126338.02,60.74,1.3814,clean
GLC-10100,Great Lakes Comfort Systems,Field Service - Install,Install,HVAC Installer,Unspecified,HVAC Installer - Unspecified,Field - Install,Installer,Employee,Regular,MI,2023-01-08,3.64,1.0,40.0,Hourly,41.62,86569.6,41.62,10512.77,6977.46,866.49,7358.21,7713.54,119998.07,57.69,1.3861,clean
GLC-10101,Great Lakes Comfort Systems,Field Service - Install,Install,HVAC Installer,Unspecified,HVAC Installer - Unspecified,Field - Install,Installer,Employee,Regular,MI,2017-05-05,9.32,1.0,40.0,Hourly,41.51,86340.8,41.51,10484.99,6959.02,864.2,7338.76,7713.54,119701.31,57.55,1.3864,clean
GLC-10102,Great Lakes Comfort Systems,Field Service - Install,Install,HVAC Installer,Unspecified,HVAC Installer - Unspecified,Field - Install,Installer,Employee,Regular,MI,2023-10-24,2.85,1.0,40.0,Hourly,44.17,91873.6,44.17,11156.87,7404.96,919.58,7809.04,7713.54,126877.59,61.0,1.381,clean
GLC-10103,Great Lakes Comfort Systems,Field Service - Install,Install,HVAC Installer,Unspecified,HVAC Installer - Unspecified,Field - Install,Installer,Employee,Regular,MI,2020-06-03,6.24,1.0,40.0,Hourly,45.09,93787.2,45.09,11389.26,7559.19,938.73,7971.69,7713.54,129359.61,62.19,1.3793,clean
GLC-10104,Great Lakes Comfort Systems,Field Service - Install,Install,HVAC Installer,Unspecified,HVAC Installer - Unspecified,Field - Install,Installer,Employee,Regular,MI,2022-09-22,3.94,1.0,40.0,Hourly,40.87,85009.6,40.87,10323.33,6851.72,850.87,7225.61,7713.54,117974.67,56.72,1.3878,clean
GLC-10105,Great Lakes Comfort Systems,Field Service - Install,Install,HVAC Installer,Unspecified,HVAC Installer - Unspecified,Field - Install,Installer,Employee,Regular,MI,2026-03-25,0.44,1.0,40.0,Hourly,40.53,84302.4,40.53,10237.45,6794.72,843.79,7165.5,7713.54,117057.4,56.28,1.3885,clean
GLC-10391,Great Lakes Comfort Systems,Field Service - Install,Install,HVAC Installer,Unspecified,HVAC Installer - Unspecified,Field - Install,Installer,Employee,Regular,MI,2026-07-21,0.11,1.0,40.0,Hourly,18.0,37440.0,18.0,4546.61,3017.64,374.74,3182.31,7713.54,56274.84,27.06,1.5031,clean
BAY-10131,Bayside Mechanical,Field Service - Install,Install,Install Manager,NA,Install Manager,Field Leadership,Install Mgr,Employee,Regular,FL,2025-01-28,1.59,1.0,40.0,Annual,78000.0,78000.0,37.5,9472.1,6286.75,780.71,6629.81,7713.54,108882.91,52.35,1.3959,clean
BAY-10132,Bayside Mechanical,Field Service - Install,Install,Install Manager,NA,Install Manager,Field Leadership,Install Mgr,Employee,Full-Time,FL,2019-04-06,7.4,1.0,40.0,Annual,84000.0,84000.0,40.38,10200.73,6770.35,840.77,7139.8,7713.54,116665.19,56.09,1.3889,clean
BAY-10133,Bayside Mechanical,Field Service - Install,Install,Install Manager,NA,Install Manager,Field Leadership,Install Mgr,Employee,FT,FL,2023-03-25,3.44,1.0,40.0,Annual,87500.0,87500.0,42.07,10625.76,7052.45,875.8,7437.29,7713.54,121204.84,58.27,1.3852,clean
BAY-10134,Bayside Mechanical,Field Service - Install,Install,Install Manager,NA,Install Manager,Field Leadership,Install Mgr,Employee,Regular,FL,2024-05-26,2.26,1.0,40.0,Annual,87500.0,87500.0,42.07,10625.76,7052.45,875.8,7437.29,7713.54,121204.84,58.27,1.3852,clean
BAY-10135,Bayside Mechanical,Field Service - Install,Install,Install Manager,NA,Install Manager,Field Leadership,Install Mgr,Employee,Regular,FL,2024-01-10,2.64,1.0,40.0,Annual,82500.0,82500.0,39.66,10018.57,6649.45,825.75,7012.3,7713.54,114719.61,55.15,1.3905,clean
BAY-10136,Bayside Mechanical,Field Service - Install,Install,Install Manager,NA,Install Manager,Field Leadership,Install Mgr,Employee,,FL,2023-12-25,2.68,1.0,40.0,Annual,79500.0,79500.0,38.22,9654.26,6407.65,795.73,6757.31,7713.54,110828.49,53.28,1.3941,clean
BAY-10137,Bayside Mechanical,Field Service - Install,Install,Install Manager,NA,Install Manager,Field Leadership,Install Mgr,Employee,Regular,FL,2019-03-27,7.43,1.0,40.0,Annual,83000.0,83000.0,39.9,10079.29,6689.75,830.76,7054.8,7713.54,115368.14,55.47,1.39,clean
BAY-10138,Bayside Mechanical,Field Service - Install,Install,Install Manager,NA,Install Manager,Field Leadership,Install Mgr,Employee,Full-Time,FL,2023-05-22,3.28,1.0,40.0,Annual,79000.0,79000.0,37.98,9593.54,6367.35,790.72,6714.81,7713.54,110179.96,52.97,1.3947,clean
BAY-10139,Bayside Mechanical,Field Service - Install,Install,Install Manager,NA,Install Manager,Field Leadership,Install Mgr,Employee,,FL,2023-12-09,2.73,1.0,40.0,Annual,82750.0,82750.0,39.78,10048.93,6669.6,828.26,7033.55,7713.54,115043.88,55.31,1.3903,pay_rate_imputed
GLC-10106,Great Lakes Comfort Systems,Field Service - Install,Install,Install Manager,NA,Install Manager,Field Leadership,Install Manager,Employee,,MI,2023-11-29,2.75,1.0,40.0,Annual,84000.0,84000.0,40.38,10200.73,6770.35,840.77,7139.8,7713.54,116665.19,56.09,1.3889,clean
GLC-10107,Great Lakes Comfort Systems,Field Service - Install,Install,Install Manager,NA,Install Manager,Field Leadership,Install Manager,Employee,Regular,MI,2021-07-06,5.15,1.0,40.0,Annual,84000.0,84000.0,40.38,10200.73,6770.35,840.77,7139.8,7713.54,116665.19,56.09,1.3889,clean
GLC-10108,Great Lakes Comfort Systems,Field Service - Install,Install,Install Manager,NA,Install Manager,Field Leadership,Install Manager,Employee,Full-Time,MI,2024-07-08,2.15,1.0,40.0,Annual,85500.0,85500.0,41.11,10382.88,6891.25,855.78,7267.3,7713.54,118610.75,57.02,1.3873,clean
GLC-10109,Great Lakes Comfort Systems,Field Service - Install,Install,Install Manager,NA,Install Manager,Field Leadership,Install Manager,Employee,Full-Time,MI,2024-12-30,1.67,1.0,40.0,Annual,86500.0,86500.0,41.59,10504.32,6971.85,865.79,7352.29,7713.54,119907.79,57.65,1.3862,clean
GLC-10110,Great Lakes Comfort Systems,Field Service - Install,Install,Install Manager,NA,Install Manager,Field Leadership,Install Manager,Employee,Regular,MI,2024-05-11,2.31,1.0,40.0,Annual,81000.0,81000.0,38.94,9836.41,6528.55,810.74,6884.81,7713.54,112774.05,54.22,1.3923,clean
GLC-10111,Great Lakes Comfort Systems,Field Service - Install,Install,Install Manager,NA,Install Manager,Field Leadership,Install Manager,Employee,Full-Time,MI,2026-03-14,0.47,1.0,40.0,Annual,82000.0,82000.0,39.42,9957.85,6609.15,820.75,6969.8,7713.54,114071.09,54.84,1.3911,clean
GLC-10112,Great Lakes Comfort Systems,Field Service - Install,Install,Install Manager,NA,Install Manager,Field Leadership,Install Manager,Employee,FT,MI,2020-12-09,5.72,1.0,40.0,Annual,78500.0,78500.0,37.74,9532.82,6327.05,785.72,6672.31,7713.54,109531.44,52.66,1.3953,clean
PIN-10126,Pinnacle Plumbing & Drain,Field Service - Install,Field,Install Manager,NA,Install Manager,Field Leadership,Installation Manager,Employee,Full-Time,TX,2020-01-23,6.6,1.0,40.0,Annual,83500.0,83500.0,40.14,10140.01,6730.05,835.76,7097.3,7713.54,116016.66,55.78,1.3894,hours_defaulted;pay_basis_imputed
PIN-10127,Pinnacle Plumbing & Drain,Field Service - Install,Field,Install Manager,NA,Install Manager,Field Leadership,Installation Manager,Employee,Regular,TX,2022-04-05,4.41,1.0,40.0,Annual,78000.0,78000.0,37.5,9472.1,6286.75,780.71,6629.81,7713.54,108882.91,52.35,1.3959,hours_defaulted;pay_basis_imputed
PIN-10128,Pinnacle Plumbing & Drain,Field Service - Install,Field,Install Manager,NA,Install Manager,Field Leadership,Installation Manager,Employee,Full-Time,TX,2023-11-19,2.78,1.0,40.0,Annual,79000.0,79000.0,37.98,9593.54,6367.35,790.72,6714.81,7713.54,110179.96,52.97,1.3947,hours_defaulted;pay_basis_imputed
PIN-10129,Pinnacle Plumbing & Drain,Field Service - Install,Field,Install Manager,NA,Install Manager,Field Leadership,Installation Manager,Employee,FT,TX,2025-06-13,1.22,1.0,40.0,Annual,86500.0,86500.0,41.59,10504.32,6971.85,865.79,7352.29,7713.54,119907.79,57.65,1.3862,hours_defaulted;pay_basis_imputed
PIN-10130,Pinnacle Plumbing & Drain,Field Service - Install,Field,Install Manager,NA,Install Manager,Field Leadership,Installation Manager,Employee,Regular,TX,2022-08-09,4.06,1.0,40.0,Annual,78500.0,78500.0,37.74,9532.82,6327.05,785.72,6672.31,7713.54,109531.44,52.66,1.3953,hours_defaulted;pay_basis_imputed
PIN-10131,Pinnacle Plumbing & Drain,Field Service - Install,Field,Install Manager,NA,Install Manager,Field Leadership,Installation Manager,Employee,Full-Time,TX,2022-09-12,3.97,1.0,40.0,Annual,85500.0,85500.0,41.11,10382.88,6891.25,855.78,7267.3,7713.54,118610.75,57.02,1.3873,hours_defaulted;pay_basis_imputed
PIN-10132,Pinnacle Plumbing & Drain,Field Service - Install,Field,Install Manager,NA,Install Manager,Field Leadership,Installation Manager,Employee,FT,TX,2023-01-02,3.66,1.0,40.0,Annual,87500.0,87500.0,42.07,10625.76,7052.45,875.8,7437.29,7713.54,121204.84,58.27,1.3852,hours_defaulted;pay_basis_imputed
PIN-10133,Pinnacle Plumbing & Drain,Field Service - Install,Field,Install Manager,NA,Install Manager,Field Leadership,Installation Manager,Employee,Full-Time,TX,2021-09-07,4.98,1.0,40.0,Annual,81000.0,81000.0,38.94,9836.41,6528.55,810.74,6884.81,7713.54,112774.05,54.22,1.3923,hours_defaulted;pay_basis_imputed
PIN-10134,Pinnacle Plumbing & Drain,Field Service - Install,Field,Install Manager,NA,Install Manager,Field Leadership,Installation Manager,Employee,Regular,TX,2023-04-13,3.38,1.0,40.0,Annual,78500.0,78500.0,37.74,9532.82,6327.05,785.72,6672.31,7713.54,109531.44,52.66,1.3953,hours_defaulted;pay_basis_imputed
PIN-10135,Pinnacle Plumbing & Drain,Field Service - Install,Field,Install Manager,NA,Install Manager,Field Leadership,Installation Manager,Employee,FT,TX,2021-12-26,4.68,1.0,40.0,Annual,84000.0,84000.0,40.38,10200.73,6770.35,840.77,7139.8,7713.54,116665.19,56.09,1.3889,hours_defaulted;pay_basis_imputed
RED-10091,Redwood Electric,Field Service - Install,Installation,Install Manager,NA,Install Manager,Field Leadership,Install Manager,Employee,Full-Time,AZ,2017-06-04,9.24,1.0,40.0,Annual,84000.0,84000.0,40.38,10200.73,6770.35,840.77,7139.8,7713.54,116665.19,56.09,1.3889,hours_defaulted
RED-10092,Redwood Electric,Field Service - Install,Installation,Install Manager,NA,Install Manager,Field Leadership,Install Manager,Employee,Full-Time,AZ,2016-01-23,10.6,1.0,40.0,Annual,80500.0,80500.0,38.7,9775.7,6488.25,805.74,6842.31,7713.54,112125.54,53.91,1.3929,hours_defaulted
RED-10093,Redwood Electric,Field Service - Install,Installation,Install Manager,NA,Install Manager,Field Leadership,Install Manager,Employee,FT,AZ,2017-09-03,8.99,1.0,40.0,Annual,84500.0,84500.0,40.62,10261.44,6810.65,845.77,7182.3,7713.54,117313.7,56.4,1.3883,hours_defaulted
RED-10094,Redwood Electric,Field Service - Install,Installation,Install Manager,NA,Install Manager,Field Leadership,Install Manager,Employee,,AZ,2022-07-22,4.11,1.0,40.0,Annual,83000.0,83000.0,39.9,10079.29,6689.75,830.76,7054.8,7713.54,115368.14,55.47,1.39,hours_defaulted
PIN-10001,Pinnacle Plumbing & Drain,Field Service - Install,Field,Plumbing Installer,Apprentice,Plumbing Installer - Apprentice,Field - Install,Plumbing Installer - Apprentice,Employee,,TX,2018-08-13,8.05,1.0,40.0,Hourly,17.16,35692.8,17.16,4334.43,2876.82,357.25,3033.8,7713.54,54008.64,25.97,1.5132,hours_defaulted;pay_basis_imputed
PIN-10002,Pinnacle Plumbing & Drain,Field Service - Install,Field,Plumbing Installer,Apprentice,Plumbing Installer - Apprentice,Field - Install,Plumbing Installer - Apprentice,Employee,,TX,2026-01-22,0.61,1.0,40.0,Hourly,18.15,37752.0,18.15,4584.5,3042.79,377.87,3208.83,7713.54,56679.53,27.25,1.5014,hours_defaulted;pay_basis_imputed
PIN-10003,Pinnacle Plumbing & Drain,Field Service - Install,Field,Plumbing Installer,Apprentice,Plumbing Installer - Apprentice,Field - Install,Plumbing Installer - Apprentice,Employee,,TX,2025-06-23,1.19,1.0,40.0,Hourly,17.78,36982.4,17.78,4491.04,2980.76,370.16,3143.42,7713.54,55681.32,26.77,1.5056,hours_defaulted;pay_basis_imputed
PIN-10004,Pinnacle Plumbing & Drain,Field Service - Install,Field,Plumbing Installer,Apprentice,Plumbing Installer - Apprentice,Field - Install,Plumbing Installer - Apprentice,Employee,Regular,TX,2023-03-10,3.48,1.0,40.0,Hourly,18.7,38896.0,18.7,4723.42,3134.99,389.32,3306.07,7713.54,58163.34,27.96,1.4954,hours_defaulted;pay_basis_imputed
PIN-10005,Pinnacle Plumbing & Drain,Field Service - Install,Field,Plumbing Installer,Apprentice,Plumbing Installer - Apprentice,Field - Install,Plumbing Installer - Apprentice,Employee,Regular,TX,2023-08-10,3.06,1.0,40.0,Hourly,21.11,43908.8,21.11,5332.16,3539.02,439.49,3732.14,7713.54,64665.15,31.09,1.4727,hours_defaulted;pay_basis_imputed
PIN-10006,Pinnacle Plumbing & Drain,Field Service - Install,Field,Plumbing Installer,Apprentice,Plumbing Installer - Apprentice,Field - Install,Plumbing Installer - Apprentice,Employee,,TX,2025-09-11,0.97,1.0,40.0,Hourly,18.93,39374.4,18.93,4781.52,3173.55,394.1,3346.73,7713.54,58783.84,28.26,1.4929,hours_defaulted;pay_basis_imputed
PIN-10007,Pinnacle Plumbing & Drain,Field Service - Install,Field,Plumbing Installer,Apprentice,Plumbing Installer - Apprentice,Field - Install,Plumbing Installer - Apprentice,Employee,Regular,TX,2021-08-14,5.05,1.0,40.0,Hourly,21.87,45489.6,21.87,5524.13,3666.44,455.31,3866.51,7713.54,66715.53,32.07,1.4666,hours_defaulted;pay_basis_imputed
PIN-10008,Pinnacle Plumbing & Drain,Field Service - Install,Field,Plumbing Installer,Apprentice,Plumbing Installer - Apprentice,Field - Install,Plumbing Installer - Apprentice,Employee,,TX,2023-06-30,3.17,1.0,40.0,Hourly,20.8,43264.0,20.8,5253.86,3487.05,433.04,3677.34,7713.54,63828.83,30.69,1.4753,hours_defaulted;pay_basis_imputed
PIN-10009,Pinnacle Plumbing & Drain,Field Service - Install,Field,Plumbing Installer,Apprentice,Plumbing Installer - Apprentice,Field - Install,Plumbing Installer - Apprentice,Employee,,TX,2025-05-23,1.27,1.0,40.0,Hourly,18.73,38958.4,18.73,4731.0,3140.02,389.94,3311.37,7713.54,58244.27,28.0,1.495,hours_defaulted;pay_basis_imputed
PIN-10010,Pinnacle Plumbing & Drain,Field Service - Install,Field,Plumbing Installer,Apprentice,Plumbing Installer - Apprentice,Field - Install,Plumbing Installer - Apprentice,Employee,Seasonal,TX,2024-09-23,1.94,1.0,40.0,Hourly,21.98,45718.4,21.98,5551.92,3684.88,457.6,3885.95,7713.54,67012.29,32.22,1.4658,hours_defaulted;pay_basis_imputed
PIN-10011,Pinnacle Plumbing & Drain,Field Service - Install,Field,Plumbing Installer,Apprentice,Plumbing Installer - Apprentice,Field - Install,Plumbing Installer - Apprentice,Employee,Regular,TX,2025-04-23,1.36,1.0,40.0,Hourly,17.77,36961.6,17.77,4488.51,2979.08,369.95,3141.65,7713.54,55654.33,26.76,1.5057,hours_defaulted;pay_basis_imputed
PIN-10012,Pinnacle Plumbing & Drain,Field Service - Install,Field,Plumbing Installer,Apprentice,Plumbing Installer - Apprentice,Field - Install,Plumbing Installer - Apprentice,Employee,,TX,2024-01-12,2.63,1.0,40.0,Hourly,20.21,42036.8,20.21,5104.83,3388.14,420.75,3573.03,7713.54,62237.09,29.92,1.4805,hours_defaulted;pay_basis_imputed
PIN-10013,Pinnacle Plumbing & Drain,Field Service - Install,Field,Plumbing Installer,Apprentice,Plumbing Installer - Apprentice,Field - Install,Plumbing Installer - Apprentice,Employee,Regular,TX,2025-04-22,1.36,1.0,40.0,Hourly,17.76,36940.8,17.76,4485.99,2977.41,369.75,3139.88,7713.54,55627.37,26.74,1.5059,hours_defaulted;pay_basis_imputed
PIN-10014,Pinnacle Plumbing & Drain,Field Service - Install,Field,Plumbing Installer,Apprentice,Plumbing Installer - Apprentice,Field - Install,Plumbing Installer - Apprentice,Employee,Full-Time,TX,2020-08-11,6.05,1.0,40.0,Hourly,21.64,45011.2,21.64,5466.03,3627.88,450.52,3825.84,7713.54,66095.01,31.78,1.4684,hours_defaulted;pay_basis_imputed
PIN-10015,Pinnacle Plumbing & Drain,Field Service - Install,Field,Plumbing Installer,Apprentice,Plumbing Installer - Apprentice,Field - Install,Plumbing Installer - Apprentice,Employee,Regular,TX,2022-07-21,4.11,1.0,40.0,Hourly,19.32,40185.6,19.32,4880.03,3238.94,402.22,3415.68,7713.54,59836.01,28.77,1.489,hours_defaulted;pay_basis_imputed
PIN-10016,Pinnacle Plumbing & Drain,Field Service - Install,Field,Plumbing Installer,Apprentice,Plumbing Installer - Apprentice,Field - Install,Plumbing Installer - Apprentice,Employee,FT,TX,2024-07-16,2.12,1.0,40.0,Hourly,19.57,40705.6,19.57,4943.17,3280.85,407.43,3459.88,7713.54,60510.47,29.09,1.4865,hours_defaulted;pay_basis_imputed
PIN-10017,Pinnacle Plumbing & Drain,Field Service - Install,Field,Plumbing Installer,Apprentice,Plumbing Installer - Apprentice,Field - Install,Plumbing Installer - Apprentice,Employee,Regular,TX,2026-01-29,0.59,1.0,40.0,Hourly,19.66,40892.8,19.66,4965.91,3295.94,409.3,3475.79,7713.54,60753.28,29.21,1.4857,hours_defaulted;pay_basis_imputed
PIN-10018,Pinnacle Plumbing & Drain,Field Service - Install,Field,Plumbing Installer,Apprentice,Plumbing Installer - Apprentice,Field - Install,Plumbing Installer - Apprentice,Employee,Seasonal,TX,2022-09-23,3.94,1.0,40.0,Hourly,20.24,42099.2,20.24,5112.41,3393.17,421.38,3578.33,7713.54,62318.03,29.96,1.4803,hours_defaulted;pay_basis_imputed
PIN-10019,Pinnacle Plumbing & Drain,Field Service - Install,Field,Plumbing Installer,Apprentice,Plumbing Installer - Apprentice,Field - Install,Plumbing Installer - Apprentice,Employee,Regular,TX,2025-09-04,0.99,1.0,40.0,Hourly,19.49,40539.2,19.49,4922.97,3267.44,405.76,3445.74,7713.54,60294.65,28.99,1.4873,hours_defaulted;pay_basis_imputed
PIN-10020,Pinnacle Plumbing & Drain,Field Service - Install,Field,Plumbing Installer,Apprentice,Plumbing Installer - Apprentice,Field - Install,Plumbing Installer - Apprentice,Employee,Full-Time,TX,2024-06-23,2.19,1.0,40.0,Hourly,19.39,40331.2,19.39,4897.71,3250.67,403.68,3428.06,7713.54,60024.86,28.86,1.4883,hours_defaulted;pay_basis_imputed
PIN-10021,Pinnacle Plumbing & Drain,Field Service - Install,Field,Plumbing Installer,Apprentice,Plumbing Installer - Apprentice,Field - Install,Plumbing Installer - Apprentice,Employee,Regular,TX,2024-08-15,2.04,1.0,40.0,Hourly,20.18,41974.4,20.18,5097.25,3383.11,420.13,3567.72,7713.54,62156.15,29.88,1.4808,hours_defaulted;pay_basis_imputed
PIN-10022,Pinnacle Plumbing & Drain,Field Service - Install,Field,Plumbing Installer,Apprentice,Plumbing Installer - Apprentice,Field - Install,Plumbing Installer - Apprentice,Employee,Regular,TX,2019-11-28,6.76,1.0,40.0,Hourly,19.83,41246.4,19.83,5008.85,3324.44,412.84,3505.85,7713.54,61211.92,29.43,1.4841,hours_defaulted;pay_basis_imputed
PIN-10023,Pinnacle Plumbing & Drain,Field Service - Install,Field,Plumbing Installer,Apprentice,Plumbing Installer - Apprentice,Field - Install,Plumbing Installer - Apprentice,Employee,,TX,2023-10-05,2.9,1.0,40.0,Hourly,20.61,42868.8,20.61,5205.87,3455.2,429.08,3643.75,7713.54,63316.24,30.44,1.477,hours_defaulted;pay_basis_imputed
PIN-10024,Pinnacle Plumbing & Drain,Field Service - Install,Field,Plumbing Installer,Apprentice,Plumbing Installer - Apprentice,Field - Install,Plumbing Installer - Apprentice,Employee,Full-Time,TX,2023-09-23,2.94,1.0,40.0,Hourly,21.61,44948.8,21.61,5458.46,3622.85,449.9,3820.54,7713.54,66014.09,31.74,1.4687,hours_defaulted;pay_basis_imputed
PIN-10025,Pinnacle Plumbing & Drain,Field Service - Install,Field,Plumbing Installer,Apprentice,Plumbing Installer - Apprentice,Field - Install,Plumbing Installer - Apprentice,Employee,FT,TX,2025-06-12,1.22,1.0,40.0,Hourly,18.21,37876.8,18.21,4599.65,3052.85,379.11,3219.44,7713.54,56841.39,27.33,1.5007,hours_defaulted;pay_basis_imputed
PIN-10026,Pinnacle Plumbing & Drain,Field Service - Install,Field,Plumbing Installer,Apprentice,Plumbing Installer - Apprentice,Field - Install,Plumbing Installer - Apprentice,Employee,Regular,TX,2025-01-31,1.58,1.0,40.0,Hourly,20.38,42390.4,20.38,5147.77,3416.64,424.29,3603.08,7713.54,62695.72,30.14,1.479,hours_defaulted;pay_basis_imputed
PIN-10027,Pinnacle Plumbing & Drain,Field Service - Install,Field,Plumbing Installer,Apprentice,Plumbing Installer - Apprentice,Field - Install,Plumbing Installer - Apprentice,Employee,FT,TX,2024-06-23,2.19,1.0,40.0,Hourly,18.16,37772.8,18.16,4587.02,3044.47,378.07,3210.6,7713.54,56706.5,27.26,1.5013,hours_defaulted;pay_basis_imputed
PIN-10028,Pinnacle Plumbing & Drain,Field Service - Install,Field,Plumbing Installer,Apprentice,Plumbing Installer - Apprentice,Field - Install,Plumbing Installer - Apprentice,Employee,Full-Time,TX,2025-02-20,1.52,1.0,40.0,Hourly,21.27,44241.6,21.27,5372.58,3565.85,442.82,3760.43,7713.54,65096.82,31.3,1.4714,hours_defaulted;pay_basis_imputed
PIN-10029,Pinnacle Plumbing & Drain,Field Service - Install,Field,Plumbing Installer,Apprentice,Plumbing Installer - Apprentice,Field - Install,Plumbing Installer - Apprentice,Employee,Full-Time,TX,2018-02-07,8.56,1.0,40.0,Hourly,20.12,41849.6,20.12,5082.1,3373.05,418.88,3557.12,7713.54,61994.29,29.8,1.4814,hours_defaulted;pay_basis_imputed
PIN-10030,Pinnacle Plumbing & Drain,Field Service - Install,Field,Plumbing Installer,Apprentice,Plumbing Installer - Apprentice,Field - Install,Plumbing Installer - Apprentice,Employee,Regular,TX,2022-05-28,4.26,1.0,40.0,Hourly,19.5,40560.0,19.5,4925.49,3269.11,405.97,3447.5,7713.54,60321.61,29.0,1.4872,hours_defaulted;pay_basis_imputed
PIN-10031,Pinnacle Plumbing & Drain,Field Service - Install,Field,Plumbing Installer,Apprentice,Plumbing Installer - Apprentice,Field - Install,Plumbing Installer - Apprentice,Employee,,TX,2023-11-18,2.78,1.0,40.0,Hourly,21.96,45676.8,21.96,5546.86,3681.52,457.19,3882.42,7713.54,66958.33,32.19,1.4659,hours_defaulted;pay_basis_imputed
PIN-10032,Pinnacle Plumbing & Drain,Field Service - Install,Field,Plumbing Installer,Apprentice,Plumbing Installer - Apprentice,Field - Install,Plumbing Installer - Apprentice,Employee,,TX,2024-12-12,1.72,1.0,40.0,Hourly,18.46,38396.8,18.46,4662.8,3094.76,384.32,3263.64,7713.54,57515.86,27.65,1.4979,hours_defaulted;pay_basis_imputed
PIN-10033,Pinnacle Plumbing & Drain,Field Service - Install,Field,Plumbing Installer,Apprentice,Plumbing Installer - Apprentice,Field - Install,Plumbing Installer - Apprentice,Employee,Full-Time,TX,2026-06-18,0.2,1.0,40.0,Hourly,19.45,40456.0,19.45,4912.86,3260.73,404.93,3438.66,7713.54,60186.72,28.94,1.4877,hours_defaulted;pay_basis_imputed
PIN-10034,Pinnacle Plumbing & Drain,Field Service - Install,Field,Plumbing Installer,Unspecified,Plumbing Installer - Unspecified,Field - Install,Plumbing Installer,Employee,,TX,2023-10-04,2.91,1.0,40.0,Hourly,22.61,47028.8,22.61,5711.05,3790.49,470.72,3997.34,7713.54,68711.94,33.03,1.4611,hours_defaulted;pay_basis_imputed
PIN-10035,Pinnacle Plumbing & Drain,Field Service - Install,Field,Plumbing Installer,Unspecified,Plumbing Installer - Unspecified,Field - Install,Plumbing Installer,Employee,Full-Time,TX,2025-01-15,1.62,1.0,40.0,Hourly,24.94,51875.2,24.94,6299.58,4181.11,519.23,4409.27,7713.54,74997.93,36.06,1.4457,hours_defaulted;pay_basis_imputed
PIN-10036,Pinnacle Plumbing & Drain,Field Service - Install,Field,Plumbing Installer,Unspecified,Plumbing Installer - Unspecified,Field - Install,Plumbing Installer,Employee,Regular,TX,2024-11-11,1.8,1.0,40.0,Hourly,23.78,49462.4,23.78,6006.58,3986.64,495.08,4204.19,7713.54,71868.43,34.55,1.453,hours_defaulted;pay_basis_imputed
PIN-10037,Pinnacle Plumbing & Drain,Field Service - Install,Field,Plumbing Installer,Unspecified,Plumbing Installer - Unspecified,Field - Install,Plumbing Installer,Employee,Regular,TX,2026-06-15,0.21,1.0,40.0,Hourly,28.02,58281.6,28.02,7077.56,4697.46,583.35,4953.8,7713.54,83307.31,40.05,1.4294,hours_defaulted;pay_basis_imputed
PIN-10038,Pinnacle Plumbing & Drain,Field Service - Install,Field,Plumbing Installer,Unspecified,Plumbing Installer - Unspecified,Field - Install,Plumbing Installer,Employee,Full-Time,TX,2023-11-17,2.79,1.0,40.0,Hourly,27.01,56180.8,27.01,6822.44,4528.14,562.32,4775.23,7713.54,80582.47,38.74,1.4343,hours_defaulted;pay_basis_imputed
PIN-10039,Pinnacle Plumbing & Drain,Field Service - Install,Field,Plumbing Installer,Unspecified,Plumbing Installer - Unspecified,Field - Install,Plumbing Installer,Employee,Regular,TX,2026-05-26,0.27,1.0,40.0,Hourly,24.69,51355.2,24.69,6236.43,4139.2,514.02,4365.07,7713.54,74323.46,35.73,1.4472,hours_defaulted;pay_basis_imputed
PIN-10040,Pinnacle Plumbing & Drain,Field Service - Install,Field,Plumbing Installer,Unspecified,Plumbing Installer - Unspecified,Field - Install,Plumbing Installer,Employee,FT,TX,2023-05-28,3.26,1.0,40.0,Hourly,28.94,60195.2,28.94,7309.94,4851.7,602.5,5116.45,7713.54,85789.33,41.24,1.4252,hours_defaulted;pay_basis_imputed
PIN-10041,Pinnacle Plumbing & Drain,Field Service - Install,Field,Plumbing Installer,Unspecified,Plumbing Installer - Unspecified,Field - Install,Plumbing Installer,Employee,Full-Time,TX,2023-07-02,3.16,1.0,40.0,Hourly,27.96,58156.8,27.96,7062.4,4687.4,582.1,4943.19,7713.54,83145.43,39.97,1.4297,hours_defaulted;pay_basis_imputed
PIN-10042,Pinnacle Plumbing & Drain,Field Service - Install,Field,Plumbing Installer,Unspecified,Plumbing Installer - Unspecified,Field - Install,Plumbing Installer,Employee,Full-Time,TX,2024-04-15,2.38,1.0,40.0,Hourly,22.54,46883.2,22.54,5693.37,3778.76,469.26,3984.96,7713.54,68523.09,32.94,1.4616,hours_defaulted;pay_basis_imputed
PIN-10043,Pinnacle Plumbing & Drain,Field Service - Install,Field,Plumbing Installer,Unspecified,Plumbing Installer - Unspecified,Field - Install,Plumbing Installer,Employee,,TX,2024-06-26,2.18,1.0,40.0,Hourly,29.13,60590.4,29.13,7357.93,4883.55,606.46,5150.04,7713.54,86301.92,41.49,1.4243,hours_defaulted;pay_basis_imputed
PIN-10044,Pinnacle Plumbing & Drain,Field Service - Install,Field,Plumbing Installer,Unspecified,Plumbing Installer - Unspecified,Field - Install,Plumbing Installer,Employee,Regular,TX,2025-03-08,1.48,1.0,40.0,Hourly,29.47,61297.6,29.47,7443.81,4940.55,613.54,5210.15,7713.54,87219.19,41.93,1.4229,hours_defaulted;pay_basis_imputed
PIN-10045,Pinnacle Plumbing & Drain,Field Service - Install,Field,Plumbing Installer,Unspecified,Plumbing Installer - Unspecified,Field - Install,Plumbing Installer,Employee,Regular,TX,2019-06-13,7.22,1.0,40.0,Hourly,26.42,54953.6,26.42,6673.41,4429.23,550.04,4670.92,7713.54,78990.74,37.98,1.4374,hours_defaulted;pay_basis_imputed
PIN-10046,Pinnacle Plumbing & Drain,Field Service - Install,Field,Plumbing Installer,Unspecified,Plumbing Installer - Unspecified,Field - Install,Plumbing Installer,Employee,Full-Time,TX,2023-12-24,2.69,1.0,40.0,Hourly,25.36,52748.8,25.36,6405.67,4251.52,527.97,4483.52,7713.54,76131.02,36.6,1.4433,hours_defaulted;pay_basis_imputed
PIN-10047,Pinnacle Plumbing & Drain,Field Service - Install,Field,Plumbing Installer,Unspecified,Plumbing Installer - Unspecified,Field - Install,Plumbing Installer,Employee,Regular,TX,2024-01-19,2.61,1.0,40.0,Hourly,29.54,61443.2,29.54,7461.49,4952.29,614.99,5222.53,7713.54,87408.04,42.02,1.4226,hours_defaulted;pay_basis_imputed
PIN-10048,Pinnacle Plumbing & Drain,Field Service - Install,Field,Plumbing Installer,Unspecified,Plumbing Installer - Unspecified,Field - Install,Plumbing Installer,Employee,FT,TX,2025-08-26,1.01,1.0,40.0,Hourly,28.08,58406.4,28.08,7092.71,4707.52,584.6,4964.4,7713.54,83469.17,40.13,1.4291,hours_defaulted;pay_basis_imputed
PIN-10049,Pinnacle Plumbing & Drain,Field Service - Install,Field,Plumbing Installer,Unspecified,Plumbing Installer - Unspecified,Field - Install,Plumbing Installer,Employee,Regular,TX,2025-07-06,1.15,1.0,40.0,Hourly,25.19,52395.2,25.19,6362.73,4223.02,524.43,4453.47,7713.54,75672.39,36.38,1.4443,hours_defaulted;pay_basis_imputed
PIN-10050,Pinnacle Plumbing & Drain,Field Service - Install,Field,Plumbing Installer,Unspecified,Plumbing Installer - Unspecified,Field - Install,Plumbing Installer,Employee,Full-Time,TX,2024-05-21,2.28,1.0,40.0,Hourly,26.25,54600.0,26.25,6630.47,4400.73,546.5,4640.87,7713.54,78532.11,37.76,1.4383,hours_defaulted;pay_basis_imputed
PIN-10051,Pinnacle Plumbing & Drain,Field Service - Install,Field,Plumbing Installer,Unspecified,Plumbing Installer - Unspecified,Field - Install,Plumbing Installer,Employee,FT,TX,2022-12-27,3.68,1.0,40.0,Hourly,24.39,50731.2,24.39,6160.66,4088.91,507.78,4312.03,7713.54,73514.12,35.34,1.4491,hours_defaulted;pay_basis_imputed
PIN-10052,Pinnacle Plumbing & Drain,Field Service - Install,Field,Plumbing Installer,Unspecified,Plumbing Installer - Unspecified,Field - Install,Plumbing Installer,Employee,,TX,2024-03-10,2.48,1.0,40.0,Hourly,22.81,47444.8,22.81,5761.56,3824.02,474.88,4032.69,7713.54,69251.49,33.29,1.4596,hours_defaulted;pay_basis_imputed
PIN-10053,Pinnacle Plumbing & Drain,Field Service - Install,Field,Plumbing Installer,Unspecified,Plumbing Installer - Unspecified,Field - Install,Plumbing Installer,Employee,FT,TX,2024-04-24,2.35,1.0,40.0,Hourly,26.7,55536.0,26.7,6744.14,4476.17,555.87,4720.43,7713.54,79746.15,38.34,1.4359,hours_defaulted;pay_basis_imputed
PIN-10054,Pinnacle Plumbing & Drain,Field Service - Install,Field,Plumbing Installer,Unspecified,Plumbing Installer - Unspecified,Field - Install,Plumbing Installer,Employee,FT,TX,2023-06-30,3.17,1.0,40.0,Hourly,25.56,53164.8,25.56,6456.19,4285.05,532.13,4518.88,7713.54,76670.59,36.86,1.4421,hours_defaulted;pay_basis_imputed
PIN-10055,Pinnacle Plumbing & Drain,Field Service - Install,Field,Plumbing Installer,Unspecified,Plumbing Installer - Unspecified,Field - Install,Plumbing Installer,Employee,FT,TX,2022-12-17,3.7,1.0,40.0,Hourly,26.11,54308.8,26.11,6595.11,4377.26,543.58,4616.12,7713.54,78154.41,37.57,1.4391,hours_defaulted;pay_basis_imputed
PIN-10056,Pinnacle Plumbing & Drain,Field Service - Install,Field,Plumbing Installer,Unspecified,Plumbing Installer - Unspecified,Field - Install,Plumbing Installer,Employee,Regular,TX,2024-03-10,2.48,1.0,40.0,Hourly,22.04,45843.2,22.04,5567.07,3694.94,458.85,3896.56,7713.54,67174.16,32.3,1.4653,hours_defaulted;pay_basis_imputed
PIN-10057,Pinnacle Plumbing & Drain,Field Service - Install,Field,Plumbing Installer,Unspecified,Plumbing Installer - Unspecified,Field - Install,Plumbing Installer,Employee,,TX,2025-06-22,1.19,1.0,40.0,Hourly,23.47,48817.6,23.47,5928.27,3934.67,488.62,4149.38,7713.54,71032.08,34.15,1.4551,hours_defaulted;pay_basis_imputed
PIN-10058,Pinnacle Plumbing & Drain,Field Service - Install,Field,Plumbing Installer,Unspecified,Plumbing Installer - Unspecified,Field - Install,Plumbing Installer,Employee,Regular,TX,2018-01-06,8.65,1.0,40.0,Hourly,26.32,54745.6,26.32,6648.15,4412.46,547.96,4653.25,7713.54,78720.96,37.85,1.4379,hours_defaulted;pay_basis_imputed
PIN-10059,Pinnacle Plumbing & Drain,Field Service - Install,Field,Plumbing Installer,Unspecified,Plumbing Installer - Unspecified,Field - Install,Plumbing Installer,Employee,Full-Time,TX,2024-05-09,2.31,1.0,40.0,Hourly,22.57,46945.6,22.57,5700.94,3783.79,469.89,3990.26,7713.54,68604.02,32.98,1.4614,hours_defaulted;pay_basis_imputed
PIN-10060,Pinnacle Plumbing & Drain,Field Service - Install,Field,Plumbing Installer,Unspecified,Plumbing Installer - Unspecified,Field - Install,Plumbing Installer,Employee,,TX,2025-05-29,1.26,1.0,40.0,Hourly,26.22,54537.6,26.22,6622.89,4395.7,545.87,4635.57,7713.54,78451.17,37.72,1.4385,hours_defaulted;pay_basis_imputed
PIN-10061,Pinnacle Plumbing & Drain,Field Service - Install,Field,Plumbing Installer,Unspecified,Plumbing Installer - Unspecified,Field - Install,Plumbing Installer,Employee,Regular,TX,2023-06-13,3.22,1.0,40.0,Hourly,26.27,54641.6,26.27,6635.52,4404.08,546.92,4644.41,7713.54,78586.07,37.78,1.4382,hours_defaulted;pay_basis_imputed
PIN-10062,Pinnacle Plumbing & Drain,Field Service - Install,Field,Plumbing Installer,Unspecified,Plumbing Installer - Unspecified,Field - Install,Plumbing Installer,Employee,Regular,TX,2021-07-03,5.16,1.0,40.0,Hourly,28.69,59675.2,28.69,7246.79,4809.79,597.3,5072.25,7713.54,85114.87,40.92,1.4263,hours_defaulted;pay_basis_imputed
PIN-10063,Pinnacle Plumbing & Drain,Field Service - Install,Field,Plumbing Installer,Unspecified,Plumbing Installer - Unspecified,Field - Install,Plumbing Installer,Employee,Regular,TX,2025-02-28,1.5,1.0,40.0,Hourly,24.72,51417.6,24.72,6244.01,4144.23,514.65,4370.37,7713.54,74404.4,35.77,1.4471,hours_defaulted;pay_basis_imputed
PIN-10064,Pinnacle Plumbing & Drain,Field Service - Install,Field,Plumbing Installer,Unspecified,Plumbing Installer - Unspecified,Field - Install,Plumbing Installer,Employee,Regular,TX,2024-02-07,2.56,1.0,40.0,Hourly,29.56,61484.8,29.56,7466.54,4955.64,615.41,5226.06,7713.54,87461.99,42.05,1.4225,hours_defaulted;pay_basis_imputed
PIN-10065,Pinnacle Plumbing & Drain,Field Service - Install,Field,Plumbing Installer,Unspecified,Plumbing Installer - Unspecified,Field - Install,Plumbing Installer,Employee,FT,TX,2021-09-23,4.94,1.0,40.0,Hourly,29.54,61443.2,29.54,7461.49,4952.29,614.99,5222.53,7713.54,87408.04,42.02,1.4226,hours_defaulted;pay_basis_imputed
PIN-10066,Pinnacle Plumbing & Drain,Field Service - Install,Field,Plumbing Installer,Unspecified,Plumbing Installer - Unspecified,Field - Install,Plumbing Installer,Employee,FT,TX,2021-01-05,5.65,1.0,40.0,Hourly,28.51,59300.8,28.51,7201.32,4779.61,593.55,5040.43,7713.54,84629.25,40.69,1.4271,hours_defaulted;pay_basis_imputed
PIN-10067,Pinnacle Plumbing & Drain,Field Service - Install,Field,Plumbing Installer,Unspecified,Plumbing Installer - Unspecified,Field - Install,Plumbing Installer,Employee,FT,TX,2024-12-17,1.7,1.0,40.0,Hourly,29.04,60403.2,29.04,7335.2,4868.46,604.58,5134.13,7713.54,86059.11,41.37,1.4247,hours_defaulted;pay_basis_imputed
PIN-10068,Pinnacle Plumbing & Drain,Field Service - Install,Field,Plumbing Installer,Unspecified,Plumbing Installer - Unspecified,Field - Install,Plumbing Installer,Employee,,TX,2025-01-30,1.58,1.0,40.0,Hourly,28.79,59883.2,28.79,7272.05,4826.55,599.38,5089.93,7713.54,85384.65,41.05,1.4259,hours_defaulted;pay_basis_imputed
PIN-10069,Pinnacle Plumbing & Drain,Field Service - Install,Field,Plumbing Installer,Unspecified,Plumbing Installer - Unspecified,Field - Install,Plumbing Installer,Employee,FT,TX,2024-08-11,2.05,1.0,40.0,Hourly,28.81,59924.8,28.81,7277.1,4829.9,599.8,5093.47,7713.54,85438.61,41.08,1.4258,hours_defaulted;pay_basis_imputed
PIN-10070,Pinnacle Plumbing & Drain,Field Service - Install,Field,Plumbing Installer,Unspecified,Plumbing Installer - Unspecified,Field - Install,Plumbing Installer,Employee,Full-Time,TX,2024-02-07,2.56,1.0,40.0,Hourly,26.66,55452.8,26.66,6734.03,4469.46,555.03,4713.36,7713.54,79638.22,38.29,1.4361,hours_defaulted;pay_basis_imputed
PIN-10071,Pinnacle Plumbing & Drain,Field Service - Install,Field,Plumbing Installer,Unspecified,Plumbing Installer - Unspecified,Field - Install,Plumbing Installer,Employee,Regular,TX,2026-01-27,0.59,1.0,40.0,Hourly,23.12,48089.6,23.12,5839.87,3875.99,481.34,4087.5,7713.54,70087.84,33.7,1.4574,hours_defaulted;pay_basis_imputed
PIN-10072,Pinnacle Plumbing & Drain,Field Service - Install,Field,Plumbing Installer,Unspecified,Plumbing Installer - Unspecified,Field - Install,Plumbing Installer,Employee,,TX,2026-02-05,0.57,1.0,40.0,Hourly,23.8,49504.0,23.8,6011.63,3989.99,495.49,4207.72,7713.54,71922.37,34.58,1.4529,hours_defaulted;pay_basis_imputed
PIN-10073,Pinnacle Plumbing & Drain,Field Service - Install,Field,Plumbing Installer,Unspecified,Plumbing Installer - Unspecified,Field - Install,Plumbing Installer,Employee,,TX,2023-12-24,2.69,1.0,40.0,Hourly,26.96,56076.8,26.96,6809.81,4519.76,561.28,4766.39,7713.54,80447.58,38.68,1.4346,hours_defaulted;pay_basis_imputed
PIN-10074,Pinnacle Plumbing & Drain,Field Service - Install,Field,Plumbing Installer,Unspecified,Plumbing Installer - Unspecified,Field - Install,Plumbing Installer,Employee,Regular,TX,2024-11-23,1.77,1.0,40.0,Hourly,25.84,53747.2,25.84,6526.91,4331.99,537.96,4568.38,7713.54,77425.98,37.22,1.4406,hours_defaulted;pay_basis_imputed
PIN-10075,Pinnacle Plumbing & Drain,Field Service - Install,Field,Plumbing Installer,Unspecified,Plumbing Installer - Unspecified,Field - Install,Plumbing Installer,Employee,Regular,TX,2025-03-10,1.48,1.0,40.0,Hourly,29.04,60403.2,29.04,7335.2,4868.46,604.58,5134.13,7713.54,86059.11,41.37,1.4247,hours_defaulted;pay_basis_imputed
PIN-10076,Pinnacle Plumbing & Drain,Field Service - Install,Field,Plumbing Installer,Unspecified,Plumbing Installer - Unspecified,Field - Install,Plumbing Installer,Employee,Full-Time,TX,2023-09-18,2.95,1.0,40.0,Hourly,27.31,56804.8,27.31,6898.22,4578.43,568.57,4828.27,7713.54,81391.83,39.13,1.4328,hours_defaulted;pay_basis_imputed
PIN-10077,Pinnacle Plumbing & Drain,Field Service - Install,Field,Plumbing Installer,Unspecified,Plumbing Installer - Unspecified,Field - Install,Plumbing Installer,Employee,Full-Time,TX,2025-01-07,1.65,1.0,40.0,Hourly,24.96,51916.8,24.96,6304.63,4184.46,519.64,4412.8,7713.54,75051.87,36.08,1.4456,hours_defaulted;pay_basis_imputed
PIN-10078,Pinnacle Plumbing & Drain,Field Service - Install,Field,Plumbing Installer,Unspecified,Plumbing Installer - Unspecified,Field - Install,Plumbing Installer,Employee,Regular,TX,2023-12-22,2.69,1.0,40.0,Hourly,28.11,58468.8,28.11,7100.29,4712.55,585.22,4969.71,7713.54,83550.11,40.17,1.429,hours_defaulted;pay_basis_imputed
PIN-10079,Pinnacle Plumbing & Drain,Field Service - Install,Field,Plumbing Installer,Unspecified,Plumbing Installer - Unspecified,Field - Install,Plumbing Installer,Employee,Full-Time,TX,2025-01-26,1.59,1.0,40.0,Hourly,22.71,47236.8,22.71,5736.31,3807.26,472.8,4015.02,7713.54,68981.73,33.16,1.4603,hours_defaulted;pay_basis_imputed
PIN-10080,Pinnacle Plumbing & Drain,Field Service - Install,Field,Plumbing Installer,Unspecified,Plumbing Installer - Unspecified,Field - Install,Plumbing Installer,Employee,Full-Time,TX,2017-10-03,8.91,1.0,40.0,Hourly,29.47,61297.6,29.47,7443.81,4940.55,613.54,5210.15,7713.54,87219.19,41.93,1.4229,hours_defaulted;pay_basis_imputed
PIN-10081,Pinnacle Plumbing & Drain,Field Service - Install,Field,Plumbing Installer,Unspecified,Plumbing Installer - Unspecified,Field - Install,Plumbing Installer,Employee,,TX,2024-07-27,2.09,1.0,40.0,Hourly,23.88,49670.4,23.88,6031.84,4003.41,497.16,4221.87,7713.54,72138.22,34.68,1.4523,hours_defaulted;pay_basis_imputed
PIN-10082,Pinnacle Plumbing & Drain,Field Service - Install,Field,Plumbing Installer,Unspecified,Plumbing Installer - Unspecified,Field - Install,Plumbing Installer,Employee,Full-Time,TX,2024-11-12,1.8,1.0,40.0,Hourly,27.57,57345.6,27.57,6963.89,4622.02,573.98,4874.24,7713.54,82093.27,39.47,1.4316,hours_defaulted;pay_basis_imputed
PIN-10083,Pinnacle Plumbing & Drain,Field Service - Install,Field,Plumbing Installer,Unspecified,Plumbing Installer - Unspecified,Field - Install,Plumbing Installer,Employee,,TX,2017-02-19,9.53,1.0,40.0,Hourly,26.0,54080.0,26.0,6567.32,4358.82,541.29,4596.67,7713.54,77857.64,37.43,1.4397,hours_defaulted;pay_basis_imputed
PIN-10084,Pinnacle Plumbing & Drain,Field Service - Install,Field,Plumbing Installer,Unspecified,Plumbing Installer - Unspecified,Field - Install,Plumbing Installer,Employee,Regular,TX,2021-01-27,5.59,1.0,40.0,Hourly,24.77,51521.6,24.77,6256.64,4152.61,515.69,4379.21,7713.54,74539.29,35.84,1.4468,hours_defaulted;pay_basis_imputed
PIN-10085,Pinnacle Plumbing & Drain,Field Service - Install,Field,Plumbing Installer,Unspecified,Plumbing Installer - Unspecified,Field - Install,Plumbing Installer,Employee,Full-Time,TX,2021-07-17,5.12,1.0,40.0,Hourly,25.64,53331.2,25.64,6476.39,4298.46,533.8,4533.02,7713.54,76886.41,36.96,1.4417,hours_defaulted;pay_basis_imputed
PIN-10086,Pinnacle Plumbing & Drain,Field Service - Install,Field,Plumbing Installer,Unspecified,Plumbing Installer - Unspecified,Field - Install,Plumbing Installer,Employee,Regular,TX,2024-12-05,1.74,1.0,40.0,Hourly,29.84,62067.2,29.84,7537.27,5002.58,621.24,5275.56,7713.54,88217.39,42.41,1.4213,hours_defaulted;pay_basis_imputed
PIN-10087,Pinnacle Plumbing & Drain,Field Service - Install,Field,Plumbing Installer,Unspecified,Plumbing Installer - Unspecified,Field - Install,Plumbing Installer,Employee,Regular,TX,2025-11-02,0.83,1.0,40.0,Hourly,23.36,48588.8,23.36,5900.49,3916.23,486.33,4129.93,7713.54,70735.32,34.01,1.4558,hours_defaulted;pay_basis_imputed;on_leave
PIN-10088,Pinnacle Plumbing & Drain,Field Service - Install,Field,Plumbing Installer,Unspecified,Plumbing Installer - Unspecified,Field - Install,Plumbing Installer,Employee,Regular,TX,2025-10-10,0.89,1.0,40.0,Hourly,25.41,52852.8,25.41,6418.3,4259.9,529.01,4492.36,7713.54,76265.91,36.67,1.443,hours_defaulted;pay_basis_imputed
PIN-10089,Pinnacle Plumbing & Drain,Field Service - Install,Field,Plumbing Installer,Unspecified,Plumbing Installer - Unspecified,Field - Install,Plumbing Installer,Employee,Full-Time,TX,2020-06-09,6.23,1.0,40.0,Hourly,22.72,47257.6,22.72,5738.83,3808.94,473.01,4016.78,7713.54,69008.7,33.18,1.4603,hours_defaulted;pay_basis_imputed
PIN-10090,Pinnacle Plumbing & Drain,Field Service - Install,Field,Plumbing Installer,Unspecified,Plumbing Installer - Unspecified,Field - Install,Plumbing Installer,Employee,Regular,TX,2022-07-25,4.1,1.0,40.0,Hourly,24.19,50315.2,24.19,6110.14,4055.38,503.61,4276.67,7713.54,72974.54,35.08,1.4503,hours_defaulted;pay_basis_imputed
PIN-10091,Pinnacle Plumbing & Drain,Field Service - Install,Field,Plumbing Installer,Unspecified,Plumbing Installer - Unspecified,Field - Install,Plumbing Installer,Employee,Regular,TX,2024-07-06,2.15,1.0,40.0,Hourly,29.58,61526.4,29.58,7471.59,4958.99,615.83,5229.6,7713.54,87515.95,42.07,1.4224,hours_defaulted;pay_basis_imputed
PIN-10092,Pinnacle Plumbing & Drain,Field Service - Install,Field,Plumbing Installer,Unspecified,Plumbing Installer - Unspecified,Field - Install,Plumbing Installer,Employee,Regular,TX,2023-07-12,3.14,1.0,40.0,Hourly,26.06,54204.8,26.06,6582.48,4368.88,542.54,4607.28,7713.54,78019.52,37.51,1.4393,hours_defaulted;pay_basis_imputed
PIN-10093,Pinnacle Plumbing & Drain,Field Service - Install,Field,Plumbing Installer,Unspecified,Plumbing Installer - Unspecified,Field - Install,Plumbing Installer,Employee,Regular,TX,2024-08-28,2.01,1.0,40.0,Hourly,23.14,48131.2,23.14,5844.92,3879.35,481.75,4091.04,7713.54,70141.8,33.72,1.4573,hours_defaulted;pay_basis_imputed
PIN-10094,Pinnacle Plumbing & Drain,Field Service - Install,Field,Plumbing Installer,Unspecified,Plumbing Installer - Unspecified,Field - Install,Plumbing Installer,Employee,,TX,2021-05-12,5.3,1.0,40.0,Hourly,22.96,47756.8,22.96,5799.45,3849.17,478.0,4059.21,7713.54,69656.17,33.49,1.4586,hours_defaulted;pay_basis_imputed
PIN-10095,Pinnacle Plumbing & Drain,Field Service - Install,Field,Plumbing Installer,Unspecified,Plumbing Installer - Unspecified,Field - Install,Plumbing Installer,Employee,,TX,2025-04-13,1.38,1.0,40.0,Hourly,28.3,58864.0,28.3,7148.28,4744.4,589.18,5003.3,7713.54,84062.7,40.41,1.4281,hours_defaulted;pay_basis_imputed
PIN-10096,Pinnacle Plumbing & Drain,Field Service - Install,Field,Plumbing Installer,Unspecified,Plumbing Installer - Unspecified,Field - Install,Plumbing Installer,Employee,Regular,TX,2024-05-29,2.26,1.0,40.0,Hourly,23.43,48734.4,23.43,5918.17,3927.96,487.79,4142.31,7713.54,70924.17,34.1,1.4553,hours_defaulted;pay_basis_imputed
PIN-10097,Pinnacle Plumbing & Drain,Field Service - Install,Field,Plumbing Installer,Unspecified,Plumbing Installer - Unspecified,Field - Install,Plumbing Installer,Employee,Regular,TX,2021-04-13,5.38,1.0,40.0,Hourly,24.51,50980.8,24.51,6190.97,4109.02,510.27,4333.25,7713.54,73837.85,35.5,1.4483,hours_defaulted;pay_basis_imputed
PIN-10098,Pinnacle Plumbing & Drain,Field Service - Install,Field,Plumbing Installer,Unspecified,Plumbing Installer - Unspecified,Field - Install,Plumbing Installer,Employee,Regular,TX,2024-08-01,2.08,1.0,40.0,Hourly,27.04,56243.2,27.04,6830.02,4533.17,562.95,4780.54,7713.54,80663.42,38.78,1.4342,hours_defaulted;pay_basis_imputed
PIN-10099,Pinnacle Plumbing & Drain,Field Service - Install,Field,Plumbing Installer,Unspecified,Plumbing Installer - Unspecified,Field - Install,Plumbing Installer,Employee,FT,TX,2023-04-24,3.35,1.0,40.0,Hourly,26.56,55244.8,26.56,6708.77,4452.7,552.95,4695.68,7713.54,79368.44,38.16,1.4367,hours_defaulted;pay_basis_imputed
PIN-10100,Pinnacle Plumbing & Drain,Field Service - Install,Field,Plumbing Installer,Unspecified,Plumbing Installer - Unspecified,Field - Install,Plumbing Installer,Employee,Regular,TX,2016-10-27,9.84,1.0,40.0,Hourly,25.82,53705.6,25.82,6521.86,4328.64,537.55,4564.85,7713.54,77372.04,37.2,1.4407,hours_defaulted;pay_basis_imputed
PIN-10101,Pinnacle Plumbing & Drain,Field Service - Install,Field,Plumbing Installer,Unspecified,Plumbing Installer - Unspecified,Field - Install,Plumbing Installer,Employee,Regular,TX,2026-01-04,0.65,1.0,40.0,Hourly,23.1,48048.0,23.1,5834.82,3872.64,480.92,4083.97,7713.54,70033.89,33.67,1.4576,hours_defaulted;pay_basis_imputed
PIN-10102,Pinnacle Plumbing & Drain,Field Service - Install,Field,Plumbing Installer,Unspecified,Plumbing Installer - Unspecified,Field - Install,Plumbing Installer,Employee,Full-Time,TX,2025-03-22,1.44,1.0,40.0,Hourly,22.59,46987.2,22.59,5705.99,3787.14,470.3,3993.8,7713.54,68657.97,33.01,1.4612,hours_defaulted;pay_basis_imputed
PIN-10103,Pinnacle Plumbing & Drain,Field Service - Install,Field,Plumbing Installer,Unspecified,Plumbing Installer - Unspecified,Field - Install,Plumbing Installer,Employee,Regular,TX,2025-04-19,1.37,1.0,40.0,Hourly,24.04,50003.2,24.04,6072.25,4030.23,500.49,4250.15,7713.54,72569.86,34.89,1.4513,hours_defaulted;pay_basis_imputed
PIN-10104,Pinnacle Plumbing & Drain,Field Service - Install,Field,Plumbing Installer,Unspecified,Plumbing Installer - Unspecified,Field - Install,Plumbing Installer,Employee,,TX,2025-07-30,1.09,1.0,40.0,Hourly,29.23,60798.4,29.23,7383.19,4900.32,608.54,5167.72,7713.54,86571.71,41.62,1.4239,hours_defaulted;pay_basis_imputed
PIN-10105,Pinnacle Plumbing & Drain,Field Service - Install,Field,Plumbing Installer,Lead,Plumbing Installer - Lead,Field - Install,Plumbing Installer - Lead,Employee,Full-Time,TX,2021-08-08,5.06,1.0,40.0,Hourly,42.38,88150.4,42.38,10704.74,7104.87,882.31,7492.57,7713.54,122048.43,58.68,1.3845,hours_defaulted;pay_basis_imputed
PIN-10106,Pinnacle Plumbing & Drain,Field Service - Install,Field,Plumbing Installer,Lead,Plumbing Installer - Lead,Field - Install,Plumbing Installer - Lead,Employee,,TX,2017-09-08,8.98,1.0,40.0,Hourly,41.29,85883.2,41.29,10429.42,6922.14,859.62,7299.87,7713.54,119107.79,57.26,1.3869,hours_defaulted;pay_basis_imputed
PIN-10107,Pinnacle Plumbing & Drain,Field Service - Install,Field,Plumbing Installer,Lead,Plumbing Installer - Lead,Field - Install,Plumbing Installer - Lead,Employee,Regular,TX,2018-11-26,7.76,1.0,40.0,Hourly,41.75,86840.0,41.75,10545.61,6999.25,869.19,7381.19,7713.54,120348.78,57.86,1.3859,hours_defaulted;pay_basis_imputed
PIN-10108,Pinnacle Plumbing & Drain,Field Service - Install,Field,Plumbing Installer,Lead,Plumbing Installer - Lead,Field - Install,Plumbing Installer - Lead,Employee,FT,TX,2025-05-30,1.25,1.0,40.0,Hourly,43.35,90168.0,43.35,10949.75,7267.49,902.5,7664.06,7713.54,124665.34,59.94,1.3826,hours_defaulted;pay_basis_imputed
PIN-10109,Pinnacle Plumbing & Drain,Field Service - Install,Field,Plumbing Installer,Lead,Plumbing Installer - Lead,Field - Install,Plumbing Installer - Lead,Employee,,TX,2025-08-21,1.03,1.0,40.0,Hourly,42.42,88233.6,42.42,10714.84,7111.58,883.14,7499.65,7713.54,122156.35,58.73,1.3845,hours_defaulted;pay_basis_imputed
PIN-10110,Pinnacle Plumbing & Drain,Field Service - Install,Field,Plumbing Installer,Lead,Plumbing Installer - Lead,Field - Install,Plumbing Installer - Lead,Employee,,TX,2025-05-02,1.33,1.0,40.0,Hourly,43.26,89980.8,43.26,10927.02,7252.4,900.63,7648.15,7713.54,124422.54,59.82,1.3828,hours_defaulted;pay_basis_imputed
PIN-10111,Pinnacle Plumbing & Drain,Field Service - Install,Field,Plumbing Installer,Lead,Plumbing Installer - Lead,Field - Install,Plumbing Installer - Lead,Employee,Regular,TX,2021-07-25,5.1,1.0,40.0,Hourly,40.91,85092.8,40.91,10333.43,6858.43,851.71,7232.69,7713.54,118082.6,56.77,1.3877,hours_defaulted;pay_basis_imputed
PIN-10112,Pinnacle Plumbing & Drain,Field Service - Install,Field,Plumbing Installer,Lead,Plumbing Installer - Lead,Field - Install,Plumbing Installer - Lead,Employee,Full-Time,TX,2023-02-18,3.53,1.0,40.0,Hourly,43.83,91166.4,43.83,11070.99,7347.96,912.5,7748.93,7713.54,125960.32,60.56,1.3817,hours_defaulted;pay_basis_imputed
PIN-10113,Pinnacle Plumbing & Drain,Field Service - Install,Field,Plumbing Installer,Lead,Plumbing Installer - Lead,Field - Install,Plumbing Installer - Lead,Employee,FT,TX,2023-12-24,2.69,1.0,40.0,Hourly,43.67,90833.6,43.67,11030.58,7321.14,909.17,7720.64,7713.54,125528.67,60.35,1.382,hours_defaulted;pay_basis_imputed
PIN-10114,Pinnacle Plumbing & Drain,Field Service - Install,Field,Plumbing Installer,Lead,Plumbing Installer - Lead,Field - Install,Plumbing Installer - Lead,Employee,Full-Time,TX,2020-07-19,6.12,1.0,40.0,Hourly,44.59,92747.2,44.59,11262.96,7475.37,928.32,7883.29,7713.54,128010.68,61.54,1.3802,hours_defaulted;pay_basis_imputed
PIN-10115,Pinnacle Plumbing & Drain,Field Service - Install,Field,Plumbing Installer,Lead,Plumbing Installer - Lead,Field - Install,Plumbing Installer - Lead,Employee,Full-Time,TX,2019-03-17,7.46,1.0,40.0,Hourly,41.18,85654.4,41.18,10401.63,6903.69,857.33,7280.42,7713.54,118811.01,57.12,1.3871,hours_defaulted;pay_basis_imputed
PIN-10116,Pinnacle Plumbing & Drain,Field Service - Install,Field,Plumbing Installer,Lead,Plumbing Installer - Lead,Field - Install,Plumbing Installer - Lead,Employee,Regular,TX,2023-02-22,3.52,1.0,40.0,Hourly,40.43,84094.4,40.43,10212.19,6777.96,841.71,7147.82,7713.54,116787.62,56.15,1.3888,hours_defaulted;pay_basis_imputed
PIN-10117,Pinnacle Plumbing & Drain,Field Service - Install,Field,Plumbing Installer,Lead,Plumbing Installer - Lead,Field - Install,Plumbing Installer - Lead,Employee,Full-Time,TX,2023-11-14,2.8,1.0,40.0,Hourly,41.41,86132.8,41.41,10459.73,6942.25,862.12,7321.08,7713.54,119431.52,57.42,1.3866,hours_defaulted;pay_basis_imputed
PIN-10118,Pinnacle Plumbing & Drain,Field Service - Install,Field,Plumbing Installer,Lead,Plumbing Installer - Lead,Field - Install,Plumbing Installer - Lead,Employee,FT,TX,2024-07-12,2.14,1.0,40.0,Hourly,41.23,85758.4,41.23,10414.26,6912.08,858.37,7289.26,7713.54,118945.91,57.19,1.387,hours_defaulted;pay_basis_imputed
PIN-10119,Pinnacle Plumbing & Drain,Field Service - Install,Field,Plumbing Installer,Lead,Plumbing Installer - Lead,Field - Install,Plumbing Installer - Lead,Employee,Regular,TX,2022-02-05,4.57,1.0,40.0,Hourly,40.4,84032.0,40.4,10204.61,6772.93,841.09,7142.52,7713.54,116706.69,56.11,1.3888,hours_defaulted;pay_basis_imputed
PIN-10120,Pinnacle Plumbing & Drain,Field Service - Install,Field,Plumbing Installer,Lead,Plumbing Installer - Lead,Field - Install,Plumbing Installer - Lead,Employee,,TX,2024-01-10,2.64,1.0,40.0,Hourly,43.63,90750.4,43.63,11020.48,7314.43,908.33,7713.57,7713.54,125420.75,60.3,1.382,hours_defaulted;pay_basis_imputed
PIN-10121,Pinnacle Plumbing & Drain,Field Service - Install,Field,Plumbing Installer,Lead,Plumbing Installer - Lead,Field - Install,Plumbing Installer - Lead,Employee,Regular,TX,2024-06-08,2.23,1.0,40.0,Hourly,43.96,91436.8,43.96,11103.83,7369.75,915.2,7771.91,7713.54,126311.03,60.73,1.3814,hours_defaulted;pay_basis_imputed
PIN-10122,Pinnacle Plumbing & Drain,Field Service - Install,Field,Plumbing Installer,Lead,Plumbing Installer - Lead,Field - Install,Plumbing Installer - Lead,Employee,Full-Time,TX,2023-05-09,3.31,1.0,40.0,Hourly,43.7,90896.0,43.7,11038.16,7326.16,909.79,7725.94,7713.54,125609.59,60.39,1.3819,hours_defaulted;pay_basis_imputed
PIN-10123,Pinnacle Plumbing & Drain,Field Service - Install,Field,Plumbing Installer,Lead,Plumbing Installer - Lead,Field - Install,Plumbing Installer - Lead,Employee,Regular,TX,2023-12-19,2.7,1.0,40.0,Hourly,44.23,91998.4,44.23,11172.03,7415.02,920.83,7819.64,7713.54,127039.46,61.08,1.3809,hours_defaulted;pay_basis_imputed
PIN-10124,Pinnacle Plumbing & Drain,Field Service - Install,Field,Plumbing Installer,Lead,Plumbing Installer - Lead,Field - Install,Plumbing Installer - Lead,Employee,,TX,2025-01-30,1.58,1.0,40.0,Hourly,40.06,83324.8,40.06,10118.73,6715.93,834.01,7082.41,7713.54,115789.42,55.67,1.3896,hours_defaulted;pay_basis_imputed
PIN-10125,Pinnacle Plumbing & Drain,Field Service - Install,Field,Plumbing Installer,Lead,Plumbing Installer - Lead,Field - Install,Plumbing Installer - Lead,Employee,Regular,TX,2021-04-02,5.41,1.0,40.0,Hourly,42.96,89356.8,42.96,10851.24,7202.11,894.38,7595.11,7713.54,123613.18,59.43,1.3834,hours_defaulted;pay_basis_imputed
RED-10095,Redwood Electric,Field Service - Repair & Maintenance,Field Ops - Service,Electrician,Apprentice,Electrician - Apprentice,Field - Service,Apprentice Electrician (Lvl 1),Employee,Full-Time,AZ,2020-12-17,5.7,1.0,40.0,Hourly,18.58,38646.4,18.58,4600.82,3857.83,387.39,3277.96,8261.65,59032.05,28.38,1.5275,hours_defaulted
RED-10096,Redwood Electric,Field Service - Repair & Maintenance,Field Ops - Service,Electrician,Apprentice,Electrician - Apprentice,Field - Service,Apprentice Electrician (Lvl 1),Employee,Regular,AZ,2021-10-30,4.84,1.0,40.0,Hourly,17.06,35484.8,17.06,4224.43,3542.23,355.7,3009.8,8261.65,54878.61,26.38,1.5465,hours_defaulted
RED-10097,Redwood Electric,Field Service - Repair & Maintenance,Field Ops - Service,Electrician,Apprentice,Electrician - Apprentice,Field - Service,Apprentice Electrician (Lvl 1),Employee,,AZ,2024-11-16,1.79,1.0,40.0,Hourly,17.56,36524.8,17.56,4348.24,3646.04,366.12,3098.01,8261.65,56244.86,27.04,1.5399,hours_defaulted
RED-10098,Redwood Electric,Field Service - Repair & Maintenance,Field Ops - Service,Electrician,Apprentice,Electrician - Apprentice,Field - Service,Apprentice Electrician (Lvl 1),Employee,Regular,AZ,2025-06-13,1.22,1.0,40.0,Hourly,21.69,45115.2,21.69,5370.92,4503.57,452.23,3826.64,8261.65,67530.21,32.47,1.4968,hours_defaulted
RED-10099,Redwood Electric,Field Service - Repair & Maintenance,Field Ops - Service,Electrician,Apprentice,Electrician - Apprentice,Field - Service,Apprentice Electrician (Lvl 1),Employee,Regular,AZ,2026-01-21,0.61,1.0,40.0,Hourly,18.5,38480.0,18.5,4581.01,3841.22,385.72,3263.85,8261.65,58813.45,28.28,1.5284,hours_defaulted
RED-10100,Redwood Electric,Field Service - Repair & Maintenance,Field Ops - Service,Electrician,Apprentice,Electrician - Apprentice,Field - Service,Apprentice Electrician (Lvl 1),Employee,Full-Time,AZ,2024-03-08,2.48,1.0,40.0,Hourly,20.25,42120.0,20.25,5014.35,4204.58,422.21,3572.59,8261.65,63595.38,30.57,1.5099,hours_defaulted
RED-10101,Redwood Electric,Field Service - Repair & Maintenance,Field Ops - Service,Electrician,Apprentice,Electrician - Apprentice,Field - Service,Apprentice Electrician (Lvl 1),Employee,FT,AZ,2021-07-31,5.08,1.0,40.0,Hourly,18.86,39228.8,18.86,4670.15,3915.97,393.23,3327.36,8261.65,59797.16,28.75,1.5243,hours_defaulted
RED-10102,Redwood Electric,Field Service - Repair & Maintenance,Field Ops - Service,Electrician,Apprentice,Electrician - Apprentice,Field - Service,Apprentice Electrician (Lvl 1),Employee,,AZ,2012-12-08,13.73,1.0,40.0,Hourly,21.71,45156.8,21.71,5375.88,4507.72,452.65,3830.17,8261.65,67584.87,32.49,1.4967,hours_defaulted
RED-10103,Redwood Electric,Field Service - Repair & Maintenance,Field Ops - Service,Electrician,Apprentice,Electrician - Apprentice,Field - Service,Apprentice Electrician (Lvl 1),Employee,Full-Time,AZ,2015-06-18,11.2,1.0,40.0,Hourly,18.18,37814.4,18.18,4501.77,3774.78,379.05,3207.39,8261.65,57939.04,27.86,1.5322,hours_defaulted
RED-10104,Redwood Electric,Field Service - Repair & Maintenance,Field Ops - Service,Electrician,Apprentice,Electrician - Apprentice,Field - Service,Apprentice Electrician (Lvl 1),Employee,Regular,AZ,2026-03-24,0.44,1.0,40.0,Hourly,18.79,39083.2,18.79,4652.82,3901.43,391.77,3315.01,8261.65,59605.88,28.66,1.5251,hours_defaulted;pay_rate_imputed
RED-10105,Redwood Electric,Field Service - Repair & Maintenance,Field Ops - Service,Electrician,Apprentice,Electrician - Apprentice,Field - Service,Apprentice Electrician (Lvl 1),Employee,Regular,AZ,2023-07-08,3.15,1.0,40.0,Hourly,21.65,45032.0,21.65,5361.02,4495.27,451.4,3819.58,8261.65,67420.92,32.41,1.4972,hours_defaulted
RED-10106,Redwood Electric,Field Service - Repair & Maintenance,Field Ops - Service,Electrician,Apprentice,Electrician - Apprentice,Field - Service,Apprentice Electrician (Lvl 1),Employee,Regular,AZ,2024-08-18,2.03,1.0,40.0,Hourly,19.29,40123.2,19.29,4776.63,4005.25,402.19,3403.22,8261.65,60972.14,29.31,1.5196,hours_defaulted
RED-10107,Redwood Electric,Field Service - Repair & Maintenance,Field Ops - Service,Electrician,Apprentice,Electrician - Apprentice,Field - Service,Apprentice Electrician (Lvl 1),Employee,Full-Time,AZ,2025-10-30,0.84,1.0,40.0,Hourly,18.45,38376.0,18.45,4568.63,3830.84,384.68,3255.03,8261.65,58676.83,28.21,1.529,hours_defaulted
RED-10108,Redwood Electric,Field Service - Repair & Maintenance,Field Ops - Service,Electrician,Apprentice,Electrician - Apprentice,Field - Service,Apprentice Electrician (Lvl 1),Employee,FT,AZ,2024-10-15,1.88,1.0,40.0,Hourly,18.3,38064.0,18.3,4531.48,3799.69,381.55,3228.56,8261.65,58266.93,28.01,1.5308,hours_defaulted
RED-10109,Redwood Electric,Field Service - Repair & Maintenance,Field Ops - Service,Electrician,Apprentice,Electrician - Apprentice,Field - Service,Apprentice Electrician (Lvl 1),Employee,Regular,AZ,2022-03-06,4.49,1.0,40.0,Hourly,20.79,43243.2,20.79,5148.06,4316.7,433.47,3667.86,8261.65,65070.94,31.28,1.5048,hours_defaulted
RED-10110,Redwood Electric,Field Service - Repair & Maintenance,Field Ops - Service,Electrician,Apprentice,Electrician - Apprentice,Field - Service,Apprentice Electrician (Lvl 1),Employee,FT,AZ,2024-01-08,2.64,1.0,40.0,Hourly,19.35,40248.0,19.35,4791.49,4017.71,403.44,3413.81,8261.65,61136.1,29.39,1.519,hours_defaulted
RED-10111,Redwood Electric,Field Service - Repair & Maintenance,Field Ops - Service,Electrician,Apprentice,Electrician - Apprentice,Field - Service,Apprentice Electrician (Lvl 1),Employee,FT,AZ,2025-12-08,0.73,1.0,40.0,Hourly,17.29,35963.2,17.29,4281.39,3589.98,360.49,3050.37,8261.65,55507.08,26.69,1.5434,hours_defaulted
RED-10112,Redwood Electric,Field Service - Repair & Maintenance,Field Ops - Service,Electrician,Apprentice,Electrician - Apprentice,Field - Service,Apprentice Electrician (Lvl 1),Employee,,AZ,2026-02-13,0.54,1.0,40.0,Hourly,18.8,39104.0,18.8,4655.3,3903.51,391.98,3316.77,8261.65,59633.21,28.67,1.525,hours_defaulted
RED-10113,Redwood Electric,Field Service - Repair & Maintenance,Field Ops - Service,Electrician,Apprentice,Electrician - Apprentice,Field - Service,Apprentice Electrician (Lvl 1),Employee,Regular,AZ,2024-08-31,2.0,1.0,40.0,Hourly,19.58,40726.4,19.58,4848.44,4065.46,408.24,3454.39,8261.65,61764.58,29.69,1.5166,hours_defaulted
RED-10114,Redwood Electric,Field Service - Repair & Maintenance,Field Ops - Service,Electrician,Apprentice,Electrician - Apprentice,Field - Service,Apprentice Electrician (Lvl 1),Employee,,AZ,2026-03-09,0.48,1.0,40.0,Hourly,17.79,37003.2,17.79,4405.2,3693.8,370.92,3138.59,8261.65,56873.36,27.34,1.537,hours_defaulted
RED-10115,Redwood Electric,Field Service - Repair & Maintenance,Field Ops - Service,Electrician,Apprentice,Electrician - Apprentice,Field - Service,Apprentice Electrician (Lvl 1),Employee,Regular,AZ,2024-08-20,2.03,1.0,40.0,Hourly,18.78,39062.4,18.78,4650.34,3899.36,391.56,3313.25,8261.65,59578.56,28.64,1.5252,hours_defaulted
RED-10116,Redwood Electric,Field Service - Repair & Maintenance,Field Ops - Service,Electrician,Apprentice,Electrician - Apprentice,Field - Service,Apprentice Electrician (Lvl 1),Employee,Full-Time,AZ,2026-05-16,0.29,1.0,40.0,Hourly,21.1,43888.0,21.1,5224.83,4381.07,439.93,3722.55,8261.65,65918.03,31.69,1.502,hours_defaulted
RED-10117,Redwood Electric,Field Service - Repair & Maintenance,Field Ops - Service,Electrician,Apprentice,Electrician - Apprentice,Field - Service,Apprentice Electrician (Lvl 1),Employee,Regular,AZ,2023-07-14,3.13,1.0,40.0,Hourly,19.55,40664.0,19.55,4841.01,4059.23,407.61,3449.09,8261.65,61682.59,29.66,1.5169,hours_defaulted
RED-10118,Redwood Electric,Field Service - Repair & Maintenance,Field Ops - Service,Electrician,Apprentice,Electrician - Apprentice,Field - Service,Apprentice Electrician (Lvl 1),Employee,FT,AZ,2024-12-06,1.73,1.0,40.0,Hourly,17.01,35380.8,17.01,4212.05,3531.85,354.66,3000.98,8261.65,54741.99,26.32,1.5472,hours_defaulted
RED-10119,Redwood Electric,Field Service - Repair & Maintenance,Field Ops - Service,Electrician,II,Electrician - II,Field - Service,Electrician (Lvl 2),Employee,Regular,AZ,2024-02-17,2.54,1.0,40.0,Hourly,24.99,51979.2,24.99,6188.08,5188.76,521.04,4408.84,8261.65,76547.57,36.8,1.4727,hours_defaulted
RED-10120,Redwood Electric,Field Service - Repair & Maintenance,Field Ops - Service,Electrician,II,Electrician - II,Field - Service,Electrician (Lvl 2),Employee,Regular,AZ,2023-01-10,3.64,1.0,40.0,Hourly,31.54,65603.2,31.54,7810.0,6548.76,657.6,5564.42,8261.65,94445.63,45.41,1.4396,hours_defaulted
RED-10121,Redwood Electric,Field Service - Repair & Maintenance,Field Ops - Service,Electrician,II,Electrician - II,Field - Service,Electrician (Lvl 2),Employee,Regular,AZ,2023-06-22,3.19,1.0,40.0,Hourly,29.04,60403.2,29.04,7190.95,6029.68,605.48,5123.36,8261.65,87614.32,42.12,1.4505,hours_defaulted
RED-10122,Redwood Electric,Field Service - Repair & Maintenance,Field Ops - Service,Electrician,II,Electrician - II,Field - Service,Electrician (Lvl 2),Employee,Regular,AZ,2022-11-09,3.81,1.0,40.0,Hourly,30.57,63585.6,30.57,7569.81,6347.36,637.38,5393.29,8261.65,91795.09,44.13,1.4436,hours_defaulted
RED-10123,Redwood Electric,Field Service - Repair & Maintenance,Field Ops - Service,Electrician,II,Electrician - II,Field - Service,Electrician (Lvl 2),Employee,Full-Time,AZ,2021-05-19,5.28,1.0,40.0,Hourly,31.73,65998.4,31.73,7857.05,6588.21,661.56,5597.94,8261.65,94964.81,45.66,1.4389,hours_defaulted
RED-10124,Redwood Electric,Field Service - Repair & Maintenance,Field Ops - Service,Electrician,II,Electrician - II,Field - Service,Electrician (Lvl 2),Employee,FT,AZ,2024-06-02,2.25,1.0,40.0,Hourly,29.75,61880.0,29.75,7366.76,6177.1,620.28,5248.62,8261.65,89554.41,43.06,1.4472,hours_defaulted
RED-10125,Redwood Electric,Field Service - Repair & Maintenance,Field Ops - Service,Electrician,II,Electrician - II,Field - Service,Electrician (Lvl 2),Employee,Regular,AZ,2018-02-02,8.57,1.0,40.0,Hourly,32.64,67891.2,32.64,8082.39,6777.16,680.54,5758.48,8261.65,97451.42,46.85,1.4354,hours_defaulted
RED-10126,Redwood Electric,Field Service - Repair & Maintenance,Field Ops - Service,Electrician,II,Electrician - II,Field - Service,Electrician (Lvl 2),Employee,FT,AZ,2022-03-10,4.48,1.0,40.0,Hourly,30.94,64355.2,30.94,7661.43,6424.18,645.09,5458.56,8261.65,92806.11,44.62,1.4421,hours_defaulted
RED-10127,Redwood Electric,Field Service - Repair & Maintenance,Field Ops - Service,Electrician,II,Electrician - II,Field - Service,Electrician (Lvl 2),Employee,Full-Time,AZ,2020-12-23,5.69,1.0,40.0,Hourly,24.98,51958.4,24.98,6185.6,5186.68,520.83,4407.08,8261.65,76520.24,36.79,1.4727,hours_defaulted
RED-10128,Redwood Electric,Field Service - Repair & Maintenance,Field Ops - Service,Electrician,II,Electrician - II,Field - Service,Electrician (Lvl 2),Employee,,AZ,2022-04-19,4.37,1.0,40.0,Hourly,28.16,58572.8,28.16,6973.04,5846.96,587.13,4968.1,8261.65,85209.68,40.97,1.4548,hours_defaulted
RED-10129,Redwood Electric,Field Service - Repair & Maintenance,Field Ops - Service,Electrician,II,Electrician - II,Field - Service,Electrician (Lvl 2),Employee,,AZ,2026-03-27,0.43,1.0,40.0,Hourly,32.57,67745.6,32.57,8065.05,6762.62,679.08,5746.14,8261.65,97260.14,46.76,1.4357,hours_defaulted
RED-10130,Redwood Electric,Field Service - Repair & Maintenance,Field Ops - Service,Electrician,II,Electrician - II,Field - Service,Electrician (Lvl 2),Employee,Regular,AZ,2024-04-16,2.37,1.0,40.0,Hourly,24.78,51542.4,24.78,6136.08,5145.16,516.66,4371.79,8261.65,75973.74,36.53,1.474,hours_defaulted
RED-10131,Redwood Electric,Field Service - Repair & Maintenance,Field Ops - Service,Electrician,II,Electrician - II,Field - Service,Electrician (Lvl 2),Employee,Regular,AZ,2023-10-04,2.91,1.0,40.0,Hourly,24.01,49940.8,24.01,5945.41,4985.28,500.6,4235.94,8261.65,73869.68,35.51,1.4791,hours_defaulted
RED-10132,Redwood Electric,Field Service - Repair & Maintenance,Field Ops - Service,Electrician,II,Electrician - II,Field - Service,Electrician (Lvl 2),Employee,FT,AZ,2025-01-05,1.65,1.0,40.0,Hourly,28.82,59945.6,28.82,7136.47,5984.0,600.89,5084.54,8261.65,87013.15,41.83,1.4515,hours_defaulted
RED-10133,Redwood Electric,Field Service - Repair & Maintenance,Field Ops - Service,Electrician,II,Electrician - II,Field - Service,Electrician (Lvl 2),Employee,Regular,AZ,2024-02-27,2.51,1.0,40.0,Hourly,31.1,64688.0,31.1,7701.05,6457.4,648.43,5486.79,8261.65,93243.32,44.83,1.4414,hours_defaulted
RED-10134,Redwood Electric,Field Service - Repair & Maintenance,Field Ops - Service,Electrician,II,Electrician - II,Field - Service,Electrician (Lvl 2),Employee,,AZ,2025-06-19,1.2,1.0,40.0,Hourly,32.11,66788.8,32.11,7951.15,6667.11,669.49,5664.98,8261.65,96003.18,46.16,1.4374,hours_defaulted
RED-10135,Redwood Electric,Field Service - Repair & Maintenance,Field Ops - Service,Electrician,II,Electrician - II,Field - Service,Electrician (Lvl 2),Employee,Full-Time,AZ,2024-11-13,1.8,1.0,40.0,Hourly,30.56,63564.8,30.56,7567.33,6345.28,637.17,5391.52,8261.65,91767.75,44.12,1.4437,hours_defaulted
RED-10136,Redwood Electric,Field Service - Repair & Maintenance,Field Ops - Service,Electrician,II,Electrician - II,Field - Service,Electrician (Lvl 2),Employee,Regular,AZ,2025-07-19,1.12,1.0,40.0,Hourly,30.69,63835.2,30.69,7599.52,6372.27,639.88,5414.46,8261.65,92122.98,44.29,1.4431,hours_defaulted
RED-10137,Redwood Electric,Field Service - Repair & Maintenance,Field Ops - Service,Electrician,II,Electrician - II,Field - Service,Electrician (Lvl 2),Employee,Regular,AZ,2022-01-10,4.64,1.0,40.0,Hourly,31.94,66435.2,31.94,7909.05,6631.81,665.94,5634.99,8261.65,95538.64,45.93,1.4381,hours_defaulted
RED-10138,Redwood Electric,Field Service - Repair & Maintenance,Field Ops - Service,Electrician,II,Electrician - II,Field - Service,Electrician (Lvl 2),Employee,Full-Time,AZ,2024-03-02,2.5,1.0,40.0,Hourly,30.41,63252.8,30.41,7530.19,6314.13,634.04,5365.06,8261.65,91357.87,43.92,1.4443,hours_defaulted
RED-10139,Redwood Electric,Field Service - Repair & Maintenance,Field Ops - Service,Electrician,II,Electrician - II,Field - Service,Electrician (Lvl 2),Employee,,AZ,2025-04-26,1.35,1.0,40.0,Hourly,28.59,59467.2,28.59,7079.52,5936.24,596.1,5043.97,8261.65,86384.68,41.53,1.4526,hours_defaulted
RED-10140,Redwood Electric,Field Service - Repair & Maintenance,Field Ops - Service,Electrician,II,Electrician - II,Field - Service,Electrician (Lvl 2),Employee,Full-Time,AZ,2022-01-29,4.59,1.0,40.0,Hourly,24.94,51875.2,24.94,6175.7,5178.38,519.99,4400.02,8261.65,76410.94,36.74,1.473,hours_defaulted
RED-10141,Redwood Electric,Field Service - Repair & Maintenance,Field Ops - Service,Electrician,II,Electrician - II,Field - Service,Electrician (Lvl 2),Employee,FT,AZ,2021-10-28,4.84,1.0,40.0,Hourly,33.97,70657.6,33.97,8411.72,7053.31,708.27,5993.13,8261.65,101085.68,48.6,1.4306,hours_defaulted
RED-10142,Redwood Electric,Field Service - Repair & Maintenance,Field Ops - Service,Electrician,II,Electrician - II,Field - Service,Electrician (Lvl 2),Employee,Regular,AZ,2020-03-17,6.46,1.0,40.0,Hourly,28.86,60028.8,28.86,7146.37,5992.3,601.73,5091.6,8261.65,87122.45,41.89,1.4513,hours_defaulted
RED-10143,Redwood Electric,Field Service - Repair & Maintenance,Field Ops - Service,Electrician,II,Electrician - II,Field - Service,Electrician (Lvl 2),Employee,Full-Time,AZ,2025-05-30,1.25,1.0,40.0,Hourly,30.66,63772.8,30.66,7592.09,6366.04,639.26,5409.17,8261.65,92041.01,44.25,1.4433,hours_defaulted
RED-10144,Redwood Electric,Field Service - Repair & Maintenance,Field Ops - Service,Electrician,II,Electrician - II,Field - Service,Electrician (Lvl 2),Employee,Regular,AZ,2020-12-28,5.67,1.0,40.0,Hourly,26.98,56118.4,26.98,6680.84,5601.95,562.53,4759.92,8261.65,81985.29,39.42,1.4609,hours_defaulted
RED-10145,Redwood Electric,Field Service - Repair & Maintenance,Field Ops - Service,Electrician,II,Electrician - II,Field - Service,Electrician (Lvl 2),Employee,Regular,AZ,2023-01-03,3.66,1.0,40.0,Hourly,25.36,52748.8,25.36,6279.7,5265.59,528.75,4474.12,8261.65,77558.61,37.29,1.4703,hours_defaulted
RED-10146,Redwood Electric,Field Service - Repair & Maintenance,Field Ops - Service,Electrician,II,Electrician - II,Field - Service,Electrician (Lvl 2),Employee,Full-Time,AZ,2022-12-14,3.71,1.0,40.0,Hourly,28.09,58427.2,28.09,6955.71,5832.42,585.67,4955.75,8261.65,85018.4,40.87,1.4551,hours_defaulted
RED-10147,Redwood Electric,Field Service - Repair & Maintenance,Field Ops - Service,Electrician,II,Electrician - II,Field - Service,Electrician (Lvl 2),Employee,Regular,AZ,2024-03-04,2.49,1.0,40.0,Hourly,25.35,52728.0,25.35,6277.22,5263.51,528.54,4472.35,8261.65,77531.27,37.27,1.4704,hours_defaulted
RED-10148,Redwood Electric,Field Service - Repair & Maintenance,Field Ops - Service,Electrician,II,Electrician - II,Field - Service,Electrician (Lvl 2),Employee,,AZ,2025-12-13,0.71,1.0,40.0,Hourly,33.55,69784.0,33.55,8307.72,6966.1,699.51,5919.03,8261.65,99938.01,48.05,1.4321,hours_defaulted
RED-10149,Redwood Electric,Field Service - Repair & Maintenance,Field Ops - Service,Electrician,II,Electrician - II,Field - Service,Electrician (Lvl 2),Employee,Regular,AZ,2021-07-17,5.12,1.0,40.0,Hourly,30.81,64084.8,30.81,7629.24,6397.19,642.38,5435.63,8261.65,92450.89,44.45,1.4426,hours_defaulted
RED-10150,Redwood Electric,Field Service - Repair & Maintenance,Field Ops - Service,Electrician,II,Electrician - II,Field - Service,Electrician (Lvl 2),Employee,,AZ,2020-03-27,6.43,1.0,40.0,Hourly,30.26,62940.8,30.26,7493.05,6282.99,630.92,5338.6,8261.65,90948.01,43.73,1.445,hours_defaulted
RED-10151,Redwood Electric,Field Service - Repair & Maintenance,Field Ops - Service,Electrician,II,Electrician - II,Field - Service,Electrician (Lvl 2),Employee,Full-Time,AZ,2020-12-11,5.72,1.0,40.0,Hourly,32.29,67163.2,32.29,7995.72,6704.49,673.24,5696.74,8261.65,96495.04,46.39,1.4367,hours_defaulted
RED-10152,Redwood Electric,Field Service - Repair & Maintenance,Field Ops - Service,Electrician,II,Electrician - II,Field - Service,Electrician (Lvl 2),Employee,,AZ,2025-08-28,1.01,1.0,40.0,Hourly,33.27,69201.6,33.27,8238.39,6907.97,693.67,5869.63,8261.65,99172.91,47.68,1.4331,hours_defaulted
RED-10153,Redwood Electric,Field Service - Repair & Maintenance,Field Ops - Service,Electrician,II,Electrician - II,Field - Service,Electrician (Lvl 2),Employee,Regular,AZ,2026-03-16,0.46,1.0,40.0,Hourly,33.82,70345.6,33.82,8374.58,7022.16,705.14,5966.67,8261.65,100675.8,48.4,1.4312,hours_defaulted
RED-10154,Redwood Electric,Field Service - Repair & Maintenance,Field Ops - Service,Electrician,II,Electrician - II,Field - Service,Electrician (Lvl 2),Employee,,AZ,2026-01-24,0.6,1.0,40.0,Hourly,30.71,63876.8,30.71,7604.48,6376.42,640.3,5417.99,8261.65,92177.64,44.32,1.4431,hours_defaulted
RED-10155,Redwood Electric,Field Service - Repair & Maintenance,Field Ops - Service,Electrician,II,Electrician - II,Field - Service,Electrician (Lvl 2),Employee,FT,AZ,2017-04-16,9.37,1.0,40.0,Hourly,29.19,60715.2,29.19,7228.09,6060.82,608.61,5149.82,8261.65,88024.19,42.32,1.4498,hours_defaulted
RED-10156,Redwood Electric,Field Service - Repair & Maintenance,Field Ops - Service,Electrician,II,Electrician - II,Field - Service,Electrician (Lvl 2),Employee,,AZ,2022-05-09,4.31,1.0,40.0,Hourly,31.81,66164.8,31.81,7876.86,6604.82,663.23,5612.05,8261.65,95183.41,45.76,1.4386,hours_defaulted
RED-10157,Redwood Electric,Field Service - Repair & Maintenance,Field Ops - Service,Electrician,II,Electrician - II,Field - Service,Electrician (Lvl 2),Employee,FT,AZ,2025-02-01,1.58,1.0,40.0,Hourly,29.68,61734.4,29.68,7349.42,6162.56,618.82,5236.27,8261.65,89363.12,42.96,1.4475,hours_defaulted
RED-10158,Redwood Electric,Field Service - Repair & Maintenance,Field Ops - Service,Electrician,II,Electrician - II,Field - Service,Electrician (Lvl 2),Employee,Regular,AZ,2023-04-17,3.37,1.0,40.0,Hourly,25.18,52374.4,25.18,6235.13,5228.21,525.0,4442.36,8261.65,77066.75,37.05,1.4715,hours_defaulted
RED-10159,Redwood Electric,Field Service - Repair & Maintenance,Field Ops - Service,Electrician,II,Electrician - II,Field - Service,Electrician (Lvl 2),Employee,,AZ,2019-10-12,6.89,1.0,40.0,Hourly,26.82,55785.6,26.82,6641.23,5568.73,559.19,4731.7,8261.65,81548.1,39.21,1.4618,hours_defaulted
RED-10160,Redwood Electric,Field Service - Repair & Maintenance,Field Ops - Service,Electrician,II,Electrician - II,Field - Service,Electrician (Lvl 2),Employee,Regular,AZ,2023-03-03,3.5,1.0,40.0,Hourly,24.63,51230.4,24.63,6098.93,5114.01,513.53,4345.33,8261.65,75563.85,36.33,1.475,hours_defaulted
RED-10161,Redwood Electric,Field Service - Repair & Maintenance,Field Ops - Service,Electrician,II,Electrician - II,Field - Service,Electrician (Lvl 2),Employee,,AZ,2025-05-18,1.29,1.0,40.0,Hourly,32.66,67932.8,32.66,8087.34,6781.31,680.95,5762.01,8261.65,97506.06,46.88,1.4353,hours_defaulted;on_leave
RED-10162,Redwood Electric,Field Service - Repair & Maintenance,Field Ops - Service,Electrician,II,Electrician - II,Field - Service,Electrician (Lvl 2),Employee,Full-Time,AZ,2025-09-29,0.92,1.0,40.0,Hourly,26.97,56097.6,26.97,6678.37,5599.88,562.32,4758.16,8261.65,81957.98,39.4,1.461,hours_defaulted
RED-10163,Redwood Electric,Field Service - Repair & Maintenance,Field Ops - Service,Electrician,II,Electrician - II,Field - Service,Electrician (Lvl 2),Employee,,AZ,2019-09-09,6.98,1.0,40.0,Hourly,24.7,51376.0,24.7,6116.27,5128.55,514.99,4357.68,8261.65,75755.14,36.42,1.4745,hours_defaulted
RED-10164,Redwood Electric,Field Service - Repair & Maintenance,Field Ops - Service,Electrician,II,Electrician - II,Field - Service,Electrician (Lvl 2),Employee,FT,AZ,2024-11-15,1.79,1.0,40.0,Hourly,26.54,55203.2,26.54,6571.89,5510.59,553.35,4682.3,8261.65,80782.98,38.84,1.4634,hours_defaulted
RED-10165,Redwood Electric,Field Service - Repair & Maintenance,Field Ops - Service,Electrician,II,Electrician - II,Field - Service,Electrician (Lvl 2),Employee,Full-Time,AZ,2022-11-26,3.76,1.0,40.0,Hourly,27.63,57470.4,27.63,6841.8,5736.91,576.08,4874.6,8261.65,83761.44,40.27,1.4575,hours_defaulted
RED-10166,Redwood Electric,Field Service - Repair & Maintenance,Field Ops - Service,Electrician,II,Electrician - II,Field - Service,Electrician (Lvl 2),Employee,Regular,AZ,2025-04-09,1.39,1.0,40.0,Hourly,29.08,60486.4,29.08,7200.85,6037.98,606.31,5130.41,8261.65,87723.6,42.17,1.4503,hours_defaulted
RED-10167,Redwood Electric,Field Service - Repair & Maintenance,Field Ops - Service,Electrician,II,Electrician - II,Field - Service,Electrician (Lvl 2),Employee,Regular,AZ,2022-08-05,4.07,1.0,40.0,Hourly,26.65,55432.0,26.65,6599.13,5533.43,555.65,4701.7,8261.65,81083.56,38.98,1.4628,hours_defaulted
RED-10168,Redwood Electric,Field Service - Repair & Maintenance,Field Ops - Service,Electrician,II,Electrician - II,Field - Service,Electrician (Lvl 2),Employee,Full-Time,AZ,2026-03-25,0.44,1.0,40.0,Hourly,26.61,55348.8,26.61,6589.22,5525.13,554.81,4694.65,8261.65,80974.26,38.93,1.463,hours_defaulted
RED-10169,Redwood Electric,Field Service - Repair & Maintenance,Field Ops - Service,Electrician,II,Electrician - II,Field - Service,Electrician (Lvl 2),Employee,FT,AZ,2021-02-07,5.56,1.0,40.0,Hourly,28.89,60091.2,28.89,7153.8,5998.53,602.35,5096.89,8261.65,87204.42,41.93,1.4512,hours_defaulted
RED-10170,Redwood Electric,Field Service - Repair & Maintenance,Field Ops - Service,Electrician,II,Electrician - II,Field - Service,Electrician (Lvl 2),Employee,Full-Time,AZ,2016-11-18,9.78,1.0,40.0,Hourly,27.74,57699.2,27.74,6869.04,5759.75,578.37,4894.01,8261.65,84062.02,40.41,1.4569,hours_defaulted
RED-10171,Redwood Electric,Field Service - Repair & Maintenance,Field Ops - Service,Electrician,II,Electrician - II,Field - Service,Electrician (Lvl 2),Employee,Regular,AZ,2022-10-03,3.91,1.0,40.0,Hourly,29.86,62108.8,29.86,7394.0,6199.94,622.58,5268.03,8261.65,89855.0,43.2,1.4467,hours_defaulted
RED-10172,Redwood Electric,Field Service - Repair & Maintenance,Field Ops - Service,Electrician,II,Electrician - II,Field - Service,Electrician (Lvl 2),Employee,FT,AZ,2025-08-06,1.07,1.0,40.0,Hourly,28.19,58635.2,28.19,6980.47,5853.19,587.76,4973.4,8261.65,85291.67,41.01,1.4546,hours_defaulted
RED-10173,Redwood Electric,Field Service - Repair & Maintenance,Field Ops - Service,Electrician,II,Electrician - II,Field - Service,Electrician (Lvl 2),Employee,FT,AZ,2024-04-05,2.4,1.0,40.0,Hourly,31.66,65852.8,31.66,7839.72,6573.68,660.11,5585.59,8261.65,94773.55,45.56,1.4392,hours_defaulted
RED-10174,Redwood Electric,Field Service - Repair & Maintenance,Field Ops - Service,Electrician,III,Electrician - III,Field - Service,Electrician (Lvl 3),Employee,Regular,AZ,2024-11-20,1.78,1.0,40.0,Hourly,42.43,88254.4,42.43,10506.61,8809.89,884.66,7485.68,8261.65,124202.89,59.71,1.4073,hours_defaulted
RED-10175,Redwood Electric,Field Service - Repair & Maintenance,Field Ops - Service,Electrician,III,Electrician - III,Field - Service,Electrician (Lvl 3),Employee,Regular,AZ,2025-05-22,1.28,1.0,40.0,Hourly,37.36,77708.8,37.36,9251.16,7757.19,778.95,6591.21,8261.65,110348.96,53.05,1.42,hours_defaulted
RED-10176,Redwood Electric,Field Service - Repair & Maintenance,Field Ops - Service,Electrician,III,Electrician - III,Field - Service,Electrician (Lvl 3),Employee,Full-Time,AZ,2025-05-30,1.25,1.0,40.0,Hourly,39.1,81328.0,39.1,9682.02,8118.47,815.23,6898.19,8261.65,115103.56,55.34,1.4153,hours_defaulted
RED-10177,Redwood Electric,Field Service - Repair & Maintenance,Field Ops - Service,Electrician,III,Electrician - III,Field - Service,Electrician (Lvl 3),Employee,Regular,AZ,2024-08-22,2.02,1.0,40.0,Hourly,39.99,83179.2,39.99,9902.41,8303.26,833.78,7055.2,8261.65,117535.5,56.51,1.413,hours_defaulted
RED-10178,Redwood Electric,Field Service - Repair & Maintenance,Field Ops - Service,Electrician,III,Electrician - III,Field - Service,Electrician (Lvl 3),Employee,Regular,AZ,2018-10-25,7.85,1.0,40.0,Hourly,34.31,71364.8,34.31,8495.91,7123.91,715.36,6053.11,8261.65,102014.74,49.05,1.4295,hours_defaulted
RED-10179,Redwood Electric,Field Service - Repair & Maintenance,Field Ops - Service,Electrician,III,Electrician - III,Field - Service,Electrician (Lvl 3),Employee,Regular,AZ,2025-07-04,1.16,1.0,40.0,Hourly,41.93,87214.4,41.93,10382.8,8706.07,874.23,7397.47,8261.65,122836.62,59.06,1.4084,hours_defaulted
RED-10180,Redwood Electric,Field Service - Repair & Maintenance,Field Ops - Service,Electrician,III,Electrician - III,Field - Service,Electrician (Lvl 3),Employee,Regular,AZ,2020-12-25,5.68,1.0,40.0,Hourly,41.55,86424.0,41.55,10288.7,8627.17,866.31,7330.42,8261.65,121798.25,58.56,1.4093,hours_defaulted
RED-10181,Redwood Electric,Field Service - Repair & Maintenance,Field Ops - Service,Electrician,III,Electrician - III,Field - Service,Electrician (Lvl 3),Employee,FT,AZ,2023-06-22,3.19,1.0,40.0,Hourly,38.13,79310.4,38.13,9441.83,7917.07,795.0,6727.05,8261.65,112453.0,54.06,1.4179,hours_defaulted
RED-10182,Redwood Electric,Field Service - Repair & Maintenance,Field Ops - Service,Electrician,III,Electrician - III,Field - Service,Electrician (Lvl 3),Employee,Regular,AZ,2025-05-20,1.28,1.0,40.0,Hourly,41.94,87235.2,41.94,10385.27,8708.15,874.44,7399.23,8261.65,122863.94,59.07,1.4084,hours_defaulted
RED-10183,Redwood Electric,Field Service - Repair & Maintenance,Field Ops - Service,Electrician,III,Electrician - III,Field - Service,Electrician (Lvl 3),Employee,Full-Time,AZ,2024-07-29,2.09,1.0,40.0,Hourly,37.67,78353.6,37.67,9327.93,7821.55,785.41,6645.9,8261.65,111196.04,53.46,1.4192,hours_defaulted
RED-10184,Redwood Electric,Field Service - Repair & Maintenance,Field Ops - Service,Electrician,III,Electrician - III,Field - Service,Electrician (Lvl 3),Employee,FT,AZ,2015-12-22,10.69,1.0,40.0,Hourly,41.74,86819.2,41.74,10335.75,8666.62,870.27,7363.94,8261.65,122317.43,58.81,1.4089,hours_defaulted
RED-10185,Redwood Electric,Field Service - Repair & Maintenance,Field Ops - Service,Electrician,III,Electrician - III,Field - Service,Electrician (Lvl 3),Employee,Full-Time,AZ,2024-12-15,1.71,1.0,40.0,Hourly,34.94,72675.2,34.94,8651.92,7254.71,728.49,6164.26,8261.65,103736.23,49.87,1.4274,hours_defaulted
RED-10186,Redwood Electric,Field Service - Repair & Maintenance,Field Ops - Service,Electrician,III,Electrician - III,Field - Service,Electrician (Lvl 3),Employee,,AZ,2025-08-11,1.05,1.0,40.0,Hourly,38.94,80995.2,38.94,9642.41,8085.25,811.89,6869.96,8261.65,114666.36,55.13,1.4157,hours_defaulted
RED-10187,Redwood Electric,Field Service - Repair & Maintenance,Field Ops - Service,Electrician,III,Electrician - III,Field - Service,Electrician (Lvl 3),Employee,FT,AZ,2023-07-03,3.16,1.0,40.0,Hourly,36.26,75420.8,36.26,8978.78,7528.79,756.01,6397.14,8261.65,107343.17,51.61,1.4233,hours_defaulted
RED-10188,Redwood Electric,Field Service - Repair & Maintenance,Field Ops - Service,Electrician,III,Electrician - III,Field - Service,Electrician (Lvl 3),Employee,Regular,AZ,2026-05-05,0.32,1.0,40.0,Hourly,34.95,72696.0,34.95,8654.39,7256.79,728.7,6166.02,8261.65,103763.55,49.89,1.4274,hours_defaulted
RED-10189,Redwood Electric,Field Service - Repair & Maintenance,Field Ops - Service,Electrician,III,Electrician - III,Field - Service,Electrician (Lvl 3),Employee,Full-Time,AZ,2019-08-05,7.07,1.0,40.0,Hourly,40.45,84136.0,40.45,10016.31,8398.77,843.38,7136.36,8261.65,118792.47,57.11,1.4119,hours_defaulted
RED-10190,Redwood Electric,Field Service - Repair & Maintenance,Field Ops - Service,Electrician,III,Electrician - III,Field - Service,Electrician (Lvl 3),Employee,Regular,AZ,2022-03-01,4.5,1.0,40.0,Hourly,36.56,76044.8,36.56,9053.06,7591.08,762.27,6450.07,8261.65,108162.93,52.0,1.4224,hours_defaulted
RED-10191,Redwood Electric,Field Service - Repair & Maintenance,Field Ops - Service,Electrician,III,Electrician - III,Field - Service,Electrician (Lvl 3),Employee,Regular,AZ,2022-01-23,4.6,1.0,40.0,Hourly,43.51,90500.8,43.51,10774.04,9034.13,907.18,7676.22,8261.65,127154.02,61.13,1.405,hours_defaulted
RED-10192,Redwood Electric,Field Service - Repair & Maintenance,Field Ops - Service,Electrician,III,Electrician - III,Field - Service,Electrician (Lvl 3),Employee,Regular,AZ,2018-09-09,7.98,1.0,40.0,Hourly,42.69,88795.2,42.69,10570.99,8863.87,890.08,7531.55,8261.65,124913.34,60.05,1.4068,hours_defaulted
RED-10286,Redwood Electric,Field Service - Repair & Maintenance,Field Ops - Service,Electrician,Apprentice,Electrician - Apprentice,Field - Service,Apprentice Electrician (Lvl 1),Employee,FT,AZ,2026-08-10,0.06,1.0,40.0,Hourly,18.5,38480.0,18.5,4581.01,3841.22,385.72,3263.85,8261.65,58813.45,28.28,1.5284,hours_defaulted
BAY-10312,Bayside Mechanical,Field Service - Repair & Maintenance,Service,Field Supervisor,NA,Field Supervisor,Field Leadership,Service Supervisor,Employee,Regular,FL,2023-02-23,3.52,1.0,40.0,Annual,81000.0,81000.0,38.94,9642.98,8085.73,811.94,6870.36,8261.65,114672.66,55.13,1.4157,clean
BAY-10313,Bayside Mechanical,Field Service - Repair & Maintenance,Service,Field Supervisor,NA,Field Supervisor,Field Leadership,Service Supervisor,Employee,Regular,FL,2021-08-16,5.04,1.0,40.0,Annual,83500.0,83500.0,40.14,9940.6,8335.29,837.0,7082.41,8261.65,117956.95,56.71,1.4127,clean
BAY-10314,Bayside Mechanical,Field Service - Repair & Maintenance,Service,Field Supervisor,NA,Field Supervisor,Field Leadership,Service Supervisor,Employee,Regular,FL,2025-02-19,1.53,1.0,40.0,Annual,82000.0,82000.0,39.42,9762.03,8185.55,821.96,6955.18,8261.65,115986.37,55.76,1.4145,clean
BAY-10315,Bayside Mechanical,Field Service - Repair & Maintenance,Service,Field Supervisor,NA,Field Supervisor,Field Leadership,Service Supervisor,Employee,Full-Time,FL,2024-04-18,2.37,1.0,40.0,Annual,77000.0,77000.0,37.02,9166.78,7686.43,771.84,6531.09,8261.65,109417.79,52.6,1.421,clean
BAY-10316,Bayside Mechanical,Field Service - Repair & Maintenance,Service,Field Supervisor,NA,Field Supervisor,Field Leadership,Service Supervisor,Employee,Regular,FL,2024-01-15,2.63,1.0,40.0,Annual,84500.0,84500.0,40.62,10059.65,8435.11,847.02,7167.23,8261.65,119270.66,57.34,1.4115,clean
BAY-10317,Bayside Mechanical,Field Service - Repair & Maintenance,Service,Field Supervisor,NA,Field Supervisor,Field Leadership,Service Supervisor,Employee,FT,FL,2026-04-11,0.39,1.0,40.0,Annual,78000.0,78000.0,37.5,9285.83,7786.26,781.87,6615.91,8261.65,110731.52,53.24,1.4196,clean
BAY-10318,Bayside Mechanical,Field Service - Repair & Maintenance,Service,Field Supervisor,NA,Field Supervisor,Field Leadership,Service Supervisor,Employee,Regular,FL,2024-07-23,2.11,1.0,40.0,Annual,76500.0,76500.0,36.78,9107.26,7636.52,766.83,6488.68,8261.65,108760.94,52.29,1.4217,clean
BAY-10319,Bayside Mechanical,Field Service - Repair & Maintenance,Service,Field Supervisor,NA,Field Supervisor,Field Leadership,Service Supervisor,Employee,FT,FL,2026-01-24,0.6,1.0,40.0,Annual,83500.0,83500.0,40.14,9940.6,8335.29,837.0,7082.41,8261.65,117956.95,56.71,1.4127,clean
BAY-10320,Bayside Mechanical,Field Service - Repair & Maintenance,Service,Field Supervisor,NA,Field Supervisor,Field Leadership,Service Supervisor,Employee,Full-Time,FL,2020-09-23,5.94,1.0,40.0,Annual,84000.0,84000.0,40.38,10000.12,8385.2,842.01,7124.82,8261.65,118613.8,57.03,1.4121,clean
GLC-10253,Great Lakes Comfort Systems,Field Service - Repair & Maintenance,Service - HVAC,Field Supervisor,NA,Field Supervisor,Field Leadership,Field Supervisor,Employee,,MI,2021-09-23,4.94,1.0,40.0,Annual,76000.0,76000.0,36.54,9047.73,7586.61,761.82,6446.27,8261.65,108104.08,51.97,1.4224,clean
GLC-10254,Great Lakes Comfort Systems,Field Service - Repair & Maintenance,Service - HVAC,Field Supervisor,NA,Field Supervisor,Field Leadership,Field Supervisor,Employee,FT,MI,2021-04-03,5.41,1.0,40.0,Annual,83500.0,83500.0,40.14,9940.6,8335.29,837.0,7082.41,8261.65,117956.95,56.71,1.4127,clean
GLC-10255,Great Lakes Comfort Systems,Field Service - Repair & Maintenance,Service - HVAC,Field Supervisor,NA,Field Supervisor,Field Leadership,Field Supervisor,Employee,FT,MI,2024-07-15,2.13,1.0,40.0,Annual,78000.0,78000.0,37.5,9285.83,7786.26,781.87,6615.91,8261.65,110731.52,53.24,1.4196,pay_rate_imputed
GLC-10256,Great Lakes Comfort Systems,Field Service - Repair & Maintenance,Service - HVAC,Field Supervisor,NA,Field Supervisor,Field Leadership,Field Supervisor,Employee,Regular,MI,2022-07-16,4.13,1.0,40.0,Annual,75500.0,75500.0,36.3,8988.21,7536.7,756.81,6403.86,8261.65,107447.23,51.66,1.4231,clean
GLC-10257,Great Lakes Comfort Systems,Field Service - Repair & Maintenance,Service - Plumbing,Field Supervisor,NA,Field Supervisor,Field Leadership,Field Supervisor,Employee,Regular,MI,2023-06-26,3.18,1.0,40.0,Annual,84500.0,84500.0,40.62,10059.65,8435.11,847.02,7167.23,8261.65,119270.66,57.34,1.4115,clean
GLC-10258,Great Lakes Comfort Systems,Field Service - Repair & Maintenance,Service - Plumbing,Field Supervisor,NA,Field Supervisor,Field Leadership,Field Supervisor,Employee,FT,MI,2026-03-12,0.47,1.0,40.0,Annual,78000.0,78000.0,37.5,9285.83,7786.26,781.87,6615.91,8261.65,110731.52,53.24,1.4196,pay_rate_imputed
GLC-10259,Great Lakes Comfort Systems,Field Service - Repair & Maintenance,Service - Plumbing,Field Supervisor,NA,Field Supervisor,Field Leadership,Field Supervisor,Employee,Regular,MI,2011-06-30,15.17,1.0,40.0,Annual,79000.0,79000.0,37.98,9404.88,7886.08,791.89,6700.73,8261.65,112045.23,53.87,1.4183,clean
GLC-10260,Great Lakes Comfort Systems,Field Service - Repair & Maintenance,Service - Plumbing,Field Supervisor,NA,Field Supervisor,Field Leadership,Field Supervisor,Employee,,MI,2015-11-29,10.75,1.0,40.0,Annual,77000.0,77000.0,37.02,9166.78,7686.43,771.84,6531.09,8261.65,109417.79,52.6,1.421,clean
PIN-10276,Pinnacle Plumbing & Drain,Field Service - Repair & Maintenance,Field,Field Supervisor,NA,Field Supervisor,Field Leadership,Field Supervisor,Employee,Regular,TX,2025-11-28,0.76,1.0,40.0,Annual,76500.0,76500.0,36.78,9107.26,7636.52,766.83,6488.68,8261.65,108760.94,52.29,1.4217,hours_defaulted;pay_basis_imputed
PIN-10277,Pinnacle Plumbing & Drain,Field Service - Repair & Maintenance,Field,Field Supervisor,NA,Field Supervisor,Field Leadership,Field Supervisor,Employee,Regular,TX,2026-01-22,0.61,1.0,40.0,Annual,80000.0,80000.0,38.46,9523.93,7985.9,801.92,6785.55,8261.65,113358.95,54.5,1.417,hours_defaulted;pay_basis_imputed
PIN-10278,Pinnacle Plumbing & Drain,Field Service - Repair & Maintenance,Field,Field Supervisor,NA,Field Supervisor,Field Leadership,Field Supervisor,Employee,Regular,TX,2022-09-01,4.0,1.0,40.0,Annual,80000.0,80000.0,38.46,9523.93,7985.9,801.92,6785.55,8261.65,113358.95,54.5,1.417,hours_defaulted;pay_basis_imputed
PIN-10279,Pinnacle Plumbing & Drain,Field Service - Repair & Maintenance,Field,Field Supervisor,NA,Field Supervisor,Field Leadership,Field Supervisor,Employee,FT,TX,2024-08-30,2.0,1.0,40.0,Annual,84500.0,84500.0,40.62,10059.65,8435.11,847.02,7167.23,8261.65,119270.66,57.34,1.4115,hours_defaulted;pay_basis_imputed
PIN-10280,Pinnacle Plumbing & Drain,Field Service - Repair & Maintenance,Field,Field Supervisor,NA,Field Supervisor,Field Leadership,Field Supervisor,Employee,,TX,2023-02-28,3.5,1.0,40.0,Annual,76500.0,76500.0,36.78,9107.26,7636.52,766.83,6488.68,8261.65,108760.94,52.29,1.4217,hours_defaulted;pay_basis_imputed
PIN-10281,Pinnacle Plumbing & Drain,Field Service - Repair & Maintenance,Field,Field Supervisor,NA,Field Supervisor,Field Leadership,Field Supervisor,Employee,Regular,TX,2023-05-13,3.3,1.0,40.0,Annual,85000.0,85000.0,40.87,10119.17,8485.02,852.04,7209.64,8261.65,119927.52,57.66,1.4109,hours_defaulted;pay_basis_imputed
PIN-10282,Pinnacle Plumbing & Drain,Field Service - Repair & Maintenance,Field,Field Supervisor,NA,Field Supervisor,Field Leadership,Field Supervisor,Employee,Regular,TX,2026-05-22,0.28,1.0,40.0,Annual,82000.0,82000.0,39.42,9762.03,8185.55,821.96,6955.18,8261.65,115986.37,55.76,1.4145,hours_defaulted;pay_basis_imputed
RED-10193,Redwood Electric,Field Service - Repair & Maintenance,Field Ops - Service,Field Supervisor,NA,Field Supervisor,Field Leadership,Field Supervisor,Employee,FT,AZ,2020-02-13,6.55,1.0,40.0,Annual,79000.0,79000.0,37.98,9404.88,7886.08,791.89,6700.73,8261.65,112045.23,53.87,1.4183,hours_defaulted
RED-10194,Redwood Electric,Field Service - Repair & Maintenance,Field Ops - Service,Field Supervisor,NA,Field Supervisor,Field Leadership,Field Supervisor,Employee,,AZ,2025-10-14,0.88,1.0,40.0,Annual,79500.0,79500.0,38.22,9464.4,7935.99,796.9,6743.14,8261.65,112702.08,54.18,1.4176,hours_defaulted
RED-10195,Redwood Electric,Field Service - Repair & Maintenance,Field Ops - Service,Field Supervisor,NA,Field Supervisor,Field Leadership,Field Supervisor,Employee,Regular,AZ,2023-04-08,3.4,1.0,40.0,Annual,80500.0,80500.0,38.7,9583.45,8035.82,806.93,6827.95,8261.65,114015.8,54.82,1.4163,hours_defaulted
RED-10196,Redwood Electric,Field Service - Repair & Maintenance,Field Ops - Service,Field Supervisor,NA,Field Supervisor,Field Leadership,Field Supervisor,Employee,Regular,AZ,2022-07-26,4.1,1.0,40.0,Annual,81500.0,81500.0,39.18,9702.5,8135.64,816.95,6912.77,8261.65,115329.51,55.45,1.4151,hours_defaulted
RED-10197,Redwood Electric,Field Service - Repair & Maintenance,Field Ops - Service,Field Supervisor,NA,Field Supervisor,Field Leadership,Field Supervisor,Employee,Regular,AZ,2025-08-13,1.05,1.0,40.0,Annual,79000.0,79000.0,37.98,9404.88,7886.08,791.89,6700.73,8261.65,112045.23,53.87,1.4183,hours_defaulted
RED-10198,Redwood Electric,Field Service - Repair & Maintenance,Field Ops - Service,Field Supervisor,NA,Field Supervisor,Field Leadership,Field Supervisor,Employee,Regular,AZ,2024-10-13,1.88,1.0,40.0,Annual,80000.0,80000.0,38.46,9523.93,7985.9,801.92,6785.55,8261.65,113358.95,54.5,1.417,hours_defaulted
BAY-10140,Bayside Mechanical,Field Service - Repair & Maintenance,Service,HVAC Service Technician,I,HVAC Service Technician - I,Field - Service,HVAC Service Tech I,Employee,Full-Time,FL,2026-01-06,0.65,1.0,40.0,Hourly,17.49,36379.2,17.49,4330.91,3631.51,364.66,3085.66,8261.65,56053.59,26.95,1.5408,clean
BAY-10141,Bayside Mechanical,Field Service - Repair & Maintenance,Service,HVAC Service Technician,I,HVAC Service Technician - I,Field - Service,HVAC Service Tech I,Employee,,FL,2023-06-11,3.22,1.0,40.0,Hourly,17.82,37065.6,17.82,4412.63,3700.03,371.54,3143.88,8261.65,56955.33,27.38,1.5366,clean
BAY-10142,Bayside Mechanical,Field Service - Repair & Maintenance,Service,HVAC Service Technician,I,HVAC Service Technician - I,Field - Service,HVAC Service Tech I,Employee,Regular,FL,2024-10-29,1.84,1.0,40.0,Hourly,21.84,45427.2,21.84,5408.07,4534.72,455.36,3853.1,8261.65,67940.1,32.66,1.4956,clean
BAY-10143,Bayside Mechanical,Field Service - Repair & Maintenance,Service,HVAC Service Technician,I,HVAC Service Technician - I,Field - Service,HVAC Service Tech I,Employee,Regular,FL,2022-08-29,4.01,1.0,40.0,Hourly,20.67,42993.6,20.67,5118.35,4291.78,430.97,3646.69,8261.65,64743.04,31.13,1.5059,clean
BAY-10144,Bayside Mechanical,Field Service - Repair & Maintenance,Service,HVAC Service Technician,I,HVAC Service Technician - I,Field - Service,HVAC Service Tech I,Employee,Regular,FL,2024-07-18,2.12,1.0,40.0,Hourly,20.25,42120.0,20.25,5014.35,4204.58,422.21,3572.59,8261.65,63595.38,30.57,1.5099,clean
BAY-10145,Bayside Mechanical,Field Service - Repair & Maintenance,Service,HVAC Service Technician,I,HVAC Service Technician - I,Field - Service,HVAC Service Tech I,Employee,,FL,2025-07-26,1.1,1.0,40.0,Hourly,20.45,42536.0,20.45,5063.87,4246.1,426.38,3607.87,8261.65,64141.87,30.84,1.5079,clean
BAY-10146,Bayside Mechanical,Field Service - Repair & Maintenance,Service,HVAC Service Technician,I,HVAC Service Technician - I,Field - Service,HVAC Service Tech I,Employee,Regular,FL,2025-03-21,1.45,1.0,40.0,Hourly,21.64,45011.2,21.64,5358.54,4493.19,451.19,3817.82,8261.65,67393.59,32.4,1.4973,clean
BAY-10147,Bayside Mechanical,Field Service - Repair & Maintenance,Service,HVAC Service Technician,I,HVAC Service Technician - I,Field - Service,HVAC Service Tech I,Employee,,FL,2025-03-18,1.45,1.0,40.0,Hourly,21.12,43929.6,21.12,5229.78,4385.22,440.35,3726.08,8261.65,65972.68,31.72,1.5018,clean
BAY-10148,Bayside Mechanical,Field Service - Repair & Maintenance,Service,HVAC Service Technician,I,HVAC Service Technician - I,Field - Service,HVAC Service Tech I,Employee,Regular,FL,2022-03-04,4.49,1.0,40.0,Hourly,19.79,41163.2,19.79,4900.44,4109.07,412.62,3491.43,8261.65,62338.41,29.97,1.5144,clean
BAY-10149,Bayside Mechanical,Field Service - Repair & Maintenance,Service,HVAC Service Technician,I,HVAC Service Technician - I,Field - Service,HVAC Service Tech I,Employee,FT,FL,2022-11-12,3.8,1.0,40.0,Hourly,20.5,42640.0,20.5,5076.25,4256.49,427.42,3616.7,8261.65,64278.51,30.9,1.5075,clean
BAY-10150,Bayside Mechanical,Field Service - Repair & Maintenance,Service,HVAC Service Technician,I,HVAC Service Technician - I,Field - Service,HVAC Service Tech I,Employee,,FL,2019-04-23,7.36,1.0,40.0,Hourly,21.62,44969.6,21.62,5353.59,4489.04,450.77,3814.29,8261.65,67338.94,32.37,1.4974,clean
BAY-10151,Bayside Mechanical,Field Service - Repair & Maintenance,Service,HVAC Service Technician,I,HVAC Service Technician - I,Field - Service,HVAC Service Tech I,Employee,Full-Time,FL,2022-01-11,4.64,1.0,40.0,Hourly,20.99,43659.2,20.99,5197.59,4358.23,437.64,3703.14,8261.65,65617.45,31.55,1.5029,clean
BAY-10152,Bayside Mechanical,Field Service - Repair & Maintenance,Service,HVAC Service Technician,I,HVAC Service Technician - I,Field - Service,HVAC Service Tech I,Employee,Full-Time,FL,2025-02-04,1.57,1.0,40.0,Hourly,20.47,42577.6,20.47,5068.82,4250.26,426.8,3611.4,8261.65,64196.53,30.86,1.5078,clean
BAY-10153,Bayside Mechanical,Field Service - Repair & Maintenance,Service,HVAC Service Technician,I,HVAC Service Technician - I,Field - Service,HVAC Service Tech I,Employee,Regular,FL,2023-01-21,3.61,1.0,40.0,Hourly,21.78,45302.4,21.78,5393.21,4522.26,454.11,3842.52,8261.65,67776.15,32.58,1.4961,clean
BAY-10154,Bayside Mechanical,Field Service - Repair & Maintenance,Service,HVAC Service Technician,I,HVAC Service Technician - I,Field - Service,HVAC Service Tech I,Employee,Regular,FL,2022-08-27,4.01,1.0,40.0,Hourly,18.27,38001.6,18.27,4524.06,3793.46,380.93,3223.27,8261.65,58184.97,27.97,1.5311,clean
BAY-10155,Bayside Mechanical,Field Service - Repair & Maintenance,Service,HVAC Service Technician,I,HVAC Service Technician - I,Field - Service,HVAC Service Tech I,Employee,Regular,FL,2024-09-09,1.97,1.0,40.0,Hourly,21.4,44512.0,21.4,5299.11,4443.36,446.19,3775.48,8261.65,66737.79,32.09,1.4993,clean
BAY-10156,Bayside Mechanical,Field Service - Repair & Maintenance,Service,HVAC Service Technician,I,HVAC Service Technician - I,Field - Service,HVAC Service Tech I,Employee,Full-Time,FL,2025-06-26,1.18,1.0,40.0,Hourly,17.22,35817.6,17.22,4264.05,3575.45,359.03,3038.02,8261.65,55315.8,26.59,1.5444,clean
BAY-10157,Bayside Mechanical,Field Service - Repair & Maintenance,Service,HVAC Service Technician,I,HVAC Service Technician - I,Field - Service,HVAC Service Tech I,Employee,,FL,2025-01-15,1.62,1.0,40.0,Hourly,18.16,37772.8,18.16,4496.82,3770.62,378.63,3203.86,8261.65,57884.38,27.83,1.5324,clean
BAY-10158,Bayside Mechanical,Field Service - Repair & Maintenance,Service,HVAC Service Technician,I,HVAC Service Technician - I,Field - Service,HVAC Service Tech I,Employee,,FL,2025-05-27,1.26,1.0,40.0,Hourly,19.57,40705.6,19.57,4845.96,4063.39,408.03,3452.62,8261.65,61737.25,29.68,1.5167,clean
BAY-10159,Bayside Mechanical,Field Service - Repair & Maintenance,Service,HVAC Service Technician,I,HVAC Service Technician - I,Field - Service,HVAC Service Tech I,Employee,Regular,FL,2024-02-20,2.53,1.0,40.0,Hourly,20.56,42764.8,20.56,5091.11,4268.94,428.67,3627.28,8261.65,64442.45,30.98,1.5069,clean
BAY-10160,Bayside Mechanical,Field Service - Repair & Maintenance,Service,HVAC Service Technician,I,HVAC Service Technician - I,Field - Service,HVAC Service Tech I,Employee,,FL,2021-12-04,4.74,1.0,40.0,Hourly,19.2,39936.0,19.2,4754.34,3986.56,400.32,3387.34,8261.65,60726.21,29.2,1.5206,clean
BAY-10161,Bayside Mechanical,Field Service - Repair & Maintenance,Service,HVAC Service Technician,I,HVAC Service Technician - I,Field - Service,HVAC Service Tech I,Employee,,FL,2026-02-13,0.54,1.0,40.0,Hourly,18.59,38667.2,18.59,4603.3,3859.91,387.6,3279.73,8261.65,59059.39,28.39,1.5274,clean
BAY-10162,Bayside Mechanical,Field Service - Repair & Maintenance,Service,HVAC Service Technician,I,HVAC Service Technician - I,Field - Service,HVAC Service Tech I,Employee,,FL,2024-01-22,2.61,1.0,40.0,Hourly,18.31,38084.8,18.31,4533.96,3801.77,381.76,3230.33,8261.65,58294.27,28.03,1.5306,clean
BAY-10163,Bayside Mechanical,Field Service - Repair & Maintenance,Service,HVAC Service Technician,I,HVAC Service Technician - I,Field - Service,HVAC Service Tech I,Employee,FT,FL,2021-06-22,5.19,1.0,40.0,Hourly,21.72,45177.6,21.72,5378.35,4509.8,452.86,3831.93,8261.65,67612.19,32.51,1.4966,clean
BAY-10164,Bayside Mechanical,Field Service - Repair & Maintenance,Service,HVAC Service Technician,I,HVAC Service Technician - I,Field - Service,HVAC Service Tech I,Employee,Regular,FL,2020-09-13,5.96,1.0,40.0,Hourly,17.5,36400.0,17.5,4333.39,3633.59,364.87,3087.42,8261.65,56080.92,26.96,1.5407,clean
BAY-10165,Bayside Mechanical,Field Service - Repair & Maintenance,Service,HVAC Service Technician,I,HVAC Service Technician - I,Field - Service,HVAC Service Tech I,Employee,Regular,FL,2024-02-02,2.58,1.0,40.0,Hourly,20.61,42868.8,20.61,5103.49,4279.33,429.71,3636.1,8261.65,64579.08,31.05,1.5064,clean
BAY-10166,Bayside Mechanical,Field Service - Repair & Maintenance,Service,HVAC Service Technician,I,HVAC Service Technician - I,Field - Service,HVAC Service Tech I,Employee,Regular,FL,2022-10-01,3.92,1.0,40.0,Hourly,19.27,40081.6,19.27,4771.68,4001.1,401.78,3399.69,8261.65,60917.5,29.29,1.5198,clean
BAY-10167,Bayside Mechanical,Field Service - Repair & Maintenance,Service,HVAC Service Technician,I,HVAC Service Technician - I,Field - Service,HVAC Service Tech I,Employee,Regular,FL,2021-06-20,5.2,1.0,40.0,Hourly,18.5,38480.0,18.5,4581.01,3841.22,385.72,3263.85,8261.65,58813.45,28.28,1.5284,clean
BAY-10168,Bayside Mechanical,Field Service - Repair & Maintenance,Service,HVAC Service Technician,I,HVAC Service Technician - I,Field - Service,HVAC Service Tech I,Employee,FT,FL,2025-05-04,1.33,1.0,40.0,Hourly,19.82,41225.6,19.82,4907.87,4115.3,413.24,3496.73,8261.65,62420.39,30.01,1.5141,clean
BAY-10169,Bayside Mechanical,Field Service - Repair & Maintenance,Service,HVAC Service Technician,I,HVAC Service Technician - I,Field - Service,HVAC Service Tech I,Employee,Regular,FL,2023-10-01,2.92,1.0,40.0,Hourly,18.51,38500.8,18.51,4583.49,3843.3,385.93,3265.61,8261.65,58840.78,28.29,1.5283,clean
BAY-10170,Bayside Mechanical,Field Service - Repair & Maintenance,Service,HVAC Service Technician,I,HVAC Service Technician - I,Field - Service,HVAC Service Tech I,Employee,Regular,FL,2020-12-05,5.74,1.0,40.0,Hourly,21.96,45676.8,21.96,5437.78,4559.63,457.86,3874.27,8261.65,68267.99,32.82,1.4946,clean
BAY-10171,Bayside Mechanical,Field Service - Repair & Maintenance,Service,HVAC Service Technician,I,HVAC Service Technician - I,Field - Service,HVAC Service Tech I,Employee,Regular,FL,2018-09-18,7.95,1.0,40.0,Hourly,18.56,38604.8,18.56,4595.87,3853.68,386.97,3274.43,8261.65,58977.4,28.35,1.5277,clean
BAY-10172,Bayside Mechanical,Field Service - Repair & Maintenance,Service,HVAC Service Technician,I,HVAC Service Technician - I,Field - Service,HVAC Service Tech I,Employee,Regular,FL,2023-10-07,2.9,1.0,40.0,Hourly,20.55,42744.0,20.55,5088.63,4266.87,428.46,3625.52,8261.65,64415.13,30.97,1.507,clean
BAY-10173,Bayside Mechanical,Field Service - Repair & Maintenance,Service,HVAC Service Technician,I,HVAC Service Technician - I,Field - Service,HVAC Service Tech I,Employee,Regular,FL,2025-10-14,0.88,1.0,40.0,Hourly,17.11,35588.8,17.11,4236.81,3552.61,356.74,3018.62,8261.65,55015.23,26.45,1.5459,clean
BAY-10174,Bayside Mechanical,Field Service - Repair & Maintenance,Service,HVAC Service Technician,I,HVAC Service Technician - I,Field - Service,HVAC Service Tech I,Employee,FT,FL,2026-04-16,0.38,1.0,40.0,Hourly,19.94,41475.2,19.94,4937.59,4140.21,415.75,3517.9,8261.65,62748.3,30.17,1.5129,clean
BAY-10175,Bayside Mechanical,Field Service - Repair & Maintenance,Service,HVAC Service Technician,I,HVAC Service Technician - I,Field - Service,HVAC Service Tech I,Employee,,FL,2022-07-15,4.13,1.0,40.0,Hourly,17.06,35484.8,17.06,4224.43,3542.23,355.7,3009.8,8261.65,54878.61,26.38,1.5465,clean
BAY-10176,Bayside Mechanical,Field Service - Repair & Maintenance,Service,HVAC Service Technician,I,HVAC Service Technician - I,Field - Service,HVAC Service Tech I,Employee,Full-Time,FL,2026-02-22,0.52,1.0,40.0,Hourly,19.28,40102.4,19.28,4774.15,4003.17,401.98,3401.46,8261.65,60944.81,29.3,1.5197,clean
BAY-10177,Bayside Mechanical,Field Service - Repair & Maintenance,Service,HVAC Service Technician,I,HVAC Service Technician - I,Field - Service,HVAC Service Tech I,Employee,Regular,FL,2024-09-24,1.93,1.0,40.0,Hourly,18.49,38459.2,18.49,4578.53,3839.14,385.51,3262.08,8261.65,58786.11,28.26,1.5285,clean
BAY-10178,Bayside Mechanical,Field Service - Repair & Maintenance,Service,HVAC Service Technician,II,HVAC Service Technician - II,Field - Service,HVAC Service Tech II,Employee,FT,FL,2022-12-27,3.68,1.0,40.0,Hourly,33.18,69014.4,33.18,8216.1,6889.28,691.8,5853.75,8261.65,98926.98,47.56,1.4334,clean
BAY-10179,Bayside Mechanical,Field Service - Repair & Maintenance,Service,HVAC Service Technician,II,HVAC Service Technician - II,Field - Service,HVAC Service Tech II,Employee,,FL,2025-05-22,1.28,1.0,40.0,Hourly,28.47,59217.6,28.47,7049.8,5911.33,593.59,5022.8,8261.65,86056.77,41.37,1.4532,clean
BAY-10180,Bayside Mechanical,Field Service - Repair & Maintenance,Service,HVAC Service Technician,II,HVAC Service Technician - II,Field - Service,HVAC Service Tech II,Employee,Full-Time,FL,2025-04-30,1.34,1.0,40.0,Hourly,27.38,56950.4,27.38,6779.89,5685.01,570.87,4830.49,8261.65,83078.31,39.94,1.4588,clean
BAY-10181,Bayside Mechanical,Field Service - Repair & Maintenance,Service,HVAC Service Technician,II,HVAC Service Technician - II,Field - Service,HVAC Service Tech II,Employee,Full-Time,FL,2025-12-30,0.67,1.0,40.0,Hourly,24.77,51521.6,24.77,6133.6,5143.08,516.45,4370.03,8261.65,75946.41,36.51,1.4741,clean
BAY-10182,Bayside Mechanical,Field Service - Repair & Maintenance,Service,HVAC Service Technician,II,HVAC Service Technician - II,Field - Service,HVAC Service Tech II,Employee,Regular,FL,2025-07-31,1.08,1.0,40.0,Hourly,31.05,64584.0,31.05,7688.67,6447.02,647.39,5477.97,8261.65,93106.7,44.76,1.4416,clean
BAY-10183,Bayside Mechanical,Field Service - Repair & Maintenance,Service,HVAC Service Technician,II,HVAC Service Technician - II,Field - Service,HVAC Service Tech II,Employee,,FL,2023-07-25,3.1,1.0,40.0,Hourly,27.17,56513.6,27.17,6727.89,5641.4,566.49,4793.44,8261.65,82504.47,39.67,1.4599,clean
BAY-10184,Bayside Mechanical,Field Service - Repair & Maintenance,Service,HVAC Service Technician,II,HVAC Service Technician - II,Field - Service,HVAC Service Tech II,Employee,Regular,FL,2024-12-17,1.7,1.0,40.0,Hourly,33.25,69160.0,33.25,8233.44,6903.81,693.26,5866.1,8261.65,99118.26,47.65,1.4332,clean
BAY-10185,Bayside Mechanical,Field Service - Repair & Maintenance,Service,HVAC Service Technician,II,HVAC Service Technician - II,Field - Service,HVAC Service Tech II,Employee,,FL,2025-09-17,0.95,1.0,40.0,Hourly,26.72,55577.6,26.72,6616.46,5547.97,557.11,4714.05,8261.65,81274.84,39.07,1.4624,clean
BAY-10186,Bayside Mechanical,Field Service - Repair & Maintenance,Service,HVAC Service Technician,II,HVAC Service Technician - II,Field - Service,HVAC Service Tech II,Employee,Regular,FL,2024-02-20,2.53,1.0,40.0,Hourly,24.19,50315.2,24.19,5989.98,5022.65,504.36,4267.7,8261.65,74361.54,35.75,1.4779,clean
BAY-10187,Bayside Mechanical,Field Service - Repair & Maintenance,Service,HVAC Service Technician,II,HVAC Service Technician - II,Field - Service,HVAC Service Tech II,Employee,Regular,FL,2024-10-09,1.89,1.0,40.0,Hourly,30.05,62504.0,30.05,7441.04,6239.39,626.54,5301.55,8261.65,90374.17,43.45,1.4459,clean
BAY-10188,Bayside Mechanical,Field Service - Repair & Maintenance,Service,HVAC Service Technician,II,HVAC Service Technician - II,Field - Service,HVAC Service Tech II,Employee,,FL,2025-12-15,0.71,1.0,40.0,Hourly,27.51,57220.8,27.51,6812.08,5712.0,573.58,4853.43,8261.65,83433.54,40.11,1.4581,clean
BAY-10189,Bayside Mechanical,Field Service - Repair & Maintenance,Service,HVAC Service Technician,II,HVAC Service Technician - II,Field - Service,HVAC Service Tech II,Employee,FT,FL,2025-11-29,0.75,1.0,40.0,Hourly,30.53,63502.4,30.53,7559.9,6339.05,636.54,5386.23,8261.65,91685.77,44.08,1.4438,clean
BAY-10190,Bayside Mechanical,Field Service - Repair & Maintenance,Service,HVAC Service Technician,II,HVAC Service Technician - II,Field - Service,HVAC Service Tech II,Employee,Regular,FL,2022-06-03,4.24,1.0,40.0,Hourly,26.92,55993.6,26.92,6665.99,5589.49,561.28,4749.34,8261.65,81821.35,39.34,1.4613,clean
BAY-10191,Bayside Mechanical,Field Service - Repair & Maintenance,Service,HVAC Service Technician,II,HVAC Service Technician - II,Field - Service,HVAC Service Tech II,Employee,Regular,FL,2024-02-27,2.51,1.0,40.0,Hourly,28.64,59571.2,28.64,7091.9,5946.62,597.14,5052.79,8261.65,86521.3,41.6,1.4524,clean
BAY-10192,Bayside Mechanical,Field Service - Repair & Maintenance,Service,HVAC Service Technician,II,HVAC Service Technician - II,Field - Service,HVAC Service Tech II,Employee,Full-Time,FL,2022-07-08,4.15,1.0,40.0,Hourly,33.16,68972.8,33.16,8211.15,6885.13,691.38,5850.23,8261.65,98872.34,47.53,1.4335,clean
BAY-10193,Bayside Mechanical,Field Service - Repair & Maintenance,Service,HVAC Service Technician,II,HVAC Service Technician - II,Field - Service,HVAC Service Tech II,Employee,Full-Time,FL,2024-04-21,2.36,1.0,40.0,Hourly,32.44,67475.2,32.44,8032.86,6735.63,676.37,5723.2,8261.65,96904.91,46.59,1.4362,clean
BAY-10194,Bayside Mechanical,Field Service - Repair & Maintenance,Service,HVAC Service Technician,II,HVAC Service Technician - II,Field - Service,HVAC Service Tech II,Employee,FT,FL,2026-02-27,0.51,1.0,40.0,Hourly,28.23,58718.4,28.23,6990.37,5861.49,588.59,4980.45,8261.65,85400.95,41.06,1.4544,clean
BAY-10195,Bayside Mechanical,Field Service - Repair & Maintenance,Service,HVAC Service Technician,II,HVAC Service Technician - II,Field - Service,HVAC Service Tech II,Employee,Full-Time,FL,2025-06-18,1.2,1.0,40.0,Hourly,33.25,69160.0,33.25,8233.44,6903.81,693.26,5866.1,8261.65,99118.26,47.65,1.4332,clean
BAY-10196,Bayside Mechanical,Field Service - Repair & Maintenance,Service,HVAC Service Technician,II,HVAC Service Technician - II,Field - Service,HVAC Service Tech II,Employee,FT,FL,2023-12-24,2.69,1.0,40.0,Hourly,25.06,52124.8,25.06,6205.41,5203.3,522.5,4421.19,8261.65,76738.85,36.89,1.4722,clean
BAY-10197,Bayside Mechanical,Field Service - Repair & Maintenance,Service,HVAC Service Technician,II,HVAC Service Technician - II,Field - Service,HVAC Service Tech II,Employee,Regular,FL,2025-03-10,1.48,1.0,40.0,Hourly,25.27,52561.6,25.27,6257.41,5246.9,526.87,4458.24,8261.65,77312.67,37.17,1.4709,clean
BAY-10198,Bayside Mechanical,Field Service - Repair & Maintenance,Service,HVAC Service Technician,II,HVAC Service Technician - II,Field - Service,HVAC Service Tech II,Employee,Regular,FL,2023-06-01,3.25,1.0,40.0,Hourly,27.44,57075.2,27.44,6794.75,5697.46,572.12,4841.08,8261.65,83242.26,40.02,1.4585,clean
BAY-10199,Bayside Mechanical,Field Service - Repair & Maintenance,Service,HVAC Service Technician,II,HVAC Service Technician - II,Field - Service,HVAC Service Tech II,Employee,FT,FL,2022-07-29,4.09,1.0,40.0,Hourly,33.68,70054.4,33.68,8339.91,6993.1,702.22,5941.97,8261.65,100293.25,48.22,1.4316,clean
BAY-10200,Bayside Mechanical,Field Service - Repair & Maintenance,Service,HVAC Service Technician,II,HVAC Service Technician - II,Field - Service,HVAC Service Tech II,Employee,FT,FL,2025-09-23,0.94,1.0,40.0,Hourly,28.99,60299.2,28.99,7178.57,6019.29,604.44,5114.54,8261.65,87477.69,42.06,1.4507,clean
BAY-10201,Bayside Mechanical,Field Service - Repair & Maintenance,Service,HVAC Service Technician,II,HVAC Service Technician - II,Field - Service,HVAC Service Tech II,Employee,Full-Time,FL,2023-05-01,3.33,1.0,40.0,Hourly,24.28,50502.4,24.28,6012.27,5041.34,506.23,4283.58,8261.65,74607.47,35.87,1.4773,clean
BAY-10202,Bayside Mechanical,Field Service - Repair & Maintenance,Service,HVAC Service Technician,II,HVAC Service Technician - II,Field - Service,HVAC Service Tech II,Employee,Full-Time,FL,2021-02-05,5.57,1.0,40.0,Hourly,27.64,57491.2,27.64,6844.28,5738.99,576.29,4876.36,8261.65,83788.77,40.28,1.4574,clean
BAY-10203,Bayside Mechanical,Field Service - Repair & Maintenance,Service,HVAC Service Technician,II,HVAC Service Technician - II,Field - Service,HVAC Service Tech II,Employee,Regular,FL,2024-07-03,2.16,1.0,40.0,Hourly,25.19,52395.2,25.19,6237.6,5230.29,525.21,4444.12,8261.65,77094.07,37.06,1.4714,clean
BAY-10204,Bayside Mechanical,Field Service - Repair & Maintenance,Service,HVAC Service Technician,II,HVAC Service Technician - II,Field - Service,HVAC Service Tech II,Employee,Regular,FL,2024-06-10,2.22,1.0,40.0,Hourly,33.67,70033.6,33.67,8337.44,6991.02,702.01,5940.2,8261.65,100265.92,48.2,1.4317,clean
BAY-10205,Bayside Mechanical,Field Service - Repair & Maintenance,Service,HVAC Service Technician,II,HVAC Service Technician - II,Field - Service,HVAC Service Tech II,Employee,FT,FL,2015-08-26,11.01,1.0,40.0,Hourly,33.53,69742.4,33.53,8302.77,6961.95,699.09,5915.5,8261.65,99883.36,48.02,1.4322,clean
BAY-10206,Bayside Mechanical,Field Service - Repair & Maintenance,Service,HVAC Service Technician,II,HVAC Service Technician - II,Field - Service,HVAC Service Tech II,Employee,Regular,FL,2020-07-20,6.11,1.0,40.0,Hourly,31.71,65956.8,31.71,7852.1,6584.06,661.15,5594.41,8261.65,94910.17,45.63,1.439,clean
BAY-10207,Bayside Mechanical,Field Service - Repair & Maintenance,Service,HVAC Service Technician,II,HVAC Service Technician - II,Field - Service,HVAC Service Tech II,Employee,Full-Time,FL,2017-01-23,9.6,1.0,40.0,Hourly,32.14,66851.2,32.14,7958.57,6673.34,670.11,5670.27,8261.65,96085.14,46.19,1.4373,clean
BAY-10208,Bayside Mechanical,Field Service - Repair & Maintenance,Service,HVAC Service Technician,II,HVAC Service Technician - II,Field - Service,HVAC Service Tech II,Employee,Regular,FL,2021-12-26,4.68,1.0,40.0,Hourly,24.66,51292.8,24.66,6106.36,5120.24,514.16,4350.62,8261.65,75645.83,36.37,1.4748,clean
BAY-10209,Bayside Mechanical,Field Service - Repair & Maintenance,Service,HVAC Service Technician,II,HVAC Service Technician - II,Field - Service,HVAC Service Tech II,Employee,Regular,FL,2025-03-22,1.44,1.0,40.0,Hourly,30.43,63294.4,30.43,7535.14,6318.29,634.46,5368.59,8261.65,91412.53,43.95,1.4442,clean
BAY-10210,Bayside Mechanical,Field Service - Repair & Maintenance,Service,HVAC Service Technician,II,HVAC Service Technician - II,Field - Service,HVAC Service Tech II,Employee,FT,FL,2023-05-26,3.27,1.0,40.0,Hourly,26.76,55660.8,26.76,6626.37,5556.27,557.94,4721.11,8261.65,81384.14,39.13,1.4621,clean
BAY-10211,Bayside Mechanical,Field Service - Repair & Maintenance,Service,HVAC Service Technician,II,HVAC Service Technician - II,Field - Service,HVAC Service Tech II,Employee,,FL,2017-06-02,9.25,1.0,40.0,Hourly,33.12,68889.6,33.12,8201.24,6876.82,690.55,5843.17,8261.65,98763.03,47.48,1.4336,clean
BAY-10212,Bayside Mechanical,Field Service - Repair & Maintenance,Service,HVAC Service Technician,II,HVAC Service Technician - II,Field - Service,HVAC Service Tech II,Employee,Regular,FL,2020-10-25,5.85,1.0,40.0,Hourly,30.67,63793.6,30.67,7594.57,6368.12,639.46,5410.93,8261.65,92068.33,44.26,1.4432,clean
BAY-10213,Bayside Mechanical,Field Service - Repair & Maintenance,Service,HVAC Service Technician,II,HVAC Service Technician - II,Field - Service,HVAC Service Tech II,Employee,Regular,FL,2025-09-02,0.99,1.0,40.0,Hourly,24.46,50876.8,24.46,6056.84,5078.72,509.99,4315.34,8261.65,75099.34,36.11,1.4761,clean
BAY-10214,Bayside Mechanical,Field Service - Repair & Maintenance,Service,HVAC Service Technician,II,HVAC Service Technician - II,Field - Service,HVAC Service Tech II,Employee,Regular,FL,2024-01-08,2.64,1.0,40.0,Hourly,24.3,50544.0,24.3,6017.22,5045.49,506.65,4287.11,8261.65,74662.12,35.9,1.4772,clean
BAY-10215,Bayside Mechanical,Field Service - Repair & Maintenance,Service,HVAC Service Technician,II,HVAC Service Technician - II,Field - Service,HVAC Service Tech II,Employee,Regular,FL,2020-07-31,6.08,1.0,40.0,Hourly,28.25,58760.0,28.25,6995.32,5865.65,589.01,4983.98,8261.65,85455.61,41.08,1.4543,clean
BAY-10216,Bayside Mechanical,Field Service - Repair & Maintenance,Service,HVAC Service Technician,II,HVAC Service Technician - II,Field - Service,HVAC Service Tech II,Employee,,FL,2020-11-17,5.79,1.0,40.0,Hourly,26.67,55473.6,26.67,6604.08,5537.59,556.06,4705.23,8261.65,81138.21,39.01,1.4626,clean
BAY-10217,Bayside Mechanical,Field Service - Repair & Maintenance,Service,HVAC Service Technician,II,HVAC Service Technician - II,Field - Service,HVAC Service Tech II,Employee,Full-Time,FL,2021-09-06,4.98,1.0,40.0,Hourly,27.92,58073.6,27.92,6913.61,5797.13,582.13,4925.76,8261.65,84553.88,40.65,1.456,clean
BAY-10218,Bayside Mechanical,Field Service - Repair & Maintenance,Service,HVAC Service Technician,II,HVAC Service Technician - II,Field - Service,HVAC Service Tech II,Employee,FT,FL,2022-04-14,4.38,1.0,40.0,Hourly,25.01,52020.8,25.01,6193.03,5192.91,521.45,4412.37,8261.65,76602.21,36.83,1.4725,clean
BAY-10219,Bayside Mechanical,Field Service - Repair & Maintenance,Service,HVAC Service Technician,II,HVAC Service Technician - II,Field - Service,HVAC Service Tech II,Employee,Full-Time,FL,2024-12-11,1.72,1.0,40.0,Hourly,27.02,56201.6,27.02,6690.75,5610.26,563.36,4766.98,8261.65,82094.6,39.47,1.4607,clean
BAY-10220,Bayside Mechanical,Field Service - Repair & Maintenance,Service,HVAC Service Technician,II,HVAC Service Technician - II,Field - Service,HVAC Service Tech II,Employee,FT,FL,2021-06-05,5.24,1.0,40.0,Hourly,25.01,52020.8,25.01,6193.03,5192.91,521.45,4412.37,8261.65,76602.21,36.83,1.4725,clean
BAY-10221,Bayside Mechanical,Field Service - Repair & Maintenance,Service,HVAC Service Technician,II,HVAC Service Technician - II,Field - Service,HVAC Service Tech II,Employee,Regular,FL,2022-06-17,4.21,1.0,40.0,Hourly,33.39,69451.2,33.39,8268.1,6932.88,696.18,5890.8,8261.65,99500.81,47.84,1.4327,clean
BAY-10222,Bayside Mechanical,Field Service - Repair & Maintenance,Service,HVAC Service Technician,II,HVAC Service Technician - II,Field - Service,HVAC Service Tech II,Employee,FT,FL,2023-07-27,3.1,1.0,40.0,Hourly,29.42,61193.6,29.42,7285.04,6108.58,613.4,5190.4,8261.65,88652.67,42.62,1.4487,clean
BAY-10223,Bayside Mechanical,Field Service - Repair & Maintenance,Service,HVAC Service Technician,II,HVAC Service Technician - II,Field - Service,HVAC Service Tech II,Employee,Regular,FL,2024-10-21,1.86,1.0,40.0,Hourly,31.46,65436.8,31.46,7790.19,6532.15,655.94,5550.3,8261.65,94227.03,45.3,1.44,clean
BAY-10224,Bayside Mechanical,Field Service - Repair & Maintenance,Service,HVAC Service Technician,II,HVAC Service Technician - II,Field - Service,HVAC Service Tech II,Employee,Regular,FL,2026-01-04,0.65,1.0,40.0,Hourly,26.74,55619.2,26.74,6621.42,5552.12,557.52,4717.58,8261.65,81329.49,39.1,1.4623,clean
BAY-10225,Bayside Mechanical,Field Service - Repair & Maintenance,Service,HVAC Service Technician,II,HVAC Service Technician - II,Field - Service,HVAC Service Tech II,Employee,,FL,2024-08-21,2.03,1.0,40.0,Hourly,28.28,58822.4,28.28,7002.75,5871.88,589.63,4989.28,8261.65,85537.59,41.12,1.4542,clean
BAY-10226,Bayside Mechanical,Field Service - Repair & Maintenance,Service,HVAC Service Technician,II,HVAC Service Technician - II,Field - Service,HVAC Service Tech II,Employee,Regular,FL,2023-05-31,3.25,1.0,40.0,Hourly,31.3,65104.0,31.3,7750.57,6498.93,652.6,5522.08,8261.65,93789.83,45.09,1.4406,clean
BAY-10227,Bayside Mechanical,Field Service - Repair & Maintenance,Service,HVAC Service Technician,II,HVAC Service Technician - II,Field - Service,HVAC Service Tech II,Employee,,FL,2023-01-25,3.6,1.0,40.0,Hourly,33.61,69908.8,33.61,8322.58,6978.56,700.76,5929.62,8261.65,100101.97,48.13,1.4319,clean
BAY-10228,Bayside Mechanical,Field Service - Repair & Maintenance,Service,HVAC Service Technician,II,HVAC Service Technician - II,Field - Service,HVAC Service Tech II,Employee,Full-Time,FL,2020-09-29,5.92,1.0,40.0,Hourly,30.54,63523.2,30.54,7562.38,6341.13,636.75,5387.99,8261.65,91713.1,44.09,1.4438,clean
BAY-10229,Bayside Mechanical,Field Service - Repair & Maintenance,Service,HVAC Service Technician,II,HVAC Service Technician - II,Field - Service,HVAC Service Tech II,Employee,Regular,FL,2025-12-02,0.74,1.0,40.0,Hourly,32.0,66560.0,32.0,7923.91,6644.27,667.19,5645.57,8261.65,95702.59,46.01,1.4378,clean
BAY-10230,Bayside Mechanical,Field Service - Repair & Maintenance,Service,HVAC Service Technician,II,HVAC Service Technician - II,Field - Service,HVAC Service Tech II,Employee,Regular,FL,2023-05-28,3.26,1.0,40.0,Hourly,24.97,51937.6,24.97,6183.12,5184.61,520.62,4405.31,8261.65,76492.91,36.78,1.4728,clean
BAY-10231,Bayside Mechanical,Field Service - Repair & Maintenance,Service,HVAC Service Technician,II,HVAC Service Technician - II,Field - Service,HVAC Service Tech II,Employee,Regular,FL,2021-04-19,5.37,1.0,40.0,Hourly,24.42,50793.6,24.42,6046.93,5070.41,509.15,4308.28,8261.65,74990.02,36.05,1.4764,clean
BAY-10232,Bayside Mechanical,Field Service - Repair & Maintenance,Service,HVAC Service Technician,II,HVAC Service Technician - II,Field - Service,HVAC Service Tech II,Employee,Regular,FL,2025-08-01,1.08,1.0,40.0,Hourly,32.55,67704.0,32.55,8060.1,6758.47,678.66,5742.61,8261.65,97205.49,46.73,1.4357,clean
BAY-10233,Bayside Mechanical,Field Service - Repair & Maintenance,Service,HVAC Service Technician,II,HVAC Service Technician - II,Field - Service,HVAC Service Tech II,Employee,FT,FL,2022-04-01,4.42,1.0,40.0,Hourly,30.23,62878.4,30.23,7485.62,6276.76,630.29,5333.3,8261.65,90866.02,43.69,1.4451,clean
BAY-10234,Bayside Mechanical,Field Service - Repair & Maintenance,Service,HVAC Service Technician,II,HVAC Service Technician - II,Field - Service,HVAC Service Tech II,Employee,Regular,FL,2015-08-18,11.04,1.0,40.0,Hourly,31.56,65644.8,31.56,7814.95,6552.91,658.02,5567.95,8261.65,94500.28,45.43,1.4396,clean
BAY-10235,Bayside Mechanical,Field Service - Repair & Maintenance,Service,HVAC Service Technician,II,HVAC Service Technician - II,Field - Service,HVAC Service Tech II,Employee,,FL,2024-01-20,2.61,1.0,40.0,Hourly,33.04,68723.2,33.04,8181.43,6860.21,688.88,5829.05,8261.65,98544.42,47.38,1.4339,clean
BAY-10236,Bayside Mechanical,Field Service - Repair & Maintenance,Service,HVAC Service Technician,II,HVAC Service Technician - II,Field - Service,HVAC Service Tech II,Employee,Full-Time,FL,2025-12-23,0.69,1.0,40.0,Hourly,27.75,57720.0,27.75,6871.51,5761.83,578.58,4895.77,8261.65,84089.34,40.43,1.4568,clean
BAY-10237,Bayside Mechanical,Field Service - Repair & Maintenance,Service,HVAC Service Technician,II,HVAC Service Technician - II,Field - Service,HVAC Service Tech II,Employee,,FL,2025-02-28,1.5,1.0,40.0,Hourly,26.09,54267.2,26.09,6460.46,5417.16,543.97,4602.91,8261.65,79553.35,38.25,1.466,clean
BAY-10238,Bayside Mechanical,Field Service - Repair & Maintenance,Service,HVAC Service Technician,II,HVAC Service Technician - II,Field - Service,HVAC Service Tech II,Employee,Regular,FL,2016-11-12,9.8,1.0,40.0,Hourly,25.06,52124.8,25.06,6205.41,5203.3,522.5,4421.19,8261.65,76738.85,36.89,1.4722,clean
BAY-10239,Bayside Mechanical,Field Service - Repair & Maintenance,Service,HVAC Service Technician,II,HVAC Service Technician - II,Field - Service,HVAC Service Tech II,Employee,Regular,FL,2024-07-12,2.14,1.0,40.0,Hourly,32.91,68452.8,32.91,8149.24,6833.22,686.17,5806.12,8261.65,98189.2,47.21,1.4344,clean
BAY-10240,Bayside Mechanical,Field Service - Repair & Maintenance,Service,HVAC Service Technician,II,HVAC Service Technician - II,Field - Service,HVAC Service Tech II,Employee,FT,FL,2023-06-18,3.2,1.0,40.0,Hourly,27.22,56617.6,27.22,6740.27,5651.78,567.53,4802.27,8261.65,82641.1,39.73,1.4596,clean
BAY-10241,Bayside Mechanical,Field Service - Repair & Maintenance,Service,HVAC Service Technician,II,HVAC Service Technician - II,Field - Service,HVAC Service Tech II,Employee,Full-Time,FL,2020-12-27,5.68,1.0,40.0,Hourly,29.6,61568.0,29.6,7329.61,6145.95,617.15,5222.16,8261.65,89144.52,42.86,1.4479,clean
BAY-10242,Bayside Mechanical,Field Service - Repair & Maintenance,Service,HVAC Service Technician,II,HVAC Service Technician - II,Field - Service,HVAC Service Tech II,Employee,Full-Time,FL,2018-02-06,8.56,1.0,40.0,Hourly,32.84,68307.2,32.84,8131.91,6818.68,684.71,5793.77,8261.65,97997.92,47.11,1.4347,clean
BAY-10243,Bayside Mechanical,Field Service - Repair & Maintenance,Service,HVAC Service Technician,II,HVAC Service Technician - II,Field - Service,HVAC Service Tech II,Employee,FT,FL,2023-07-22,3.11,1.0,40.0,Hourly,32.63,67870.4,32.63,8079.91,6775.08,680.33,5756.72,8261.65,97424.09,46.84,1.4354,clean
BAY-10244,Bayside Mechanical,Field Service - Repair & Maintenance,Service,HVAC Service Technician,II,HVAC Service Technician - II,Field - Service,HVAC Service Tech II,Employee,Regular,FL,2023-09-24,2.93,1.0,40.0,Hourly,33.09,68827.2,33.09,8193.82,6870.59,689.92,5837.88,8261.65,98681.06,47.44,1.4338,clean
BAY-10245,Bayside Mechanical,Field Service - Repair & Maintenance,Service,HVAC Service Technician,II,HVAC Service Technician - II,Field - Service,HVAC Service Tech II,Employee,Regular,FL,2020-02-01,6.58,1.0,40.0,Hourly,29.14,60611.2,29.14,7215.71,6050.44,607.56,5141.0,8261.65,87887.56,42.25,1.45,clean
BAY-10246,Bayside Mechanical,Field Service - Repair & Maintenance,Service,HVAC Service Technician,II,HVAC Service Technician - II,Field - Service,HVAC Service Tech II,Employee,Regular,FL,2023-09-23,2.94,1.0,40.0,Hourly,31.38,65270.4,31.38,7770.38,6515.54,654.27,5536.19,8261.65,94008.43,45.2,1.4403,clean
BAY-10247,Bayside Mechanical,Field Service - Repair & Maintenance,Service,HVAC Service Technician,II,HVAC Service Technician - II,Field - Service,HVAC Service Tech II,Employee,Regular,FL,2025-05-16,1.29,1.0,40.0,Hourly,25.21,52436.8,25.21,6242.55,5234.44,525.62,4447.65,8261.65,77148.71,37.09,1.4713,clean
BAY-10248,Bayside Mechanical,Field Service - Repair & Maintenance,Service,HVAC Service Technician,II,HVAC Service Technician - II,Field - Service,HVAC Service Tech II,Employee,Regular,FL,2021-12-26,4.68,1.0,40.0,Hourly,25.3,52624.0,25.3,6264.84,5253.13,527.5,4463.53,8261.65,77394.65,37.21,1.4707,clean
BAY-10249,Bayside Mechanical,Field Service - Repair & Maintenance,Service,HVAC Service Technician,II,HVAC Service Technician - II,Field - Service,HVAC Service Tech II,Employee,Full-Time,FL,2022-07-17,4.12,1.0,40.0,Hourly,31.02,64521.6,31.02,7681.24,6440.79,646.76,5472.68,8261.65,93024.72,44.72,1.4418,clean
BAY-10250,Bayside Mechanical,Field Service - Repair & Maintenance,Service,HVAC Service Technician,II,HVAC Service Technician - II,Field - Service,HVAC Service Tech II,Employee,Full-Time,FL,2016-10-11,9.89,1.0,40.0,Hourly,26.99,56139.2,26.99,6683.32,5604.03,562.74,4761.69,8261.65,82012.63,39.43,1.4609,clean
BAY-10251,Bayside Mechanical,Field Service - Repair & Maintenance,Service,HVAC Service Technician,II,HVAC Service Technician - II,Field - Service,HVAC Service Tech II,Employee,Regular,FL,2024-01-20,2.61,1.0,40.0,Hourly,26.21,54516.8,26.21,6490.18,5442.07,546.47,4624.08,8261.65,79881.25,38.4,1.4653,clean
BAY-10252,Bayside Mechanical,Field Service - Repair & Maintenance,Service,HVAC Service Technician,II,HVAC Service Technician - II,Field - Service,HVAC Service Tech II,Employee,,FL,2026-05-08,0.31,1.0,40.0,Hourly,32.24,67059.2,32.24,7983.34,6694.1,672.2,5687.92,8261.65,96358.41,46.33,1.4369,clean
BAY-10253,Bayside Mechanical,Field Service - Repair & Maintenance,Service,HVAC Service Technician,II,HVAC Service Technician - II,Field - Service,HVAC Service Tech II,Employee,,FL,2014-05-31,12.25,1.0,40.0,Hourly,31.87,66289.6,31.87,7891.72,6617.28,664.48,5622.64,8261.65,95347.37,45.84,1.4383,clean
BAY-10254,Bayside Mechanical,Field Service - Repair & Maintenance,Service,HVAC Service Technician,II,HVAC Service Technician - II,Field - Service,HVAC Service Tech II,Employee,FT,FL,2022-06-26,4.18,1.0,40.0,Hourly,27.95,58136.0,27.95,6921.04,5803.36,582.75,4931.06,8261.65,84635.86,40.69,1.4558,clean
BAY-10255,Bayside Mechanical,Field Service - Repair & Maintenance,Service,HVAC Service Technician,II,HVAC Service Technician - II,Field - Service,HVAC Service Tech II,Employee,FT,FL,2025-06-18,1.2,1.0,40.0,Hourly,26.52,55161.6,26.52,6566.94,5506.44,552.94,4678.77,8261.65,80728.34,38.81,1.4635,clean
BAY-10256,Bayside Mechanical,Field Service - Repair & Maintenance,Service,HVAC Service Technician,II,HVAC Service Technician - II,Field - Service,HVAC Service Tech II,Employee,Full-Time,FL,2023-12-29,2.67,1.0,40.0,Hourly,27.15,56472.0,27.15,6722.94,5637.25,566.07,4789.92,8261.65,82449.83,39.64,1.46,clean
BAY-10257,Bayside Mechanical,Field Service - Repair & Maintenance,Service,HVAC Service Technician,II,HVAC Service Technician - II,Field - Service,HVAC Service Tech II,Employee,FT,FL,2024-11-10,1.8,1.0,40.0,Hourly,28.43,59134.4,28.43,7039.9,5903.02,592.76,5015.74,8261.65,85947.47,41.32,1.4534,pay_rate_imputed
BAY-10258,Bayside Mechanical,Field Service - Repair & Maintenance,Service,HVAC Service Technician,II,HVAC Service Technician - II,Field - Service,HVAC Service Tech II,Employee,FT,FL,2024-10-09,1.89,1.0,40.0,Hourly,33.41,69492.8,33.41,8273.06,6937.04,696.59,5894.33,8261.65,99555.47,47.86,1.4326,clean
BAY-10259,Bayside Mechanical,Field Service - Repair & Maintenance,Service,HVAC Service Technician,II,HVAC Service Technician - II,Field - Service,HVAC Service Tech II,Employee,Regular,FL,2023-07-09,3.15,1.0,40.0,Hourly,25.28,52582.4,25.28,6259.89,5248.97,527.08,4460.0,8261.65,77339.99,37.18,1.4708,clean
BAY-10260,Bayside Mechanical,Field Service - Repair & Maintenance,Service,HVAC Service Technician,II,HVAC Service Technician - II,Field - Service,HVAC Service Tech II,Employee,Full-Time,FL,2023-07-18,3.12,1.0,40.0,Hourly,25.17,52353.6,25.17,6232.65,5226.14,524.79,4440.6,8261.65,77039.43,37.04,1.4715,clean
BAY-10261,Bayside Mechanical,Field Service - Repair & Maintenance,Service,HVAC Service Technician,II,HVAC Service Technician - II,Field - Service,HVAC Service Tech II,Employee,Regular,FL,2023-11-07,2.81,1.0,40.0,Hourly,26.75,55640.0,26.75,6623.89,5554.2,557.73,4719.35,8261.65,81356.82,39.11,1.4622,clean
BAY-10262,Bayside Mechanical,Field Service - Repair & Maintenance,Service,HVAC Service Technician,II,HVAC Service Technician - II,Field - Service,HVAC Service Tech II,Employee,Regular,FL,2024-05-22,2.28,1.0,40.0,Hourly,29.33,61006.4,29.33,7262.76,6089.89,611.53,5174.52,8261.65,88406.75,42.5,1.4491,clean
BAY-10263,Bayside Mechanical,Field Service - Repair & Maintenance,Service,HVAC Service Technician,II,HVAC Service Technician - II,Field - Service,HVAC Service Tech II,Employee,Regular,FL,2023-03-31,3.42,1.0,40.0,Hourly,27.81,57844.8,27.81,6886.37,5774.29,579.83,4906.36,8261.65,84253.3,40.51,1.4565,clean
BAY-10264,Bayside Mechanical,Field Service - Repair & Maintenance,Service,HVAC Service Technician,II,HVAC Service Technician - II,Field - Service,HVAC Service Tech II,Employee,Full-Time,FL,2021-06-18,5.2,1.0,40.0,Hourly,26.51,55140.8,26.51,6564.46,5504.36,552.73,4677.0,8261.65,80701.0,38.8,1.4635,clean
BAY-10265,Bayside Mechanical,Field Service - Repair & Maintenance,Service,HVAC Service Technician,II,HVAC Service Technician - II,Field - Service,HVAC Service Tech II,Employee,Full-Time,FL,2024-12-31,1.66,1.0,40.0,Hourly,32.47,67537.6,32.47,8040.29,6741.86,676.99,5728.49,8261.65,96986.88,46.63,1.436,clean
BAY-10266,Bayside Mechanical,Field Service - Repair & Maintenance,Service,HVAC Service Technician,II,HVAC Service Technician - II,Field - Service,HVAC Service Tech II,Employee,Regular,FL,2023-05-11,3.31,1.0,40.0,Hourly,33.74,70179.2,33.74,8354.77,7005.55,703.47,5952.55,8261.65,100457.19,48.3,1.4314,clean
BAY-10267,Bayside Mechanical,Field Service - Repair & Maintenance,Service,HVAC Service Technician,II,HVAC Service Technician - II,Field - Service,HVAC Service Tech II,Employee,Regular,FL,2025-06-26,1.18,1.0,40.0,Hourly,33.58,69846.4,33.58,8315.15,6972.33,700.14,5924.32,8261.65,100019.99,48.09,1.432,clean
BAY-10268,Bayside Mechanical,Field Service - Repair & Maintenance,Service,HVAC Service Technician,II,HVAC Service Technician - II,Field - Service,HVAC Service Tech II,Employee,FT,FL,2025-01-29,1.59,1.0,40.0,Hourly,25.22,52457.6,25.22,6245.03,5236.52,525.83,4449.42,8261.65,77176.05,37.1,1.4712,clean
BAY-10269,Bayside Mechanical,Field Service - Repair & Maintenance,Service,HVAC Service Technician,II,HVAC Service Technician - II,Field - Service,HVAC Service Tech II,Employee,Regular,FL,2017-01-29,9.59,1.0,40.0,Hourly,25.77,53601.6,25.77,6381.22,5350.72,537.3,4546.45,8261.65,78678.94,37.83,1.4678,clean
BAY-10270,Bayside Mechanical,Field Service - Repair & Maintenance,Service,HVAC Service Technician,II,HVAC Service Technician - II,Field - Service,HVAC Service Tech II,Employee,Regular,FL,2016-03-29,10.42,1.0,40.0,Hourly,31.1,64688.0,31.1,7701.05,6457.4,648.43,5486.79,8261.65,93243.32,44.83,1.4414,clean
BAY-10271,Bayside Mechanical,Field Service - Repair & Maintenance,Service,HVAC Service Technician,II,HVAC Service Technician - II,Field - Service,HVAC Service Tech II,Employee,Regular,FL,2024-10-21,1.86,1.0,40.0,Hourly,29.45,61256.0,29.45,7292.47,6114.81,614.03,5195.69,8261.65,88734.65,42.66,1.4486,clean
BAY-10272,Bayside Mechanical,Field Service - Repair & Maintenance,Service,HVAC Service Technician,II,HVAC Service Technician - II,Field - Service,HVAC Service Tech II,Employee,,FL,2021-07-18,5.12,1.0,40.0,Hourly,26.79,55723.2,26.79,6633.8,5562.5,558.57,4726.4,8261.65,81466.12,39.17,1.462,clean
BAY-10273,Bayside Mechanical,Field Service - Repair & Maintenance,Service,HVAC Service Technician,II,HVAC Service Technician - II,Field - Service,HVAC Service Tech II,Employee,Regular,FL,2025-03-09,1.48,1.0,40.0,Hourly,32.84,68307.2,32.84,8131.91,6818.68,684.71,5793.77,8261.65,97997.92,47.11,1.4347,clean
BAY-10274,Bayside Mechanical,Field Service - Repair & Maintenance,Service,HVAC Service Technician,II,HVAC Service Technician - II,Field - Service,HVAC Service Tech II,Employee,Full-Time,FL,2023-10-03,2.91,1.0,40.0,Hourly,27.82,57865.6,27.82,6888.85,5776.36,580.04,4908.12,8261.65,84280.62,40.52,1.4565,clean
BAY-10275,Bayside Mechanical,Field Service - Repair & Maintenance,Service,HVAC Service Technician,II,HVAC Service Technician - II,Field - Service,HVAC Service Tech II,Employee,FT,FL,2023-06-12,3.22,1.0,40.0,Hourly,26.46,55036.8,26.46,6552.08,5493.98,551.69,4668.18,8261.65,80564.38,38.73,1.4638,clean
BAY-10276,Bayside Mechanical,Field Service - Repair & Maintenance,Service,HVAC Service Technician,II,HVAC Service Technician - II,Field - Service,HVAC Service Tech II,Employee,FT,FL,2024-08-10,2.06,1.0,40.0,Hourly,28.43,59134.4,28.43,7039.9,5903.02,592.76,5015.74,8261.65,85947.47,41.32,1.4534,clean
BAY-10277,Bayside Mechanical,Field Service - Repair & Maintenance,Service,HVAC Service Technician,II,HVAC Service Technician - II,Field - Service,HVAC Service Tech II,Employee,Regular,FL,2021-03-16,5.46,1.0,40.0,Hourly,32.31,67204.8,32.31,8000.67,6708.64,673.66,5700.26,8261.65,96549.68,46.42,1.4366,clean
BAY-10278,Bayside Mechanical,Field Service - Repair & Maintenance,Service,HVAC Service Technician,II,HVAC Service Technician - II,Field - Service,HVAC Service Tech II,Employee,,FL,2023-05-06,3.32,1.0,40.0,Hourly,24.11,50148.8,24.11,5970.17,5006.04,502.69,4253.59,8261.65,74142.94,35.65,1.4785,clean
BAY-10279,Bayside Mechanical,Field Service - Repair & Maintenance,Service,HVAC Service Technician,II,HVAC Service Technician - II,Field - Service,HVAC Service Tech II,Employee,Full-Time,FL,2023-12-15,2.71,1.0,40.0,Hourly,30.51,63460.8,30.51,7554.95,6334.9,636.13,5382.7,8261.65,91631.13,44.05,1.4439,clean
BAY-10280,Bayside Mechanical,Field Service - Repair & Maintenance,Service,HVAC Service Technician,III,HVAC Service Technician - III,Field - Service,HVAC Service Tech III,Employee,Regular,FL,2024-12-06,1.73,1.0,40.0,Hourly,39.71,82596.8,39.71,9833.07,8245.13,827.95,7005.8,8261.65,116770.4,56.14,1.4137,clean
BAY-10281,Bayside Mechanical,Field Service - Repair & Maintenance,Service,HVAC Service Technician,III,HVAC Service Technician - III,Field - Service,HVAC Service Tech III,Employee,Regular,FL,2022-07-12,4.14,1.0,40.0,Hourly,37.44,77875.2,37.44,9270.97,7773.8,780.62,6605.32,8261.65,110567.56,53.16,1.4198,pay_rate_imputed
BAY-10282,Bayside Mechanical,Field Service - Repair & Maintenance,Service,HVAC Service Technician,III,HVAC Service Technician - III,Field - Service,HVAC Service Tech III,Employee,Full-Time,FL,2022-08-07,4.07,1.0,40.0,Hourly,41.01,85300.8,41.01,10154.98,8515.05,855.05,7235.16,8261.65,120322.69,57.85,1.4106,clean
BAY-10283,Bayside Mechanical,Field Service - Repair & Maintenance,Service,HVAC Service Technician,III,HVAC Service Technician - III,Field - Service,HVAC Service Tech III,Employee,Full-Time,FL,2023-01-16,3.62,1.0,40.0,Hourly,38.47,80017.6,38.47,9526.02,7987.66,802.09,6787.04,8261.65,113382.06,54.51,1.417,clean
BAY-10284,Bayside Mechanical,Field Service - Repair & Maintenance,Service,HVAC Service Technician,III,HVAC Service Technician - III,Field - Service,HVAC Service Tech III,Employee,Regular,FL,2022-05-06,4.32,1.0,40.0,Hourly,39.58,82326.4,39.58,9800.88,8218.13,825.24,6982.87,8261.65,116415.17,55.97,1.4141,clean
BAY-10285,Bayside Mechanical,Field Service - Repair & Maintenance,Service,HVAC Service Technician,III,HVAC Service Technician - III,Field - Service,HVAC Service Tech III,Employee,FT,FL,2024-06-14,2.21,1.0,40.0,Hourly,35.51,73860.8,35.51,8793.06,7373.07,740.38,6264.82,8261.65,105293.78,50.62,1.4256,clean
BAY-10286,Bayside Mechanical,Field Service - Repair & Maintenance,Service,HVAC Service Technician,III,HVAC Service Technician - III,Field - Service,HVAC Service Tech III,Employee,Full-Time,FL,2018-09-24,7.93,1.0,40.0,Hourly,35.08,72966.4,35.08,8686.58,7283.78,731.41,6188.96,8261.65,104118.78,50.06,1.4269,clean
BAY-10287,Bayside Mechanical,Field Service - Repair & Maintenance,Service,HVAC Service Technician,III,HVAC Service Technician - III,Field - Service,HVAC Service Tech III,Employee,,FL,2025-05-31,1.25,1.0,40.0,Hourly,43.53,90542.4,43.53,10778.99,9038.29,907.59,7679.74,8261.65,127208.66,61.16,1.405,clean
BAY-10288,Bayside Mechanical,Field Service - Repair & Maintenance,Service,HVAC Service Technician,III,HVAC Service Technician - III,Field - Service,HVAC Service Tech III,Employee,FT,FL,2025-04-07,1.4,1.0,40.0,Hourly,37.23,77438.4,37.23,9218.97,7730.19,776.24,6568.27,8261.65,109993.72,52.88,1.4204,clean
BAY-10289,Bayside Mechanical,Field Service - Repair & Maintenance,Service,HVAC Service Technician,III,HVAC Service Technician - III,Field - Service,HVAC Service Tech III,Employee,,FL,2026-04-28,0.34,1.0,40.0,Hourly,36.02,74921.6,36.02,8919.35,7478.96,751.01,6354.8,8261.65,106687.37,51.29,1.424,clean
BAY-10290,Bayside Mechanical,Field Service - Repair & Maintenance,Service,HVAC Service Technician,III,HVAC Service Technician - III,Field - Service,HVAC Service Tech III,Employee,FT,FL,2018-02-09,8.56,1.0,40.0,Hourly,36.37,75649.6,36.37,9006.02,7551.63,758.31,6416.55,8261.65,107643.76,51.75,1.4229,clean
BAY-10291,Bayside Mechanical,Field Service - Repair & Maintenance,Service,HVAC Service Technician,III,HVAC Service Technician - III,Field - Service,HVAC Service Tech III,Employee,,FL,2019-05-08,7.32,1.0,40.0,Hourly,35.81,74484.8,35.81,8867.35,7435.36,746.63,6317.75,8261.65,106113.54,51.02,1.4246,clean
BAY-10292,Bayside Mechanical,Field Service - Repair & Maintenance,Service,HVAC Service Technician,III,HVAC Service Technician - III,Field - Service,HVAC Service Tech III,Employee,FT,FL,2025-11-16,0.79,1.0,40.0,Hourly,42.21,87796.8,42.21,10452.13,8764.21,880.07,7446.86,8261.65,123601.72,59.42,1.4078,clean
BAY-10293,Bayside Mechanical,Field Service - Repair & Maintenance,Service,HVAC Service Technician,III,HVAC Service Technician - III,Field - Service,HVAC Service Tech III,Employee,Regular,FL,2024-01-13,2.63,1.0,40.0,Hourly,34.15,71032.0,34.15,8456.3,7090.68,712.02,6024.89,8261.65,101577.54,48.84,1.43,clean
BAY-10294,Bayside Mechanical,Field Service - Repair & Maintenance,Service,HVAC Service Technician,III,HVAC Service Technician - III,Field - Service,HVAC Service Tech III,Employee,Regular,FL,2026-04-03,0.41,1.0,40.0,Hourly,40.65,84552.0,40.65,10065.84,8440.3,847.54,7171.64,8261.65,119338.97,57.37,1.4114,clean
BAY-10295,Bayside Mechanical,Field Service - Repair & Maintenance,Service,HVAC Service Technician,III,HVAC Service Technician - III,Field - Service,HVAC Service Tech III,Employee,Full-Time,FL,2024-12-13,1.71,1.0,40.0,Hourly,39.11,81348.8,39.11,9684.5,8120.55,815.44,6899.95,8261.65,115130.89,55.35,1.4153,clean
BAY-10296,Bayside Mechanical,Field Service - Repair & Maintenance,Service,HVAC Service Technician,III,HVAC Service Technician - III,Field - Service,HVAC Service Tech III,Employee,FT,FL,2019-04-09,7.39,1.0,40.0,Hourly,37.53,78062.4,37.53,9293.26,7792.49,782.49,6621.2,8261.65,110813.49,53.28,1.4196,clean
BAY-10297,Bayside Mechanical,Field Service - Repair & Maintenance,Service,HVAC Service Technician,III,HVAC Service Technician - III,Field - Service,HVAC Service Tech III,Employee,Regular,FL,2011-10-15,14.88,1.0,40.0,Hourly,38.29,79643.2,38.29,9481.45,7950.29,798.34,6755.28,8261.65,112890.21,54.27,1.4174,clean
BAY-10298,Bayside Mechanical,Field Service - Repair & Maintenance,Service,HVAC Service Technician,III,HVAC Service Technician - III,Field - Service,HVAC Service Tech III,Employee,,FL,2016-12-30,9.67,1.0,40.0,Hourly,39.75,82680.0,39.75,9842.98,8253.43,828.78,7012.86,8261.65,116879.7,56.19,1.4136,clean
BAY-10299,Bayside Mechanical,Field Service - Repair & Maintenance,Service,HVAC Service Technician,III,HVAC Service Technician - III,Field - Service,HVAC Service Tech III,Employee,,FL,2024-11-25,1.76,1.0,40.0,Hourly,37.52,78041.6,37.52,9290.78,7790.41,782.29,6619.43,8261.65,110786.16,53.26,1.4196,clean
BAY-10300,Bayside Mechanical,Field Service - Repair & Maintenance,Service,HVAC Service Technician,III,HVAC Service Technician - III,Field - Service,HVAC Service Tech III,Employee,,FL,2024-09-04,1.99,1.0,40.0,Hourly,37.44,77875.2,37.44,9270.97,7773.8,780.62,6605.32,8261.65,110567.56,53.16,1.4198,clean
BAY-10301,Bayside Mechanical,Field Service - Repair & Maintenance,Service,HVAC Service Technician,III,HVAC Service Technician - III,Field - Service,HVAC Service Tech III,Employee,Regular,FL,2019-11-22,6.77,1.0,40.0,Hourly,35.25,73320.0,35.25,8728.68,7319.08,734.96,6218.95,8261.65,104583.32,50.28,1.4264,clean
BAY-10302,Bayside Mechanical,Field Service - Repair & Maintenance,Service,HVAC Service Technician,III,HVAC Service Technician - III,Field - Service,HVAC Service Tech III,Employee,FT,FL,2016-11-30,9.75,1.0,40.0,Hourly,43.37,90209.6,43.37,10739.37,9005.06,904.26,7651.52,8261.65,126771.46,60.95,1.4053,clean
BAY-10303,Bayside Mechanical,Field Service - Repair & Maintenance,Service,HVAC Service Technician,III,HVAC Service Technician - III,Field - Service,HVAC Service Tech III,Employee,Full-Time,FL,2014-06-28,12.18,1.0,40.0,Hourly,39.74,82659.2,39.74,9840.5,8251.36,828.57,7011.1,8261.65,116852.38,56.18,1.4137,clean
BAY-10304,Bayside Mechanical,Field Service - Repair & Maintenance,Service,HVAC Service Technician,III,HVAC Service Technician - III,Field - Service,HVAC Service Tech III,Employee,Regular,FL,2026-02-24,0.51,1.0,40.0,Hourly,37.3,77584.0,37.3,9236.31,7744.73,777.7,6580.62,8261.65,110185.01,52.97,1.4202,clean
BAY-10305,Bayside Mechanical,Field Service - Repair & Maintenance,Service,HVAC Service Technician,III,HVAC Service Technician - III,Field - Service,HVAC Service Tech III,Employee,Regular,FL,2024-08-20,2.03,1.0,40.0,Hourly,43.6,90688.0,43.6,10796.32,9052.82,909.05,7692.09,8261.65,127399.93,61.25,1.4048,clean
BAY-10306,Bayside Mechanical,Field Service - Repair & Maintenance,Service,HVAC Service Technician,III,HVAC Service Technician - III,Field - Service,HVAC Service Tech III,Employee,Regular,FL,2023-01-31,3.58,1.0,40.0,Hourly,34.96,72716.8,34.96,8656.87,7258.87,728.91,6167.79,8261.65,103790.89,49.9,1.4273,clean
BAY-10307,Bayside Mechanical,Field Service - Repair & Maintenance,Service,HVAC Service Technician,III,HVAC Service Technician - III,Field - Service,HVAC Service Tech III,Employee,FT,FL,2024-01-16,2.62,1.0,40.0,Hourly,34.47,71697.6,34.47,8535.53,7157.13,718.69,6081.34,8261.65,102451.94,49.26,1.4289,clean
BAY-10308,Bayside Mechanical,Field Service - Repair & Maintenance,Service,HVAC Service Technician,III,HVAC Service Technician - III,Field - Service,HVAC Service Tech III,Employee,Full-Time,FL,2024-06-16,2.21,1.0,40.0,Hourly,37.2,77376.0,37.2,9211.54,7723.97,775.61,6562.98,8261.65,109911.75,52.84,1.4205,clean
BAY-10309,Bayside Mechanical,Field Service - Repair & Maintenance,Service,HVAC Service Technician,III,HVAC Service Technician - III,Field - Service,HVAC Service Tech III,Employee,Regular,FL,2022-04-05,4.41,1.0,40.0,Hourly,34.02,70761.6,34.02,8424.1,7063.69,709.31,6001.95,8261.65,101222.3,48.66,1.4305,clean
BAY-10310,Bayside Mechanical,Field Service - Repair & Maintenance,Service,HVAC Service Technician,III,HVAC Service Technician - III,Field - Service,HVAC Service Tech III,Employee,FT,FL,2023-06-16,3.21,1.0,40.0,Hourly,36.63,76190.4,36.63,9070.4,7605.61,763.73,6462.42,8261.65,108354.21,52.09,1.4222,clean
BAY-10311,Bayside Mechanical,Field Service - Repair & Maintenance,Service,HVAC Service Technician,III,HVAC Service Technician - III,Field - Service,HVAC Service Tech III,Employee,,FL,2025-09-29,0.92,1.0,40.0,Hourly,36.35,75608.0,36.35,9001.06,7547.48,757.89,6413.02,8261.65,107589.1,51.73,1.423,clean
GLC-10113,Great Lakes Comfort Systems,Field Service - Repair & Maintenance,Service - HVAC,HVAC Service Technician,Unspecified,HVAC Service Technician - Unspecified,Field - Service,Technician,Employee,Regular,MI,2018-09-15,7.96,1.0,40.0,Hourly,20.29,42203.2,20.29,5024.25,4212.88,423.04,3579.65,8261.65,63704.67,30.63,1.5095,clean
GLC-10114,Great Lakes Comfort Systems,Field Service - Repair & Maintenance,Service - HVAC,HVAC Service Technician,Unspecified,HVAC Service Technician - Unspecified,Field - Service,Technician,Employee,Regular,MI,2022-01-29,4.59,1.0,40.0,Hourly,17.2,35776.0,17.2,4259.1,3571.3,358.62,3034.5,8261.65,55261.17,26.57,1.5446,clean
GLC-10115,Great Lakes Comfort Systems,Field Service - Repair & Maintenance,Service - HVAC,HVAC Service Technician,Unspecified,HVAC Service Technician - Unspecified,Field - Service,Technician,Employee,Full-Time,MI,2015-07-03,11.16,1.0,40.0,Hourly,19.67,40913.6,19.67,4870.73,4084.15,410.12,3470.26,8261.65,62010.51,29.81,1.5156,clean
GLC-10117,Great Lakes Comfort Systems,Field Service - Repair & Maintenance,Service - HVAC,HVAC Service Technician,Unspecified,HVAC Service Technician - Unspecified,Field - Service,Technician,Employee,,MI,2025-01-03,1.66,1.0,40.0,Hourly,17.86,37148.8,17.86,4422.53,3708.33,372.38,3150.94,8261.65,57064.63,27.43,1.5361,clean
GLC-10118,Great Lakes Comfort Systems,Field Service - Repair & Maintenance,Service - HVAC,HVAC Service Technician,Unspecified,HVAC Service Technician - Unspecified,Field - Service,Technician,Employee,FT,MI,2024-10-09,1.89,1.0,40.0,Hourly,20.44,42515.2,20.44,5061.4,4244.03,426.17,3606.11,8261.65,64114.56,30.82,1.508,clean
GLC-10120,Great Lakes Comfort Systems,Field Service - Repair & Maintenance,Service - HVAC,HVAC Service Technician,Unspecified,HVAC Service Technician - Unspecified,Field - Service,Technician,Employee,Regular,MI,2019-12-10,6.72,1.0,40.0,Hourly,21.86,45468.8,21.86,5413.02,4538.87,455.78,3856.63,8261.65,67994.75,32.69,1.4954,clean
GLC-10121,Great Lakes Comfort Systems,Field Service - Repair & Maintenance,Service - HVAC,HVAC Service Technician,Unspecified,HVAC Service Technician - Unspecified,Field - Service,Technician,Employee,Full-Time,MI,2020-12-26,5.68,1.0,40.0,Hourly,18.35,38168.0,18.35,4543.87,3810.07,382.59,3237.38,8261.65,58403.56,28.08,1.5302,clean
GLC-10122,Great Lakes Comfort Systems,Field Service - Repair & Maintenance,Service - HVAC,HVAC Service Technician,Unspecified,HVAC Service Technician - Unspecified,Field - Service,Technician,Employee,FT,MI,2022-02-07,4.56,1.0,40.0,Hourly,20.3,42224.0,20.3,5026.73,4214.96,423.25,3581.41,8261.65,63732.0,30.64,1.5094,clean
GLC-10124,Great Lakes Comfort Systems,Field Service - Repair & Maintenance,Service - HVAC,HVAC Service Technician,Unspecified,HVAC Service Technician - Unspecified,Field - Service,Technician,Employee,Full-Time,MI,2017-03-02,9.5,1.0,40.0,Hourly,19.44,40435.2,19.44,4813.77,4036.4,405.32,3429.69,8261.65,61382.03,29.51,1.518,clean
GLC-10125,Great Lakes Comfort Systems,Field Service - Repair & Maintenance,Service - HVAC,HVAC Service Technician,Unspecified,HVAC Service Technician - Unspecified,Field - Service,Technician,Employee,,MI,2021-11-12,4.8,1.0,40.0,Hourly,20.47,42577.6,20.47,5068.82,4250.26,426.8,3611.4,8261.65,64196.53,30.86,1.5078,clean
GLC-10126,Great Lakes Comfort Systems,Field Service - Repair & Maintenance,Service - HVAC,HVAC Service Technician,Unspecified,HVAC Service Technician - Unspecified,Field - Service,Technician,Employee,,MI,2025-12-04,0.74,1.0,40.0,Hourly,21.33,44366.4,21.33,5281.78,4428.82,444.73,3763.13,8261.65,66546.51,31.99,1.4999,clean
GLC-10127,Great Lakes Comfort Systems,Field Service - Repair & Maintenance,Service - HVAC,HVAC Service Technician,Unspecified,HVAC Service Technician - Unspecified,Field - Service,Technician,Employee,Regular,MI,2025-04-15,1.38,1.0,40.0,Hourly,19.59,40747.2,19.59,4850.92,4067.54,408.45,3456.15,8261.65,61791.91,29.71,1.5165,clean
GLC-10128,Great Lakes Comfort Systems,Field Service - Repair & Maintenance,Service - HVAC,HVAC Service Technician,Unspecified,HVAC Service Technician - Unspecified,Field - Service,Technician,Employee,Full-Time,MI,2023-04-26,3.35,1.0,40.0,Hourly,19.47,40497.6,19.47,4821.2,4042.62,405.95,3434.98,8261.65,61464.0,29.55,1.5177,clean
GLC-10131,Great Lakes Comfort Systems,Field Service - Repair & Maintenance,Service - HVAC,HVAC Service Technician,Unspecified,HVAC Service Technician - Unspecified,Field - Service,Technician,Employee,Regular,MI,2024-10-22,1.86,1.0,40.0,Hourly,18.61,38708.8,18.61,4608.25,3864.06,388.02,3283.25,8261.65,59114.03,28.42,1.5271,clean
GLC-10132,Great Lakes Comfort Systems,Field Service - Repair & Maintenance,Service - HVAC,HVAC Service Technician,Unspecified,HVAC Service Technician - Unspecified,Field - Service,Technician,Employee,Full-Time,MI,2020-11-24,5.77,1.0,40.0,Hourly,20.92,43513.6,20.92,5180.25,4343.69,436.18,3690.79,8261.65,65426.16,31.45,1.5036,clean
GLC-10133,Great Lakes Comfort Systems,Field Service - Repair & Maintenance,Service - HVAC,HVAC Service Technician,Unspecified,HVAC Service Technician - Unspecified,Field - Service,Technician,Employee,Regular,MI,2023-09-11,2.97,1.0,40.0,Hourly,18.61,38708.8,18.61,4608.25,3864.06,388.02,3283.25,8261.65,59114.03,28.42,1.5271,clean
GLC-10134,Great Lakes Comfort Systems,Field Service - Repair & Maintenance,Service - HVAC,HVAC Service Technician,Unspecified,HVAC Service Technician - Unspecified,Field - Service,Technician,Employee,FT,MI,2020-02-08,6.56,1.0,40.0,Hourly,21.08,43846.4,21.08,5219.87,4376.91,439.51,3719.02,8261.65,65863.36,31.67,1.5021,clean
GLC-10136,Great Lakes Comfort Systems,Field Service - Repair & Maintenance,Service - HVAC,HVAC Service Technician,Unspecified,HVAC Service Technician - Unspecified,Field - Service,Technician,Employee,FT,MI,2025-09-29,0.92,1.0,40.0,Hourly,20.11,41828.8,20.11,4979.68,4175.51,419.29,3547.89,8261.65,63212.82,30.39,1.5112,clean
GLC-10137,Great Lakes Comfort Systems,Field Service - Repair & Maintenance,Service - HVAC,HVAC Service Technician,Unspecified,HVAC Service Technician - Unspecified,Field - Service,Technician,Employee,Regular,MI,2024-12-22,1.69,1.0,40.0,Hourly,28.73,59758.4,28.73,7114.18,5965.31,599.02,5068.67,8261.65,86767.23,41.72,1.452,pay_basis_imputed;pay_rate_imputed
GLC-10138,Great Lakes Comfort Systems,Field Service - Repair & Maintenance,Service - HVAC,HVAC Service Technician,Unspecified,HVAC Service Technician - Unspecified,Field - Service,Technician,Employee,Regular,MI,2023-05-03,3.33,1.0,40.0,Hourly,17.05,35464.0,17.05,4221.96,3540.15,355.49,3008.03,8261.65,54851.28,26.37,1.5467,clean
GLC-10140,Great Lakes Comfort Systems,Field Service - Repair & Maintenance,Service - HVAC,HVAC Service Technician,Unspecified,HVAC Service Technician - Unspecified,Field - Service,Technician,Employee,Full-Time,MI,2024-07-29,2.09,1.0,40.0,Hourly,20.16,41932.8,20.16,4992.06,4185.89,420.33,3556.71,8261.65,63349.44,30.46,1.5107,clean
GLC-10141,Great Lakes Comfort Systems,Field Service - Repair & Maintenance,Service - HVAC,HVAC Service Technician,Unspecified,HVAC Service Technician - Unspecified,Field - Service,Technician,Employee,Regular,MI,2024-03-16,2.46,1.0,40.0,Hourly,20.53,42702.4,20.53,5083.68,4262.72,428.05,3621.99,8261.65,64360.49,30.94,1.5072,clean
GLC-10142,Great Lakes Comfort Systems,Field Service - Repair & Maintenance,Service - HVAC,HVAC Service Technician,Unspecified,HVAC Service Technician - Unspecified,Field - Service,Technician,Employee,Regular,MI,2025-02-19,1.53,1.0,40.0,Hourly,21.22,44137.6,21.22,5254.54,4405.98,442.43,3743.72,8261.65,66245.92,31.85,1.5009,clean
GLC-10145,Great Lakes Comfort Systems,Field Service - Repair & Maintenance,Service - HVAC,HVAC Service Technician,Unspecified,HVAC Service Technician - Unspecified,Field - Service,Technician,Employee,,MI,2026-04-07,0.4,1.0,40.0,Hourly,28.08,58406.4,28.08,6953.23,5830.35,585.46,4953.99,8261.65,84991.08,40.86,1.4552,clean
GLC-10147,Great Lakes Comfort Systems,Field Service - Repair & Maintenance,Service - HVAC,HVAC Service Technician,Unspecified,HVAC Service Technician - Unspecified,Field - Service,Technician,Employee,FT,MI,2019-11-19,6.78,1.0,40.0,Hourly,28.88,60070.4,28.88,7151.33,5996.46,602.14,5095.13,8261.65,87177.11,41.91,1.4512,clean
GLC-10148,Great Lakes Comfort Systems,Field Service - Repair & Maintenance,Service - HVAC,HVAC Service Technician,Unspecified,HVAC Service Technician - Unspecified,Field - Service,Technician,Employee,FT,MI,2023-05-10,3.31,1.0,40.0,Hourly,24.28,50502.4,24.28,6012.27,5041.34,506.23,4283.58,8261.65,74607.47,35.87,1.4773,clean
GLC-10150,Great Lakes Comfort Systems,Field Service - Repair & Maintenance,Service - HVAC,HVAC Service Technician,Unspecified,HVAC Service Technician - Unspecified,Field - Service,Technician,Employee,Full-Time,MI,2024-04-30,2.34,1.0,40.0,Hourly,26.46,55036.8,26.46,6552.08,5493.98,551.69,4668.18,8261.65,80564.38,38.73,1.4638,clean
GLC-10152,Great Lakes Comfort Systems,Field Service - Repair & Maintenance,Service - HVAC,HVAC Service Technician,Unspecified,HVAC Service Technician - Unspecified,Field - Service,Technician,Employee,Regular,MI,2025-02-13,1.54,1.0,40.0,Hourly,27.96,58156.8,27.96,6923.51,5805.43,582.96,4932.82,8261.65,84663.17,40.7,1.4558,clean
GLC-10153,Great Lakes Comfort Systems,Field Service - Repair & Maintenance,Service - HVAC,HVAC Service Technician,Unspecified,HVAC Service Technician - Unspecified,Field - Service,Technician,Employee,Regular,MI,2026-04-13,0.38,1.0,40.0,Hourly,28.73,59758.4,28.73,7114.18,5965.31,599.02,5068.67,8261.65,86767.23,41.72,1.452,clean
GLC-10154,Great Lakes Comfort Systems,Field Service - Repair & Maintenance,Service - HVAC,HVAC Service Technician,Unspecified,HVAC Service Technician - Unspecified,Field - Service,Technician,Employee,Regular,MI,2025-12-28,0.67,1.0,40.0,Hourly,28.79,59883.2,28.79,7129.04,5977.77,600.27,5079.25,8261.65,86931.18,41.79,1.4517,clean
GLC-10155,Great Lakes Comfort Systems,Field Service - Repair & Maintenance,Service - HVAC,HVAC Service Technician,Unspecified,HVAC Service Technician - Unspecified,Field - Service,Technician,Employee,Regular,MI,2018-01-19,8.61,1.0,40.0,Hourly,28.84,59987.2,28.84,7141.42,5988.15,601.31,5088.07,8261.65,87067.8,41.86,1.4514,clean
GLC-10156,Great Lakes Comfort Systems,Field Service - Repair & Maintenance,Service - HVAC,HVAC Service Technician,Unspecified,HVAC Service Technician - Unspecified,Field - Service,Technician,Employee,Regular,MI,2016-11-12,9.8,1.0,40.0,Hourly,26.94,56035.2,26.94,6670.94,5593.65,561.69,4752.87,8261.65,81876.0,39.36,1.4612,clean
GLC-10157,Great Lakes Comfort Systems,Field Service - Repair & Maintenance,Service - HVAC,HVAC Service Technician,Unspecified,HVAC Service Technician - Unspecified,Field - Service,Technician,Employee,FT,MI,2025-03-10,1.48,1.0,40.0,Hourly,29.37,61089.6,29.37,7272.66,6098.2,612.36,5181.58,8261.65,88516.05,42.56,1.449,clean
GLC-10158,Great Lakes Comfort Systems,Field Service - Repair & Maintenance,Service - HVAC,HVAC Service Technician,Unspecified,HVAC Service Technician - Unspecified,Field - Service,Technician,Employee,Regular,MI,2019-03-31,7.42,1.0,40.0,Hourly,27.83,57886.4,27.83,6891.32,5778.44,580.25,4909.88,8261.65,84307.94,40.53,1.4564,clean
GLC-10159,Great Lakes Comfort Systems,Field Service - Repair & Maintenance,Service - HVAC,HVAC Service Technician,Unspecified,HVAC Service Technician - Unspecified,Field - Service,Technician,Employee,FT,MI,2023-05-04,3.33,1.0,40.0,Hourly,25.2,52416.0,25.2,6240.08,5232.36,525.42,4445.89,8261.65,77121.4,37.08,1.4713,clean
GLC-10160,Great Lakes Comfort Systems,Field Service - Repair & Maintenance,Service - HVAC,HVAC Service Technician,Unspecified,HVAC Service Technician - Unspecified,Field - Service,Technician,Employee,Regular,MI,2022-07-04,4.16,1.0,40.0,Hourly,32.9,68432.0,32.9,8146.77,6831.14,685.96,5804.36,8261.65,98161.88,47.19,1.4344,clean
GLC-10162,Great Lakes Comfort Systems,Field Service - Repair & Maintenance,Service - HVAC,HVAC Service Technician,Unspecified,HVAC Service Technician - Unspecified,Field - Service,Technician,Employee,FT,MI,2019-04-29,7.34,1.0,40.0,Hourly,31.79,66123.2,31.79,7871.91,6600.67,662.82,5608.52,8261.65,95128.77,45.73,1.4387,clean
GLC-10163,Great Lakes Comfort Systems,Field Service - Repair & Maintenance,Service - HVAC,HVAC Service Technician,Unspecified,HVAC Service Technician - Unspecified,Field - Service,Technician,Employee,,MI,2023-06-01,3.25,1.0,40.0,Hourly,28.93,60174.4,28.93,7163.71,6006.84,603.19,5103.95,8261.65,87313.74,41.98,1.451,clean
GLC-10164,Great Lakes Comfort Systems,Field Service - Repair & Maintenance,Service - HVAC,HVAC Service Technician,Unspecified,HVAC Service Technician - Unspecified,Field - Service,Technician,Employee,Regular,MI,2024-06-03,2.24,1.0,40.0,Hourly,28.33,58926.4,28.33,7015.13,5882.26,590.68,4998.1,8261.65,85674.22,41.19,1.4539,clean
GLC-10165,Great Lakes Comfort Systems,Field Service - Repair & Maintenance,Service - HVAC,HVAC Service Technician,Unspecified,HVAC Service Technician - Unspecified,Field - Service,Technician,Employee,Regular,MI,2025-07-10,1.14,1.0,40.0,Hourly,32.47,67537.6,32.47,8040.29,6741.86,676.99,5728.49,8261.65,96986.88,46.63,1.436,clean
GLC-10166,Great Lakes Comfort Systems,Field Service - Repair & Maintenance,Service - HVAC,HVAC Service Technician,Unspecified,HVAC Service Technician - Unspecified,Field - Service,Technician,Employee,Full-Time,MI,2024-09-30,1.92,1.0,40.0,Hourly,32.05,66664.0,32.05,7936.29,6654.65,668.24,5654.39,8261.65,95839.22,46.08,1.4376,clean
GLC-10167,Great Lakes Comfort Systems,Field Service - Repair & Maintenance,Service - HVAC,HVAC Service Technician,Unspecified,HVAC Service Technician - Unspecified,Field - Service,Technician,Employee,Regular,MI,2023-08-24,3.02,1.0,40.0,Hourly,33.33,69326.4,33.33,8253.25,6920.42,694.92,5880.22,8261.65,99336.86,47.76,1.4329,clean
GLC-10168,Great Lakes Comfort Systems,Field Service - Repair & Maintenance,Service - HVAC,HVAC Service Technician,Unspecified,HVAC Service Technician - Unspecified,Field - Service,Technician,Employee,Regular,MI,2023-05-31,3.25,1.0,40.0,Hourly,29.43,61214.4,29.43,7287.52,6110.65,613.61,5192.16,8261.65,88679.99,42.63,1.4487,clean
GLC-10171,Great Lakes Comfort Systems,Field Service - Repair & Maintenance,Service - HVAC,HVAC Service Technician,Unspecified,HVAC Service Technician - Unspecified,Field - Service,Technician,Employee,Full-Time,MI,2024-03-31,2.42,1.0,40.0,Hourly,30.95,64376.0,30.95,7663.9,6426.26,645.3,5460.33,8261.65,92833.44,44.63,1.4421,clean
GLC-10172,Great Lakes Comfort Systems,Field Service - Repair & Maintenance,Service - HVAC,HVAC Service Technician,Unspecified,HVAC Service Technician - Unspecified,Field - Service,Technician,Employee,,MI,2025-07-18,1.12,1.0,40.0,Hourly,32.61,67828.8,32.61,8074.96,6770.93,679.91,5753.19,8261.65,97369.44,46.81,1.4355,clean
GLC-10173,Great Lakes Comfort Systems,Field Service - Repair & Maintenance,Service - HVAC,HVAC Service Technician,Unspecified,HVAC Service Technician - Unspecified,Field - Service,Technician,Employee,FT,MI,2025-03-06,1.49,1.0,40.0,Hourly,26.46,55036.8,26.46,6552.08,5493.98,551.69,4668.18,8261.65,80564.38,38.73,1.4638,clean
GLC-10177,Great Lakes Comfort Systems,Field Service - Repair & Maintenance,Service - HVAC,HVAC Service Technician,Unspecified,HVAC Service Technician - Unspecified,Field - Service,Technician,Employee,,MI,2021-05-05,5.32,1.0,40.0,Hourly,33.24,69139.2,33.24,8230.96,6901.74,693.05,5864.34,8261.65,99090.94,47.64,1.4332,clean
GLC-10180,Great Lakes Comfort Systems,Field Service - Repair & Maintenance,Service - HVAC,HVAC Service Technician,Unspecified,HVAC Service Technician - Unspecified,Field - Service,Technician,Employee,,MI,2022-07-14,4.13,1.0,40.0,Hourly,32.46,67516.8,32.46,8037.81,6739.78,676.79,5726.73,8261.65,96959.56,46.62,1.4361,clean
GLC-10181,Great Lakes Comfort Systems,Field Service - Repair & Maintenance,Service - HVAC,HVAC Service Technician,Unspecified,HVAC Service Technician - Unspecified,Field - Service,Technician,Employee,FT,MI,2022-07-06,4.15,1.0,40.0,Hourly,25.37,52769.6,25.37,6282.17,5267.66,528.96,4475.88,8261.65,77585.92,37.3,1.4703,clean
GLC-10183,Great Lakes Comfort Systems,Field Service - Repair & Maintenance,Service - HVAC,HVAC Service Technician,Unspecified,HVAC Service Technician - Unspecified,Field - Service,Technician,Employee,Full-Time,MI,2024-04-15,2.38,1.0,40.0,Hourly,28.37,59009.6,28.37,7025.04,5890.56,591.51,5005.15,8261.65,85783.51,41.24,1.4537,clean
GLC-10185,Great Lakes Comfort Systems,Field Service - Repair & Maintenance,Service - HVAC,HVAC Service Technician,Unspecified,HVAC Service Technician - Unspecified,Field - Service,Technician,Employee,Full-Time,MI,2019-04-29,7.34,1.0,40.0,Hourly,25.91,53892.8,25.91,6415.89,5379.78,540.22,4571.15,8261.65,79061.49,38.01,1.467,clean
GLC-10186,Great Lakes Comfort Systems,Field Service - Repair & Maintenance,Service - HVAC,HVAC Service Technician,Unspecified,HVAC Service Technician - Unspecified,Field - Service,Technician,Employee,Regular,MI,2024-02-13,2.55,1.0,40.0,Hourly,25.45,52936.0,25.45,6301.98,5284.27,530.63,4490.0,8261.65,77804.53,37.41,1.4698,clean
GLC-10187,Great Lakes Comfort Systems,Field Service - Repair & Maintenance,Service - HVAC,HVAC Service Technician,Unspecified,HVAC Service Technician - Unspecified,Field - Service,Technician,Employee,FT,MI,2022-07-01,4.17,1.0,40.0,Hourly,30.85,64168.0,30.85,7639.14,6405.49,643.22,5442.69,8261.65,92560.19,44.5,1.4425,clean
GLC-10188,Great Lakes Comfort Systems,Field Service - Repair & Maintenance,Service - HVAC,HVAC Service Technician,Unspecified,HVAC Service Technician - Unspecified,Field - Service,Technician,Employee,FT,MI,2025-04-03,1.41,1.0,40.0,Hourly,29.23,60798.4,29.23,7237.99,6069.13,609.44,5156.88,8261.65,88133.49,42.37,1.4496,clean
GLC-10190,Great Lakes Comfort Systems,Field Service - Repair & Maintenance,Service - HVAC,HVAC Service Technician,Unspecified,HVAC Service Technician - Unspecified,Field - Service,Technician,Employee,FT,MI,2025-07-09,1.14,1.0,40.0,Hourly,33.9,70512.0,33.9,8394.39,7038.78,706.81,5980.78,8261.65,100894.41,48.51,1.4309,clean
GLC-10191,Great Lakes Comfort Systems,Field Service - Repair & Maintenance,Service - HVAC,HVAC Service Technician,Unspecified,HVAC Service Technician - Unspecified,Field - Service,Technician,Employee,,MI,2024-10-27,1.84,1.0,40.0,Hourly,30.27,62961.6,30.27,7495.52,6285.07,631.12,5340.36,8261.65,90975.32,43.74,1.4449,clean
GLC-10193,Great Lakes Comfort Systems,Field Service - Repair & Maintenance,Service - HVAC,HVAC Service Technician,Unspecified,HVAC Service Technician - Unspecified,Field - Service,Technician,Employee,Full-Time,MI,2018-06-10,8.22,1.0,40.0,Hourly,28.9,60112.0,28.9,7156.28,6000.61,602.56,5098.66,8261.65,87231.76,41.94,1.4512,clean
GLC-10194,Great Lakes Comfort Systems,Field Service - Repair & Maintenance,Service - HVAC,HVAC Service Technician,Unspecified,HVAC Service Technician - Unspecified,Field - Service,Technician,Employee,Full-Time,MI,2024-10-14,1.88,1.0,40.0,Hourly,33.99,70699.2,33.99,8416.68,7057.46,708.69,5996.66,8261.65,101140.34,48.63,1.4306,clean
GLC-10195,Great Lakes Comfort Systems,Field Service - Repair & Maintenance,Service - HVAC,HVAC Service Technician,Unspecified,HVAC Service Technician - Unspecified,Field - Service,Technician,Employee,Regular,MI,2025-11-06,0.82,1.0,40.0,Hourly,28.45,59176.0,28.45,7044.85,5907.17,593.18,5019.27,8261.65,86002.12,41.35,1.4533,clean
GLC-10198,Great Lakes Comfort Systems,Field Service - Repair & Maintenance,Service - HVAC,HVAC Service Technician,Unspecified,HVAC Service Technician - Unspecified,Field - Service,Technician,Employee,Full-Time,MI,2024-10-14,1.88,1.0,40.0,Hourly,28.73,59758.4,28.73,7114.18,5965.31,599.02,5068.67,8261.65,86767.23,41.72,1.452,pay_rate_imputed
GLC-10199,Great Lakes Comfort Systems,Field Service - Repair & Maintenance,Service - HVAC,HVAC Service Technician,Unspecified,HVAC Service Technician - Unspecified,Field - Service,Technician,Employee,Regular,MI,2018-03-14,8.47,1.0,40.0,Hourly,26.65,55432.0,26.65,6599.13,5533.43,555.65,4701.7,8261.65,81083.56,38.98,1.4628,clean
GLC-10200,Great Lakes Comfort Systems,Field Service - Repair & Maintenance,Service - HVAC,HVAC Service Technician,Unspecified,HVAC Service Technician - Unspecified,Field - Service,Technician,Employee,,MI,2022-02-20,4.53,1.0,40.0,Hourly,28.73,59758.4,28.73,7114.18,5965.31,599.02,5068.67,8261.65,86767.23,41.72,1.452,pay_rate_imputed
GLC-10201,Great Lakes Comfort Systems,Field Service - Repair & Maintenance,Service - HVAC,HVAC Service Technician,Unspecified,HVAC Service Technician - Unspecified,Field - Service,Technician,Employee,Regular,MI,2025-09-03,0.99,1.0,40.0,Hourly,24.91,51812.8,24.91,6168.27,5172.15,519.37,4394.73,8261.65,76328.97,36.7,1.4732,clean
GLC-10204,Great Lakes Comfort Systems,Field Service - Repair & Maintenance,Service - HVAC,HVAC Service Technician,Unspecified,HVAC Service Technician - Unspecified,Field - Service,Technician,Employee,,MI,2021-02-16,5.54,1.0,40.0,Hourly,25.48,52998.4,25.48,6309.41,5290.5,531.25,4495.29,8261.65,77886.5,37.45,1.4696,clean
GLC-10205,Great Lakes Comfort Systems,Field Service - Repair & Maintenance,Service - HVAC,HVAC Service Technician,Unspecified,HVAC Service Technician - Unspecified,Field - Service,Technician,Employee,FT,MI,2025-05-19,1.28,1.0,40.0,Hourly,24.17,50273.6,24.17,5985.03,5018.5,503.94,4264.17,8261.65,74306.89,35.72,1.478,clean
GLC-10207,Great Lakes Comfort Systems,Field Service - Repair & Maintenance,Service - HVAC,HVAC Service Technician,Unspecified,HVAC Service Technician - Unspecified,Field - Service,Technician,Employee,FT,MI,2024-07-18,2.12,1.0,40.0,Hourly,29.89,62171.2,29.89,7401.43,6206.17,623.2,5273.32,8261.65,89936.97,43.24,1.4466,clean
GLC-10208,Great Lakes Comfort Systems,Field Service - Repair & Maintenance,Service - HVAC,HVAC Service Technician,Unspecified,HVAC Service Technician - Unspecified,Field - Service,Technician,Employee,Regular,MI,2022-02-26,4.51,1.0,40.0,Hourly,27.93,58094.4,27.93,6916.09,5799.2,582.34,4927.53,8261.65,84581.21,40.66,1.4559,clean
GLC-10209,Great Lakes Comfort Systems,Field Service - Repair & Maintenance,Service - HVAC,HVAC Service Technician,Unspecified,HVAC Service Technician - Unspecified,Field - Service,Technician,Employee,Full-Time,MI,2023-02-26,3.51,1.0,40.0,Hourly,26.18,54454.4,26.18,6482.75,5435.84,545.85,4618.78,8261.65,79799.27,38.37,1.4654,clean
GLC-10210,Great Lakes Comfort Systems,Field Service - Repair & Maintenance,Service - HVAC,HVAC Service Technician,Unspecified,HVAC Service Technician - Unspecified,Field - Service,Technician,Employee,,MI,2022-02-18,4.53,1.0,40.0,Hourly,29.58,61526.4,29.58,7324.66,6141.8,616.74,5218.63,8261.65,89089.88,42.83,1.448,clean
GLC-10211,Great Lakes Comfort Systems,Field Service - Repair & Maintenance,Service - HVAC,HVAC Service Technician,Unspecified,HVAC Service Technician - Unspecified,Field - Service,Technician,Employee,FT,MI,2023-06-06,3.24,1.0,40.0,Hourly,32.78,68182.4,32.78,8117.05,6806.23,683.46,5783.18,8261.65,97833.97,47.04,1.4349,clean
GLC-10212,Great Lakes Comfort Systems,Field Service - Repair & Maintenance,Service - HVAC,HVAC Service Technician,Unspecified,HVAC Service Technician - Unspecified,Field - Service,Technician,Employee,FT,MI,2021-05-20,5.28,1.0,40.0,Hourly,24.68,51334.4,24.68,6111.31,5124.39,514.57,4354.15,8261.65,75700.47,36.39,1.4747,clean
GLC-10215,Great Lakes Comfort Systems,Field Service - Repair & Maintenance,Service - HVAC,HVAC Service Technician,Unspecified,HVAC Service Technician - Unspecified,Field - Service,Technician,Employee,Regular,MI,2021-10-08,4.9,1.0,40.0,Hourly,28.03,58302.4,28.03,6940.85,5819.97,584.42,4945.17,8261.65,84854.46,40.8,1.4554,clean
GLC-10216,Great Lakes Comfort Systems,Field Service - Repair & Maintenance,Service - HVAC,HVAC Service Technician,Unspecified,HVAC Service Technician - Unspecified,Field - Service,Technician,Employee,Regular,MI,2022-09-23,3.94,1.0,40.0,Hourly,30.03,62462.4,30.03,7436.09,6235.23,626.12,5298.02,8261.65,90319.51,43.42,1.446,clean
GLC-10217,Great Lakes Comfort Systems,Field Service - Repair & Maintenance,Service - HVAC,HVAC Service Technician,Unspecified,HVAC Service Technician - Unspecified,Field - Service,Technician,Employee,FT,MI,2017-09-03,8.99,1.0,40.0,Hourly,31.93,66414.4,31.93,7906.57,6629.74,665.73,5633.22,8261.65,95511.31,45.92,1.4381,clean
GLC-10219,Great Lakes Comfort Systems,Field Service - Repair & Maintenance,Service - HVAC,HVAC Service Technician,Unspecified,HVAC Service Technician - Unspecified,Field - Service,Technician,Employee,Regular,MI,2025-06-28,1.17,1.0,40.0,Hourly,25.94,53955.2,25.94,6423.32,5386.01,540.84,4576.44,8261.65,79143.46,38.05,1.4668,clean
GLC-10220,Great Lakes Comfort Systems,Field Service - Repair & Maintenance,Service - HVAC,HVAC Service Technician,Unspecified,HVAC Service Technician - Unspecified,Field - Service,Technician,Employee,Full-Time,MI,2021-10-17,4.87,1.0,40.0,Hourly,28.04,58323.2,28.04,6943.32,5822.04,584.63,4946.93,8261.65,84881.77,40.81,1.4554,clean
GLC-10222,Great Lakes Comfort Systems,Field Service - Repair & Maintenance,Service - HVAC,HVAC Service Technician,Unspecified,HVAC Service Technician - Unspecified,Field - Service,Technician,Employee,Regular,MI,2019-12-13,6.72,1.0,40.0,Hourly,30.29,63003.2,30.29,7500.47,6289.22,631.54,5343.89,8261.65,91029.97,43.76,1.4448,clean
GLC-10223,Great Lakes Comfort Systems,Field Service - Repair & Maintenance,Service - HVAC,HVAC Service Technician,Unspecified,HVAC Service Technician - Unspecified,Field - Service,Technician,Employee,Regular,MI,2022-05-09,4.31,1.0,40.0,Hourly,25.58,53206.4,25.58,6334.17,5311.26,533.34,4512.93,8261.65,78159.75,37.58,1.469,clean
GLC-10224,Great Lakes Comfort Systems,Field Service - Repair & Maintenance,Service - HVAC,HVAC Service Technician,Unspecified,HVAC Service Technician - Unspecified,Field - Service,Technician,Employee,Full-Time,MI,2022-04-08,4.4,1.0,40.0,Hourly,26.02,54121.6,26.02,6443.13,5402.62,542.51,4590.56,8261.65,79362.07,38.15,1.4664,clean
GLC-10225,Great Lakes Comfort Systems,Field Service - Repair & Maintenance,Service - HVAC,HVAC Service Technician,Unspecified,HVAC Service Technician - Unspecified,Field - Service,Technician,Employee,Full-Time,MI,2022-03-19,4.45,1.0,40.0,Hourly,42.83,89086.4,42.83,10605.66,8892.94,893.0,7556.25,8261.65,125295.9,60.24,1.4065,clean
GLC-10226,Great Lakes Comfort Systems,Field Service - Repair & Maintenance,Service - HVAC,HVAC Service Technician,Unspecified,HVAC Service Technician - Unspecified,Field - Service,Technician,Employee,Regular,MI,2019-08-05,7.07,1.0,40.0,Hourly,37.97,78977.6,37.97,9402.21,7883.84,791.67,6698.83,8261.65,112015.8,53.85,1.4183,clean
GLC-10228,Great Lakes Comfort Systems,Field Service - Repair & Maintenance,Service - HVAC,HVAC Service Technician,Unspecified,HVAC Service Technician - Unspecified,Field - Service,Technician,Employee,Regular,MI,2022-11-11,3.8,1.0,40.0,Hourly,41.98,87318.4,41.98,10395.18,8716.45,875.28,7406.29,8261.65,122973.25,59.12,1.4083,clean
GLC-10229,Great Lakes Comfort Systems,Field Service - Repair & Maintenance,Service - HVAC,HVAC Service Technician,Unspecified,HVAC Service Technician - Unspecified,Field - Service,Technician,Employee,Full-Time,MI,2022-10-18,3.87,1.0,40.0,Hourly,38.33,79726.4,38.33,9491.36,7958.59,799.17,6762.34,8261.65,112999.51,54.33,1.4173,clean
GLC-10232,Great Lakes Comfort Systems,Field Service - Repair & Maintenance,Service - HVAC,HVAC Service Technician,Unspecified,HVAC Service Technician - Unspecified,Field - Service,Technician,Employee,,MI,2021-02-12,5.55,1.0,40.0,Hourly,42.19,87755.2,42.19,10447.18,8760.06,879.65,7443.34,8261.65,123547.08,59.4,1.4079,clean
GLC-10234,Great Lakes Comfort Systems,Field Service - Repair & Maintenance,Service - HVAC,HVAC Service Technician,Unspecified,HVAC Service Technician - Unspecified,Field - Service,Technician,Employee,,MI,2023-06-27,3.18,1.0,40.0,Hourly,39.27,81681.6,39.27,9724.12,8153.77,818.77,6928.18,8261.65,115568.09,55.56,1.4149,clean
GLC-10238,Great Lakes Comfort Systems,Field Service - Repair & Maintenance,Service - HVAC,HVAC Service Technician,Unspecified,HVAC Service Technician - Unspecified,Field - Service,Technician,Employee,Regular,MI,2024-01-05,2.65,1.0,40.0,Hourly,43.5,90480.0,43.5,10771.56,9032.06,906.97,7674.45,8261.65,127126.69,61.12,1.405,clean
GLC-10239,Great Lakes Comfort Systems,Field Service - Repair & Maintenance,Service - HVAC,HVAC Service Technician,Unspecified,HVAC Service Technician - Unspecified,Field - Service,Technician,Employee,,MI,2024-08-26,2.01,1.0,40.0,Hourly,43.8,91104.0,43.8,10845.85,9094.35,913.22,7727.38,8261.65,127946.45,61.51,1.4044,clean
GLC-10240,Great Lakes Comfort Systems,Field Service - Repair & Maintenance,Service - HVAC,HVAC Service Technician,Unspecified,HVAC Service Technician - Unspecified,Field - Service,Technician,Employee,Regular,MI,2023-09-19,2.95,1.0,40.0,Hourly,41.1,85488.0,41.1,10177.27,8533.74,856.93,7251.03,8261.65,120568.62,57.97,1.4104,clean
GLC-10241,Great Lakes Comfort Systems,Field Service - Repair & Maintenance,Service - HVAC,HVAC Service Technician,Unspecified,HVAC Service Technician - Unspecified,Field - Service,Technician,Employee,Full-Time,MI,2021-06-10,5.22,1.0,40.0,Hourly,36.53,75982.4,36.53,9045.64,7584.85,761.64,6444.77,8261.65,108080.95,51.96,1.4224,clean
GLC-10242,Great Lakes Comfort Systems,Field Service - Repair & Maintenance,Service - HVAC,HVAC Service Technician,Unspecified,HVAC Service Technician - Unspecified,Field - Service,Technician,Employee,FT,MI,2020-10-31,5.83,1.0,40.0,Hourly,41.84,87027.2,41.84,10360.51,8687.39,872.36,7381.59,8261.65,122590.7,58.94,1.4086,clean
GLC-10243,Great Lakes Comfort Systems,Field Service - Repair & Maintenance,Service - HVAC,HVAC Service Technician,Unspecified,HVAC Service Technician - Unspecified,Field - Service,Technician,Employee,,MI,2025-03-15,1.46,1.0,40.0,Hourly,37.9,78832.0,37.9,9384.88,7869.31,790.21,6686.48,8261.65,111824.53,53.76,1.4185,clean
GLC-10246,Great Lakes Comfort Systems,Field Service - Repair & Maintenance,Service - HVAC,HVAC Service Technician,Unspecified,HVAC Service Technician - Unspecified,Field - Service,Technician,Employee,,MI,2022-01-08,4.64,1.0,40.0,Hourly,43.9,91312.0,43.9,10870.61,9115.11,915.31,7745.02,8261.65,128219.7,61.64,1.4042,clean
GLC-10247,Great Lakes Comfort Systems,Field Service - Repair & Maintenance,Service - HVAC,HVAC Service Technician,Unspecified,HVAC Service Technician - Unspecified,Field - Service,Technician,Employee,Full-Time,MI,2025-11-07,0.81,1.0,40.0,Hourly,43.88,91270.4,43.88,10865.66,9110.96,914.89,7741.49,8261.65,128165.05,61.62,1.4042,clean
GLC-10250,Great Lakes Comfort Systems,Field Service - Repair & Maintenance,Service - HVAC,HVAC Service Technician,Unspecified,HVAC Service Technician - Unspecified,Field - Service,Technician,Employee,,MI,2018-11-09,7.81,1.0,40.0,Hourly,39.66,82492.8,39.66,9820.69,8234.74,826.9,6996.98,8261.65,116633.76,56.07,1.4139,clean
GLC-10251,Great Lakes Comfort Systems,Field Service - Repair & Maintenance,Service - HVAC,HVAC Service Technician,Unspecified,HVAC Service Technician - Unspecified,Field - Service,Technician,Employee,Regular,MI,2023-12-19,2.7,1.0,40.0,Hourly,42.18,87734.4,42.18,10444.7,8757.98,879.45,7441.57,8261.65,123519.75,59.38,1.4079,clean
GLC-10252,Great Lakes Comfort Systems,Field Service - Repair & Maintenance,Service - HVAC,HVAC Service Technician,Unspecified,HVAC Service Technician - Unspecified,Field - Service,Technician,Employee,FT,MI,2026-03-15,0.46,1.0,40.0,Hourly,39.5,82160.0,39.5,9781.07,8201.52,823.57,6968.75,8261.65,116196.56,55.86,1.4143,clean
GLC-10116,Great Lakes Comfort Systems,Field Service - Repair & Maintenance,Service - Plumbing,Plumbing Service Technician,Unspecified,Plumbing Service Technician - Unspecified,Field - Service,Technician,Employee,Regular,MI,2021-09-06,4.98,1.0,40.0,Hourly,18.19,37835.2,18.19,4504.25,3776.85,379.26,3209.16,8261.65,57966.37,27.87,1.5321,clean
GLC-10119,Great Lakes Comfort Systems,Field Service - Repair & Maintenance,Service - Plumbing,Plumbing Service Technician,Unspecified,Plumbing Service Technician - Unspecified,Field - Service,Technician,Employee,Full-Time,MI,2024-05-10,2.31,1.0,40.0,Hourly,20.08,41766.4,20.08,4972.25,4169.28,418.66,3542.6,8261.65,63130.84,30.35,1.5115,clean
GLC-10123,Great Lakes Comfort Systems,Field Service - Repair & Maintenance,Service - Plumbing,Plumbing Service Technician,Unspecified,Plumbing Service Technician - Unspecified,Field - Service,Technician,Employee,FT,MI,2025-09-13,0.96,1.0,40.0,Hourly,17.75,36920.0,17.75,4395.29,3685.49,370.08,3131.53,8261.65,56764.04,27.29,1.5375,clean
GLC-10129,Great Lakes Comfort Systems,Field Service - Repair & Maintenance,Service - Plumbing,Plumbing Service Technician,Unspecified,Plumbing Service Technician - Unspecified,Field - Service,Technician,Employee,FT,MI,2022-06-25,4.18,1.0,40.0,Hourly,20.27,42161.6,20.27,5019.3,4208.73,422.63,3576.12,8261.65,63650.03,30.6,1.5097,clean
GLC-10130,Great Lakes Comfort Systems,Field Service - Repair & Maintenance,Service - Plumbing,Plumbing Service Technician,Unspecified,Plumbing Service Technician - Unspecified,Field - Service,Technician,Employee,FT,MI,2023-11-04,2.82,1.0,40.0,Hourly,17.99,37419.2,17.99,4454.72,3735.33,375.09,3173.87,8261.65,57419.86,27.61,1.5345,clean
GLC-10135,Great Lakes Comfort Systems,Field Service - Repair & Maintenance,Service - Plumbing,Plumbing Service Technician,Unspecified,Plumbing Service Technician - Unspecified,Field - Service,Technician,Employee,Regular,MI,2021-12-31,4.67,1.0,40.0,Hourly,20.44,42515.2,20.44,5061.4,4244.03,426.17,3606.11,8261.65,64114.56,30.82,1.508,clean
GLC-10139,Great Lakes Comfort Systems,Field Service - Repair & Maintenance,Service - Plumbing,Plumbing Service Technician,Unspecified,Plumbing Service Technician - Unspecified,Field - Service,Technician,Employee,Regular,MI,2026-06-13,0.22,1.0,40.0,Hourly,18.89,39291.2,18.89,4677.58,3922.2,393.85,3332.65,8261.65,59879.13,28.79,1.524,clean
GLC-10143,Great Lakes Comfort Systems,Field Service - Repair & Maintenance,Service - Plumbing,Plumbing Service Technician,Unspecified,Plumbing Service Technician - Unspecified,Field - Service,Technician,Employee,,MI,2025-11-27,0.76,1.0,40.0,Hourly,21.5,44720.0,21.5,5323.88,4464.12,448.27,3793.12,8261.65,67011.04,32.22,1.4985,clean
GLC-10144,Great Lakes Comfort Systems,Field Service - Repair & Maintenance,Service - Plumbing,Plumbing Service Technician,Unspecified,Plumbing Service Technician - Unspecified,Field - Service,Technician,Employee,Regular,MI,2025-04-13,1.38,1.0,40.0,Hourly,27.19,56555.2,27.19,6732.85,5645.55,566.91,4796.97,8261.65,82559.13,39.69,1.4598,clean
GLC-10146,Great Lakes Comfort Systems,Field Service - Repair & Maintenance,Service - Plumbing,Plumbing Service Technician,Unspecified,Plumbing Service Technician - Unspecified,Field - Service,Technician,Employee,,MI,2025-06-08,1.23,1.0,40.0,Hourly,32.37,67329.6,32.37,8015.53,6721.1,674.91,5710.85,8261.65,96713.64,46.5,1.4364,clean
GLC-10149,Great Lakes Comfort Systems,Field Service - Repair & Maintenance,Service - Plumbing,Plumbing Service Technician,Unspecified,Plumbing Service Technician - Unspecified,Field - Service,Technician,Employee,,MI,2025-07-10,1.14,1.0,40.0,Hourly,28.57,59425.6,28.57,7074.56,5932.09,595.68,5040.44,8261.65,86330.02,41.5,1.4527,clean
GLC-10151,Great Lakes Comfort Systems,Field Service - Repair & Maintenance,Service - Plumbing,Plumbing Service Technician,Unspecified,Plumbing Service Technician - Unspecified,Field - Service,Technician,Employee,FT,MI,2021-01-29,5.59,1.0,40.0,Hourly,29.29,60923.2,29.29,7252.85,6081.59,610.69,5167.46,8261.65,88297.44,42.45,1.4493,clean
GLC-10161,Great Lakes Comfort Systems,Field Service - Repair & Maintenance,Service - Plumbing,Plumbing Service Technician,Unspecified,Plumbing Service Technician - Unspecified,Field - Service,Technician,Employee,,MI,2022-08-10,4.06,1.0,40.0,Hourly,30.0,62400.0,30.0,7428.66,6229.0,625.49,5292.73,8261.65,90237.53,43.38,1.4461,clean
GLC-10169,Great Lakes Comfort Systems,Field Service - Repair & Maintenance,Service - Plumbing,Plumbing Service Technician,Unspecified,Plumbing Service Technician - Unspecified,Field - Service,Technician,Employee,Full-Time,MI,2022-12-25,3.68,1.0,40.0,Hourly,27.36,56908.8,27.36,6774.94,5680.85,570.45,4826.97,8261.65,83023.66,39.92,1.4589,clean
GLC-10170,Great Lakes Comfort Systems,Field Service - Repair & Maintenance,Service - Plumbing,Plumbing Service Technician,Unspecified,Plumbing Service Technician - Unspecified,Field - Service,Technician,Employee,FT,MI,2021-09-09,4.97,1.0,40.0,Hourly,29.945,62285.6,29.94,7415.04,6217.58,624.35,5283.02,8261.65,90087.24,43.31,1.4464,pay_rate_imputed
GLC-10174,Great Lakes Comfort Systems,Field Service - Repair & Maintenance,Service - Plumbing,Plumbing Service Technician,Unspecified,Plumbing Service Technician - Unspecified,Field - Service,Technician,Employee,FT,MI,2024-12-23,1.69,1.0,40.0,Hourly,29.89,62171.2,29.89,7401.43,6206.17,623.2,5273.32,8261.65,89936.97,43.24,1.4466,clean
GLC-10175,Great Lakes Comfort Systems,Field Service - Repair & Maintenance,Service - Plumbing,Plumbing Service Technician,Unspecified,Plumbing Service Technician - Unspecified,Field - Service,Technician,Employee,,MI,2025-06-03,1.24,1.0,40.0,Hourly,32.65,67912.0,32.65,8084.86,6779.23,680.75,5760.25,8261.65,97478.74,46.86,1.4354,clean
GLC-10176,Great Lakes Comfort Systems,Field Service - Repair & Maintenance,Service - Plumbing,Plumbing Service Technician,Unspecified,Plumbing Service Technician - Unspecified,Field - Service,Technician,Employee,FT,MI,2022-08-24,4.02,1.0,40.0,Hourly,33.48,69638.4,33.48,8290.39,6951.57,698.05,5906.68,8261.65,99746.74,47.96,1.4324,clean
GLC-10178,Great Lakes Comfort Systems,Field Service - Repair & Maintenance,Service - Plumbing,Plumbing Service Technician,Unspecified,Plumbing Service Technician - Unspecified,Field - Service,Technician,Employee,FT,MI,2025-11-06,0.82,1.0,40.0,Hourly,29.75,61880.0,29.75,7366.76,6177.1,620.28,5248.62,8261.65,89554.41,43.06,1.4472,clean
GLC-10179,Great Lakes Comfort Systems,Field Service - Repair & Maintenance,Service - Plumbing,Plumbing Service Technician,Unspecified,Plumbing Service Technician - Unspecified,Field - Service,Technician,Employee,Full-Time,MI,2021-05-14,5.3,1.0,40.0,Hourly,33.28,69222.4,33.28,8240.86,6910.04,693.88,5871.4,8261.65,99200.23,47.69,1.4331,clean
GLC-10182,Great Lakes Comfort Systems,Field Service - Repair & Maintenance,Service - Plumbing,Plumbing Service Technician,Unspecified,Plumbing Service Technician - Unspecified,Field - Service,Technician,Employee,Regular,MI,2025-02-07,1.56,1.0,40.0,Hourly,32.1,66768.0,32.1,7948.67,6665.04,669.28,5663.22,8261.65,95975.86,46.14,1.4375,clean
GLC-10184,Great Lakes Comfort Systems,Field Service - Repair & Maintenance,Service - Plumbing,Plumbing Service Technician,Unspecified,Plumbing Service Technician - Unspecified,Field - Service,Technician,Employee,Regular,MI,2018-12-15,7.71,1.0,40.0,Hourly,30.86,64188.8,30.86,7641.62,6407.57,643.43,5444.45,8261.65,92587.52,44.51,1.4424,clean
GLC-10189,Great Lakes Comfort Systems,Field Service - Repair & Maintenance,Service - Plumbing,Plumbing Service Technician,Unspecified,Plumbing Service Technician - Unspecified,Field - Service,Technician,Employee,Full-Time,MI,2024-04-07,2.4,1.0,40.0,Hourly,32.65,67912.0,32.65,8084.86,6779.23,680.75,5760.25,8261.65,97478.74,46.86,1.4354,clean
GLC-10192,Great Lakes Comfort Systems,Field Service - Repair & Maintenance,Service - Plumbing,Plumbing Service Technician,Unspecified,Plumbing Service Technician - Unspecified,Field - Service,Technician,Employee,Regular,MI,2025-02-05,1.57,1.0,40.0,Hourly,29.85,62088.0,29.85,7391.52,6197.86,622.37,5266.26,8261.65,89827.66,43.19,1.4468,clean
GLC-10196,Great Lakes Comfort Systems,Field Service - Repair & Maintenance,Service - Plumbing,Plumbing Service Technician,Unspecified,Plumbing Service Technician - Unspecified,Field - Service,Technician,Employee,Regular,MI,2020-11-04,5.82,1.0,40.0,Hourly,32.6,67808.0,32.6,8072.48,6768.85,679.7,5751.43,8261.65,97342.11,46.8,1.4356,clean
GLC-10197,Great Lakes Comfort Systems,Field Service - Repair & Maintenance,Service - Plumbing,Plumbing Service Technician,Unspecified,Plumbing Service Technician - Unspecified,Field - Service,Technician,Employee,Regular,MI,2023-08-09,3.06,1.0,40.0,Hourly,30.83,64126.4,30.83,7634.19,6401.34,642.8,5439.16,8261.65,92505.54,44.47,1.4426,clean
GLC-10202,Great Lakes Comfort Systems,Field Service - Repair & Maintenance,Service - Plumbing,Plumbing Service Technician,Unspecified,Plumbing Service Technician - Unspecified,Field - Service,Technician,Employee,Regular,MI,2023-05-27,3.26,1.0,40.0,Hourly,25.38,52790.4,25.38,6284.65,5269.74,529.17,4477.65,8261.65,77613.26,37.31,1.4702,clean
GLC-10203,Great Lakes Comfort Systems,Field Service - Repair & Maintenance,Service - Plumbing,Plumbing Service Technician,Unspecified,Plumbing Service Technician - Unspecified,Field - Service,Technician,Employee,Full-Time,MI,2019-04-05,7.41,1.0,40.0,Hourly,29.01,60340.8,29.01,7183.52,6023.45,604.85,5118.07,8261.65,87532.34,42.08,1.4506,clean
GLC-10206,Great Lakes Comfort Systems,Field Service - Repair & Maintenance,Service - Plumbing,Plumbing Service Technician,Unspecified,Plumbing Service Technician - Unspecified,Field - Service,Technician,Employee,Regular,MI,2018-09-25,7.93,1.0,40.0,Hourly,25.5,53040.0,25.5,6314.36,5294.65,531.67,4498.82,8261.65,77941.15,37.47,1.4695,clean
GLC-10213,Great Lakes Comfort Systems,Field Service - Repair & Maintenance,Service - Plumbing,Plumbing Service Technician,Unspecified,Plumbing Service Technician - Unspecified,Field - Service,Technician,Employee,Regular,MI,2021-08-07,5.07,1.0,40.0,Hourly,29.85,62088.0,29.85,7391.52,6197.86,622.37,5266.26,8261.65,89827.66,43.19,1.4468,clean
GLC-10214,Great Lakes Comfort Systems,Field Service - Repair & Maintenance,Service - Plumbing,Plumbing Service Technician,Unspecified,Plumbing Service Technician - Unspecified,Field - Service,Technician,Employee,Regular,MI,2024-08-11,2.05,1.0,40.0,Hourly,27.9,58032.0,27.9,6908.66,5792.97,581.71,4922.23,8261.65,84499.22,40.62,1.4561,clean
GLC-10218,Great Lakes Comfort Systems,Field Service - Repair & Maintenance,Service - Plumbing,Plumbing Service Technician,Unspecified,Plumbing Service Technician - Unspecified,Field - Service,Technician,Employee,Regular,MI,2022-12-13,3.72,1.0,40.0,Hourly,30.34,63107.2,30.34,7512.86,6299.6,632.58,5352.71,8261.65,91166.6,43.83,1.4446,clean
GLC-10221,Great Lakes Comfort Systems,Field Service - Repair & Maintenance,Service - Plumbing,Plumbing Service Technician,Unspecified,Plumbing Service Technician - Unspecified,Field - Service,Technician,Employee,Full-Time,MI,2022-09-15,3.96,1.0,40.0,Hourly,25.41,52852.8,25.41,6292.08,5275.97,529.79,4482.94,8261.65,77695.23,37.35,1.47,clean
GLC-10227,Great Lakes Comfort Systems,Field Service - Repair & Maintenance,Service - Plumbing,Plumbing Service Technician,Unspecified,Plumbing Service Technician - Unspecified,Field - Service,Technician,Employee,Regular,MI,2021-10-02,4.91,1.0,40.0,Hourly,42.23,87838.4,42.23,10457.08,8768.36,880.49,7450.39,8261.65,123656.37,59.45,1.4078,clean
GLC-10230,Great Lakes Comfort Systems,Field Service - Repair & Maintenance,Service - Plumbing,Plumbing Service Technician,Unspecified,Plumbing Service Technician - Unspecified,Field - Service,Technician,Employee,Full-Time,MI,2016-08-19,10.03,1.0,40.0,Hourly,34.34,71427.2,34.34,8503.34,7130.13,715.98,6058.41,8261.65,102096.71,49.08,1.4294,clean
GLC-10231,Great Lakes Comfort Systems,Field Service - Repair & Maintenance,Service - Plumbing,Plumbing Service Technician,Unspecified,Plumbing Service Technician - Unspecified,Field - Service,Technician,Employee,FT,MI,2022-03-23,4.44,1.0,40.0,Hourly,40.13,83470.4,40.13,9937.08,8332.33,836.7,7079.9,8261.65,117918.06,56.69,1.4127,clean
GLC-10233,Great Lakes Comfort Systems,Field Service - Repair & Maintenance,Service - Plumbing,Plumbing Service Technician,Unspecified,Plumbing Service Technician - Unspecified,Field - Service,Technician,Employee,Regular,MI,2024-05-29,2.26,1.0,40.0,Hourly,34.12,70969.6,34.12,8448.87,7084.45,711.4,6019.59,8261.65,101495.56,48.8,1.4301,clean
GLC-10235,Great Lakes Comfort Systems,Field Service - Repair & Maintenance,Service - Plumbing,Plumbing Service Technician,Unspecified,Plumbing Service Technician - Unspecified,Field - Service,Technician,Employee,Regular,MI,2021-07-11,5.14,1.0,40.0,Hourly,41.21,85716.8,41.21,10204.51,8556.58,859.22,7270.44,8261.65,120869.2,58.11,1.4101,clean
GLC-10236,Great Lakes Comfort Systems,Field Service - Repair & Maintenance,Service - Plumbing,Plumbing Service Technician,Unspecified,Plumbing Service Technician - Unspecified,Field - Service,Technician,Employee,Full-Time,MI,2018-07-13,8.13,1.0,40.0,Hourly,34.53,71822.4,34.53,8550.39,7169.58,719.94,6091.93,8261.65,102615.89,49.33,1.4287,clean
GLC-10237,Great Lakes Comfort Systems,Field Service - Repair & Maintenance,Service - Plumbing,Plumbing Service Technician,Unspecified,Plumbing Service Technician - Unspecified,Field - Service,Technician,Employee,Full-Time,MI,2024-01-27,2.59,1.0,40.0,Hourly,43.29,90043.2,43.29,10719.56,8988.45,902.59,7637.4,8261.65,126552.85,60.84,1.4055,clean
GLC-10244,Great Lakes Comfort Systems,Field Service - Repair & Maintenance,Service - Plumbing,Plumbing Service Technician,Unspecified,Plumbing Service Technician - Unspecified,Field - Service,Technician,Employee,,MI,2023-04-21,3.36,1.0,40.0,Hourly,41.02,85321.6,41.02,10157.46,8517.13,855.26,7236.92,8261.65,120350.02,57.86,1.4105,clean
GLC-10245,Great Lakes Comfort Systems,Field Service - Repair & Maintenance,Service - Plumbing,Plumbing Service Technician,Unspecified,Plumbing Service Technician - Unspecified,Field - Service,Technician,Employee,FT,MI,2024-01-08,2.64,1.0,40.0,Hourly,39.06,81244.8,39.06,9672.12,8110.16,814.39,6891.13,8261.65,114994.25,55.29,1.4154,clean
GLC-10248,Great Lakes Comfort Systems,Field Service - Repair & Maintenance,Service - Plumbing,Plumbing Service Technician,Unspecified,Plumbing Service Technician - Unspecified,Field - Service,Technician,Employee,Full-Time,MI,2024-04-08,2.4,1.0,40.0,Hourly,34.84,72467.2,34.84,8627.15,7233.95,726.41,6146.62,8261.65,103462.98,49.74,1.4277,clean
GLC-10249,Great Lakes Comfort Systems,Field Service - Repair & Maintenance,Service - Plumbing,Plumbing Service Technician,Unspecified,Plumbing Service Technician - Unspecified,Field - Service,Technician,Employee,Full-Time,MI,2025-12-12,0.72,1.0,40.0,Hourly,36.31,75524.8,36.31,8991.16,7539.17,757.06,6405.96,8261.65,107479.8,51.67,1.4231,clean
GLC-10392,Great Lakes Comfort Systems,Field Service - Repair & Maintenance,Service - Plumbing,Plumbing Service Technician,Unspecified,Plumbing Service Technician - Unspecified,Field - Service,Technician,Employee,Full-Time,MI,2026-07-28,0.09,1.0,40.0,Hourly,26.0,54080.0,26.0,6438.18,5398.47,542.1,4587.03,8261.65,79307.43,38.13,1.4665,clean
PIN-10136,Pinnacle Plumbing & Drain,Field Service - Repair & Maintenance,Field,Plumbing Service Technician,Apprentice,Plumbing Service Technician - Apprentice,Field - Service,Plumber - Apprentice,Employee,FT,TX,2023-07-27,3.1,1.0,40.0,Hourly,17.41,36212.8,17.41,4311.1,3614.9,363.0,3071.54,8261.65,55834.99,26.84,1.5419,hours_defaulted;pay_basis_imputed
PIN-10137,Pinnacle Plumbing & Drain,Field Service - Repair & Maintenance,Field,Plumbing Service Technician,Apprentice,Plumbing Service Technician - Apprentice,Field - Service,Plumber - Apprentice,Employee,Full-Time,TX,2025-07-27,1.1,1.0,40.0,Hourly,17.21,35796.8,17.21,4261.58,3573.37,358.83,3036.26,8261.65,55288.49,26.58,1.5445,hours_defaulted;pay_basis_imputed
PIN-10138,Pinnacle Plumbing & Drain,Field Service - Repair & Maintenance,Field,Plumbing Service Technician,Apprentice,Plumbing Service Technician - Apprentice,Field - Service,Plumber - Apprentice,Employee,Regular,TX,2024-03-30,2.42,1.0,40.0,Hourly,20.7,43056.0,20.7,5125.78,4298.01,431.59,3651.98,8261.65,64825.01,31.17,1.5056,hours_defaulted;pay_basis_imputed
PIN-10139,Pinnacle Plumbing & Drain,Field Service - Repair & Maintenance,Field,Plumbing Service Technician,Apprentice,Plumbing Service Technician - Apprentice,Field - Service,Plumber - Apprentice,Employee,Regular,TX,2026-04-30,0.34,1.0,40.0,Hourly,17.01,35380.8,17.01,4212.05,3531.85,354.66,3000.98,8261.65,54741.99,26.32,1.5472,hours_defaulted;pay_basis_imputed
PIN-10140,Pinnacle Plumbing & Drain,Field Service - Repair & Maintenance,Field,Plumbing Service Technician,Apprentice,Plumbing Service Technician - Apprentice,Field - Service,Plumber - Apprentice,Employee,Regular,TX,2023-07-04,3.16,1.0,40.0,Hourly,20.69,43035.2,20.69,5123.3,4295.94,431.38,3650.22,8261.65,64797.69,31.15,1.5057,hours_defaulted;pay_basis_imputed
PIN-10141,Pinnacle Plumbing & Drain,Field Service - Repair & Maintenance,Field,Plumbing Service Technician,Apprentice,Plumbing Service Technician - Apprentice,Field - Service,Plumber - Apprentice,Employee,Full-Time,TX,2025-12-11,0.72,1.0,40.0,Hourly,20.01,41620.8,20.01,4954.92,4154.75,417.2,3530.25,8261.65,62939.57,30.26,1.5122,hours_defaulted;pay_basis_imputed
PIN-10142,Pinnacle Plumbing & Drain,Field Service - Repair & Maintenance,Field,Plumbing Service Technician,Apprentice,Plumbing Service Technician - Apprentice,Field - Service,Plumber - Apprentice,Employee,,TX,2023-04-02,3.41,1.0,40.0,Hourly,20.61,42868.8,20.61,5103.49,4279.33,429.71,3636.1,8261.65,64579.08,31.05,1.5064,hours_defaulted;pay_basis_imputed
PIN-10143,Pinnacle Plumbing & Drain,Field Service - Repair & Maintenance,Field,Plumbing Service Technician,Apprentice,Plumbing Service Technician - Apprentice,Field - Service,Plumber - Apprentice,Employee,FT,TX,2025-05-17,1.29,1.0,40.0,Hourly,18.36,38188.8,18.36,4546.34,3812.15,382.8,3239.15,8261.65,58430.89,28.09,1.5301,hours_defaulted;pay_basis_imputed
PIN-10144,Pinnacle Plumbing & Drain,Field Service - Repair & Maintenance,Field,Plumbing Service Technician,Apprentice,Plumbing Service Technician - Apprentice,Field - Service,Plumber - Apprentice,Employee,Full-Time,TX,2023-04-12,3.39,1.0,40.0,Hourly,18.5,38480.0,18.5,4581.01,3841.22,385.72,3263.85,8261.65,58813.45,28.28,1.5284,hours_defaulted;pay_basis_imputed
PIN-10145,Pinnacle Plumbing & Drain,Field Service - Repair & Maintenance,Field,Plumbing Service Technician,Apprentice,Plumbing Service Technician - Apprentice,Field - Service,Plumber - Apprentice,Employee,Regular,TX,2025-04-02,1.41,1.0,40.0,Hourly,21.81,45364.8,21.81,5400.64,4528.49,454.73,3847.81,8261.65,67858.12,32.62,1.4958,hours_defaulted;pay_basis_imputed
PIN-10146,Pinnacle Plumbing & Drain,Field Service - Repair & Maintenance,Field,Plumbing Service Technician,Apprentice,Plumbing Service Technician - Apprentice,Field - Service,Plumber - Apprentice,Employee,Full-Time,TX,2024-07-31,2.08,1.0,40.0,Hourly,19.78,41142.4,19.78,4897.97,4106.99,412.41,3489.67,8261.65,62311.09,29.96,1.5145,hours_defaulted;pay_basis_imputed
PIN-10147,Pinnacle Plumbing & Drain,Field Service - Repair & Maintenance,Field,Plumbing Service Technician,Apprentice,Plumbing Service Technician - Apprentice,Field - Service,Plumber - Apprentice,Employee,Full-Time,TX,2026-03-03,0.5,1.0,40.0,Hourly,20.57,42785.6,20.57,5093.59,4271.02,428.88,3629.05,8261.65,64469.79,31.0,1.5068,hours_defaulted;pay_basis_imputed
PIN-10148,Pinnacle Plumbing & Drain,Field Service - Repair & Maintenance,Field,Plumbing Service Technician,Apprentice,Plumbing Service Technician - Apprentice,Field - Service,Plumber - Apprentice,Employee,Regular,TX,2024-09-08,1.98,1.0,40.0,Hourly,18.15,37752.0,18.15,4494.34,3768.55,378.42,3202.1,8261.65,57857.06,27.82,1.5326,hours_defaulted;pay_basis_imputed
PIN-10149,Pinnacle Plumbing & Drain,Field Service - Repair & Maintenance,Field,Plumbing Service Technician,Apprentice,Plumbing Service Technician - Apprentice,Field - Service,Plumber - Apprentice,Employee,FT,TX,2025-06-12,1.22,1.0,40.0,Hourly,20.57,42785.6,20.57,5093.59,4271.02,428.88,3629.05,8261.65,64469.79,31.0,1.5068,hours_defaulted;pay_basis_imputed
PIN-10150,Pinnacle Plumbing & Drain,Field Service - Repair & Maintenance,Field,Plumbing Service Technician,Apprentice,Plumbing Service Technician - Apprentice,Field - Service,Plumber - Apprentice,Employee,Regular,TX,2026-02-02,0.57,1.0,40.0,Hourly,18.57,38625.6,18.57,4598.34,3855.75,387.18,3276.2,8261.65,59004.72,28.37,1.5276,hours_defaulted;pay_basis_imputed
PIN-10151,Pinnacle Plumbing & Drain,Field Service - Repair & Maintenance,Field,Plumbing Service Technician,Apprentice,Plumbing Service Technician - Apprentice,Field - Service,Plumber - Apprentice,Employee,Full-Time,TX,2021-12-29,4.67,1.0,40.0,Hourly,17.76,36940.8,17.76,4397.77,3687.57,370.29,3133.29,8261.65,56791.37,27.3,1.5374,hours_defaulted;pay_basis_imputed
PIN-10152,Pinnacle Plumbing & Drain,Field Service - Repair & Maintenance,Field,Plumbing Service Technician,Apprentice,Plumbing Service Technician - Apprentice,Field - Service,Plumber - Apprentice,Employee,FT,TX,2024-04-19,2.37,1.0,40.0,Hourly,17.65,36712.0,17.65,4370.53,3664.73,368.0,3113.89,8261.65,56490.8,27.16,1.5388,hours_defaulted;pay_basis_imputed
PIN-10153,Pinnacle Plumbing & Drain,Field Service - Repair & Maintenance,Field,Plumbing Service Technician,Apprentice,Plumbing Service Technician - Apprentice,Field - Service,Plumber - Apprentice,Employee,Regular,TX,2025-07-17,1.12,1.0,40.0,Hourly,20.05,41704.0,20.05,4964.82,4163.05,418.04,3537.3,8261.65,63048.86,30.31,1.5118,hours_defaulted;pay_basis_imputed
PIN-10154,Pinnacle Plumbing & Drain,Field Service - Repair & Maintenance,Field,Plumbing Service Technician,Apprentice,Plumbing Service Technician - Apprentice,Field - Service,Plumber - Apprentice,Employee,Full-Time,TX,2026-02-23,0.52,1.0,40.0,Hourly,21.68,45094.4,21.68,5368.45,4501.49,452.02,3824.88,8261.65,67502.89,32.45,1.4969,hours_defaulted;pay_basis_imputed
PIN-10155,Pinnacle Plumbing & Drain,Field Service - Repair & Maintenance,Field,Plumbing Service Technician,Apprentice,Plumbing Service Technician - Apprentice,Field - Service,Plumber - Apprentice,Employee,FT,TX,2019-07-25,7.1,1.0,40.0,Hourly,21.15,43992.0,21.15,5237.21,4391.45,440.97,3731.37,8261.65,66054.65,31.76,1.5015,hours_defaulted;pay_basis_imputed
PIN-10156,Pinnacle Plumbing & Drain,Field Service - Repair & Maintenance,Field,Plumbing Service Technician,Apprentice,Plumbing Service Technician - Apprentice,Field - Service,Plumber - Apprentice,Employee,Regular,TX,2023-06-14,3.21,1.0,40.0,Hourly,20.48,42598.4,20.48,5071.3,4252.33,427.0,3613.17,8261.65,64223.85,30.88,1.5077,hours_defaulted;pay_basis_imputed
PIN-10157,Pinnacle Plumbing & Drain,Field Service - Repair & Maintenance,Field,Plumbing Service Technician,Apprentice,Plumbing Service Technician - Apprentice,Field - Service,Plumber - Apprentice,Employee,,TX,2024-07-15,2.13,1.0,40.0,Hourly,19.06,39644.8,19.06,4719.68,3957.49,397.4,3362.64,8261.65,60343.66,29.01,1.5221,hours_defaulted;pay_basis_imputed
PIN-10158,Pinnacle Plumbing & Drain,Field Service - Repair & Maintenance,Field,Plumbing Service Technician,Apprentice,Plumbing Service Technician - Apprentice,Field - Service,Plumber - Apprentice,Employee,Regular,TX,2017-01-24,9.6,1.0,40.0,Hourly,19.64,40851.2,19.64,4863.3,4077.92,409.49,3464.97,8261.65,61928.53,29.77,1.516,hours_defaulted;pay_basis_imputed
PIN-10159,Pinnacle Plumbing & Drain,Field Service - Repair & Maintenance,Field,Plumbing Service Technician,Apprentice,Plumbing Service Technician - Apprentice,Field - Service,Plumber - Apprentice,Employee,Regular,TX,2025-10-13,0.88,1.0,40.0,Hourly,21.13,43950.4,21.13,5232.26,4387.3,440.56,3727.84,8261.65,66000.01,31.73,1.5017,hours_defaulted;pay_basis_imputed
PIN-10160,Pinnacle Plumbing & Drain,Field Service - Repair & Maintenance,Field,Plumbing Service Technician,Apprentice,Plumbing Service Technician - Apprentice,Field - Service,Plumber - Apprentice,Employee,FT,TX,2015-08-21,11.03,1.0,40.0,Hourly,17.27,35921.6,17.27,4276.43,3585.83,360.08,3046.85,8261.65,55452.44,26.66,1.5437,hours_defaulted;pay_basis_imputed
PIN-10161,Pinnacle Plumbing & Drain,Field Service - Repair & Maintenance,Field,Plumbing Service Technician,Apprentice,Plumbing Service Technician - Apprentice,Field - Service,Plumber - Apprentice,Employee,Regular,TX,2017-05-21,9.28,1.0,40.0,Hourly,17.08,35526.4,17.08,4229.39,3546.38,356.11,3013.32,8261.65,54933.25,26.41,1.5463,hours_defaulted;pay_basis_imputed
PIN-10162,Pinnacle Plumbing & Drain,Field Service - Repair & Maintenance,Field,Plumbing Service Technician,Apprentice,Plumbing Service Technician - Apprentice,Field - Service,Plumber - Apprentice,Employee,,TX,2021-11-03,4.82,1.0,40.0,Hourly,19.63,40830.4,19.63,4860.82,4075.85,409.28,3463.21,8261.65,61901.21,29.76,1.5161,hours_defaulted;pay_basis_imputed
PIN-10163,Pinnacle Plumbing & Drain,Field Service - Repair & Maintenance,Field,Plumbing Service Technician,Journeyman,Plumbing Service Technician - Journeyman,Field - Service,Plumber - Journeyman,Employee,,TX,2022-08-31,4.0,1.0,40.0,Hourly,29.36,61068.8,29.36,7270.19,6096.12,612.15,5179.81,8261.65,88488.72,42.54,1.449,hours_defaulted;pay_basis_imputed
PIN-10164,Pinnacle Plumbing & Drain,Field Service - Repair & Maintenance,Field,Plumbing Service Technician,Journeyman,Plumbing Service Technician - Journeyman,Field - Service,Plumber - Journeyman,Employee,Regular,TX,2014-02-07,12.56,1.0,40.0,Hourly,33.58,69846.4,33.58,8315.15,6972.33,700.14,5924.32,8261.65,100019.99,48.09,1.432,hours_defaulted;pay_basis_imputed
PIN-10165,Pinnacle Plumbing & Drain,Field Service - Repair & Maintenance,Field,Plumbing Service Technician,Journeyman,Plumbing Service Technician - Journeyman,Field - Service,Plumber - Journeyman,Employee,FT,TX,2022-04-04,4.41,1.0,40.0,Hourly,27.46,57116.8,27.46,6799.7,5701.62,572.54,4844.61,8261.65,83296.92,40.05,1.4584,hours_defaulted;pay_basis_imputed
PIN-10166,Pinnacle Plumbing & Drain,Field Service - Repair & Maintenance,Field,Plumbing Service Technician,Journeyman,Plumbing Service Technician - Journeyman,Field - Service,Plumber - Journeyman,Employee,FT,TX,2025-01-28,1.59,1.0,40.0,Hourly,25.32,52665.6,25.32,6269.79,5257.28,527.92,4467.06,8261.65,77449.3,37.24,1.4706,hours_defaulted;pay_basis_imputed
PIN-10167,Pinnacle Plumbing & Drain,Field Service - Repair & Maintenance,Field,Plumbing Service Technician,Journeyman,Plumbing Service Technician - Journeyman,Field - Service,Plumber - Journeyman,Employee,Regular,TX,2021-04-18,5.37,1.0,40.0,Hourly,30.21,62836.8,30.21,7480.66,6272.61,629.87,5329.77,8261.65,90811.36,43.66,1.4452,hours_defaulted;pay_basis_imputed
PIN-10168,Pinnacle Plumbing & Drain,Field Service - Repair & Maintenance,Field,Plumbing Service Technician,Journeyman,Plumbing Service Technician - Journeyman,Field - Service,Plumber - Journeyman,Employee,FT,TX,2023-09-01,3.0,1.0,40.0,Hourly,31.83,66206.4,31.83,7881.81,6608.97,663.65,5615.58,8261.65,95238.06,45.79,1.4385,hours_defaulted;pay_basis_imputed
PIN-10169,Pinnacle Plumbing & Drain,Field Service - Repair & Maintenance,Field,Plumbing Service Technician,Journeyman,Plumbing Service Technician - Journeyman,Field - Service,Plumber - Journeyman,Employee,,TX,2024-05-05,2.32,1.0,40.0,Hourly,27.9,58032.0,27.9,6908.66,5792.97,581.71,4922.23,8261.65,84499.22,40.62,1.4561,hours_defaulted;pay_basis_imputed
PIN-10170,Pinnacle Plumbing & Drain,Field Service - Repair & Maintenance,Field,Plumbing Service Technician,Journeyman,Plumbing Service Technician - Journeyman,Field - Service,Plumber - Journeyman,Employee,Regular,TX,2024-01-23,2.6,1.0,40.0,Hourly,31.53,65582.4,31.53,7807.53,6546.68,657.39,5562.65,8261.65,94418.3,45.39,1.4397,hours_defaulted;pay_basis_imputed
PIN-10171,Pinnacle Plumbing & Drain,Field Service - Repair & Maintenance,Field,Plumbing Service Technician,Journeyman,Plumbing Service Technician - Journeyman,Field - Service,Plumber - Journeyman,Employee,,TX,2025-02-06,1.56,1.0,40.0,Hourly,26.58,55286.4,26.58,6581.8,5518.9,554.19,4689.35,8261.65,80892.29,38.89,1.4631,hours_defaulted;pay_basis_imputed
PIN-10172,Pinnacle Plumbing & Drain,Field Service - Repair & Maintenance,Field,Plumbing Service Technician,Journeyman,Plumbing Service Technician - Journeyman,Field - Service,Plumber - Journeyman,Employee,FT,TX,2020-11-26,5.76,1.0,40.0,Hourly,32.27,67121.6,32.27,7990.77,6700.33,672.82,5693.21,8261.65,96440.38,46.37,1.4368,hours_defaulted;pay_basis_imputed
PIN-10173,Pinnacle Plumbing & Drain,Field Service - Repair & Maintenance,Field,Plumbing Service Technician,Journeyman,Plumbing Service Technician - Journeyman,Field - Service,Plumber - Journeyman,Employee,,TX,2020-08-24,6.02,1.0,40.0,Hourly,30.61,63668.8,30.61,7579.71,6355.66,638.21,5400.34,8261.65,91904.37,44.18,1.4435,hours_defaulted;pay_basis_imputed
PIN-10174,Pinnacle Plumbing & Drain,Field Service - Repair & Maintenance,Field,Plumbing Service Technician,Journeyman,Plumbing Service Technician - Journeyman,Field - Service,Plumber - Journeyman,Employee,Full-Time,TX,2012-05-31,14.25,1.0,40.0,Hourly,31.89,66331.2,31.89,7896.67,6621.43,664.9,5626.17,8261.65,95402.02,45.87,1.4383,hours_defaulted;pay_basis_imputed
PIN-10175,Pinnacle Plumbing & Drain,Field Service - Repair & Maintenance,Field,Plumbing Service Technician,Journeyman,Plumbing Service Technician - Journeyman,Field - Service,Plumber - Journeyman,Employee,,TX,2026-04-12,0.39,1.0,40.0,Hourly,31.09,64667.2,31.09,7698.57,6455.33,648.22,5485.03,8261.65,93216.0,44.82,1.4415,hours_defaulted;pay_basis_imputed
PIN-10176,Pinnacle Plumbing & Drain,Field Service - Repair & Maintenance,Field,Plumbing Service Technician,Journeyman,Plumbing Service Technician - Journeyman,Field - Service,Plumber - Journeyman,Employee,FT,TX,2021-12-31,4.67,1.0,40.0,Hourly,28.48,59238.4,28.48,7052.28,5913.4,593.8,5024.56,8261.65,86084.09,41.39,1.4532,hours_defaulted;pay_basis_imputed
PIN-10177,Pinnacle Plumbing & Drain,Field Service - Repair & Maintenance,Field,Plumbing Service Technician,Journeyman,Plumbing Service Technician - Journeyman,Field - Service,Plumber - Journeyman,Employee,Regular,TX,2022-12-02,3.75,1.0,40.0,Hourly,30.82,64105.6,30.82,7631.71,6399.26,642.59,5437.39,8261.65,92478.2,44.46,1.4426,hours_defaulted;pay_basis_imputed
PIN-10178,Pinnacle Plumbing & Drain,Field Service - Repair & Maintenance,Field,Plumbing Service Technician,Journeyman,Plumbing Service Technician - Journeyman,Field - Service,Plumber - Journeyman,Employee,Regular,TX,2025-02-01,1.58,1.0,40.0,Hourly,29.43,61214.4,29.43,7287.52,6110.65,613.61,5192.16,8261.65,88679.99,42.63,1.4487,hours_defaulted;pay_basis_imputed
PIN-10179,Pinnacle Plumbing & Drain,Field Service - Repair & Maintenance,Field,Plumbing Service Technician,Journeyman,Plumbing Service Technician - Journeyman,Field - Service,Plumber - Journeyman,Employee,Regular,TX,2022-03-08,4.48,1.0,40.0,Hourly,29.27,60881.6,29.27,7247.9,6077.43,610.27,5163.94,8261.65,88242.79,42.42,1.4494,hours_defaulted;pay_basis_imputed
PIN-10180,Pinnacle Plumbing & Drain,Field Service - Repair & Maintenance,Field,Plumbing Service Technician,Journeyman,Plumbing Service Technician - Journeyman,Field - Service,Plumber - Journeyman,Employee,Full-Time,TX,2020-10-08,5.89,1.0,40.0,Hourly,28.17,58593.6,28.17,6975.52,5849.04,587.34,4969.87,8261.65,85237.02,40.98,1.4547,hours_defaulted;pay_basis_imputed
PIN-10181,Pinnacle Plumbing & Drain,Field Service - Repair & Maintenance,Field,Plumbing Service Technician,Journeyman,Plumbing Service Technician - Journeyman,Field - Service,Plumber - Journeyman,Employee,,TX,2024-08-02,2.08,1.0,40.0,Hourly,27.26,56700.8,27.26,6750.18,5660.09,568.37,4809.32,8261.65,82750.41,39.78,1.4594,hours_defaulted;pay_basis_imputed
PIN-10182,Pinnacle Plumbing & Drain,Field Service - Repair & Maintenance,Field,Plumbing Service Technician,Journeyman,Plumbing Service Technician - Journeyman,Field - Service,Plumber - Journeyman,Employee,,TX,2022-07-24,4.1,1.0,40.0,Hourly,26.77,55681.6,26.77,6628.84,5558.35,558.15,4722.88,8261.65,81411.47,39.14,1.4621,hours_defaulted;pay_basis_imputed
PIN-10183,Pinnacle Plumbing & Drain,Field Service - Repair & Maintenance,Field,Plumbing Service Technician,Journeyman,Plumbing Service Technician - Journeyman,Field - Service,Plumber - Journeyman,Employee,,TX,2022-12-19,3.7,1.0,40.0,Hourly,28.29,58843.2,28.29,7005.23,5873.95,589.84,4991.04,8261.65,85564.91,41.14,1.4541,hours_defaulted;pay_basis_imputed
PIN-10184,Pinnacle Plumbing & Drain,Field Service - Repair & Maintenance,Field,Plumbing Service Technician,Journeyman,Plumbing Service Technician - Journeyman,Field - Service,Plumber - Journeyman,Employee,,TX,2023-08-14,3.05,1.0,40.0,Hourly,24.06,50044.8,24.06,5957.79,4995.66,501.65,4244.77,8261.65,74006.32,35.58,1.4788,hours_defaulted;pay_basis_imputed
PIN-10185,Pinnacle Plumbing & Drain,Field Service - Repair & Maintenance,Field,Plumbing Service Technician,Journeyman,Plumbing Service Technician - Journeyman,Field - Service,Plumber - Journeyman,Employee,Full-Time,TX,2023-04-20,3.36,1.0,40.0,Hourly,32.47,67537.6,32.47,8040.29,6741.86,676.99,5728.49,8261.65,96986.88,46.63,1.436,hours_defaulted;pay_basis_imputed
PIN-10186,Pinnacle Plumbing & Drain,Field Service - Repair & Maintenance,Field,Plumbing Service Technician,Journeyman,Plumbing Service Technician - Journeyman,Field - Service,Plumber - Journeyman,Employee,Regular,TX,2024-01-07,2.65,1.0,40.0,Hourly,33.9,70512.0,33.9,8394.39,7038.78,706.81,5980.78,8261.65,100894.41,48.51,1.4309,hours_defaulted;pay_basis_imputed
PIN-10187,Pinnacle Plumbing & Drain,Field Service - Repair & Maintenance,Field,Plumbing Service Technician,Journeyman,Plumbing Service Technician - Journeyman,Field - Service,Plumber - Journeyman,Employee,Full-Time,TX,2025-03-22,1.44,1.0,40.0,Hourly,25.6,53248.0,25.6,6339.13,5315.42,533.76,4516.46,8261.65,78214.42,37.6,1.4689,hours_defaulted;pay_basis_imputed
PIN-10188,Pinnacle Plumbing & Drain,Field Service - Repair & Maintenance,Field,Plumbing Service Technician,Journeyman,Plumbing Service Technician - Journeyman,Field - Service,Plumber - Journeyman,Employee,Regular,TX,2022-08-18,4.04,1.0,40.0,Hourly,29.77,61921.6,29.77,7371.71,6181.25,620.7,5252.15,8261.65,89609.06,43.08,1.4471,hours_defaulted;pay_basis_imputed
PIN-10189,Pinnacle Plumbing & Drain,Field Service - Repair & Maintenance,Field,Plumbing Service Technician,Journeyman,Plumbing Service Technician - Journeyman,Field - Service,Plumber - Journeyman,Employee,Full-Time,TX,2022-05-13,4.3,1.0,40.0,Hourly,29.68,61734.4,29.68,7349.42,6162.56,618.82,5236.27,8261.65,89363.12,42.96,1.4475,hours_defaulted;pay_basis_imputed
PIN-10190,Pinnacle Plumbing & Drain,Field Service - Repair & Maintenance,Field,Plumbing Service Technician,Journeyman,Plumbing Service Technician - Journeyman,Field - Service,Plumber - Journeyman,Employee,,TX,2024-07-30,2.09,1.0,40.0,Hourly,28.93,60174.4,28.93,7163.71,6006.84,603.19,5103.95,8261.65,87313.74,41.98,1.451,hours_defaulted;pay_basis_imputed
PIN-10191,Pinnacle Plumbing & Drain,Field Service - Repair & Maintenance,Field,Plumbing Service Technician,Journeyman,Plumbing Service Technician - Journeyman,Field - Service,Plumber - Journeyman,Employee,Regular,TX,2024-04-12,2.38,1.0,40.0,Hourly,31.58,65686.4,31.58,7819.91,6557.07,658.44,5571.48,8261.65,94554.95,45.46,1.4395,hours_defaulted;pay_basis_imputed
PIN-10192,Pinnacle Plumbing & Drain,Field Service - Repair & Maintenance,Field,Plumbing Service Technician,Journeyman,Plumbing Service Technician - Journeyman,Field - Service,Plumber - Journeyman,Employee,Regular,TX,2020-03-18,6.45,1.0,40.0,Hourly,31.53,65582.4,31.53,7807.53,6546.68,657.39,5562.65,8261.65,94418.3,45.39,1.4397,hours_defaulted;pay_basis_imputed
PIN-10193,Pinnacle Plumbing & Drain,Field Service - Repair & Maintenance,Field,Plumbing Service Technician,Journeyman,Plumbing Service Technician - Journeyman,Field - Service,Plumber - Journeyman,Employee,FT,TX,2021-05-15,5.3,1.0,40.0,Hourly,32.7,68016.0,32.7,8097.24,6789.62,681.79,5769.07,8261.65,97615.37,46.93,1.4352,hours_defaulted;pay_basis_imputed
PIN-10194,Pinnacle Plumbing & Drain,Field Service - Repair & Maintenance,Field,Plumbing Service Technician,Journeyman,Plumbing Service Technician - Journeyman,Field - Service,Plumber - Journeyman,Employee,Regular,TX,2021-12-03,4.74,1.0,40.0,Hourly,29.51,61380.8,29.51,7307.33,6127.26,615.28,5206.28,8261.65,88898.6,42.74,1.4483,hours_defaulted;pay_basis_imputed
PIN-10195,Pinnacle Plumbing & Drain,Field Service - Repair & Maintenance,Field,Plumbing Service Technician,Journeyman,Plumbing Service Technician - Journeyman,Field - Service,Plumber - Journeyman,Employee,Full-Time,TX,2025-07-25,1.1,1.0,40.0,Hourly,30.87,64209.6,30.87,7644.09,6409.65,643.63,5446.21,8261.65,92614.83,44.53,1.4424,hours_defaulted;pay_basis_imputed
PIN-10196,Pinnacle Plumbing & Drain,Field Service - Repair & Maintenance,Field,Plumbing Service Technician,Journeyman,Plumbing Service Technician - Journeyman,Field - Service,Plumber - Journeyman,Employee,,TX,2020-04-18,6.37,1.0,40.0,Hourly,26.31,54724.8,26.31,6514.94,5462.84,548.56,4641.72,8261.65,80154.51,38.54,1.4647,hours_defaulted;pay_basis_imputed
PIN-10197,Pinnacle Plumbing & Drain,Field Service - Repair & Maintenance,Field,Plumbing Service Technician,Journeyman,Plumbing Service Technician - Journeyman,Field - Service,Plumber - Journeyman,Employee,,TX,2023-08-18,3.04,1.0,40.0,Hourly,25.89,53851.2,25.89,6410.94,5375.63,539.8,4567.62,8261.65,79006.84,37.98,1.4671,hours_defaulted;pay_basis_imputed
PIN-10198,Pinnacle Plumbing & Drain,Field Service - Repair & Maintenance,Field,Plumbing Service Technician,Journeyman,Plumbing Service Technician - Journeyman,Field - Service,Plumber - Journeyman,Employee,Regular,TX,2024-06-04,2.24,1.0,40.0,Hourly,24.86,51708.8,24.86,6155.89,5161.77,518.33,4385.9,8261.65,76192.34,36.63,1.4735,hours_defaulted;pay_basis_imputed
PIN-10199,Pinnacle Plumbing & Drain,Field Service - Repair & Maintenance,Field,Plumbing Service Technician,Journeyman,Plumbing Service Technician - Journeyman,Field - Service,Plumber - Journeyman,Employee,Full-Time,TX,2024-04-27,2.34,1.0,40.0,Hourly,27.67,57553.6,27.67,6851.7,5745.22,576.91,4881.66,8261.65,83870.74,40.32,1.4573,hours_defaulted;pay_basis_imputed
PIN-10200,Pinnacle Plumbing & Drain,Field Service - Repair & Maintenance,Field,Plumbing Service Technician,Journeyman,Plumbing Service Technician - Journeyman,Field - Service,Plumber - Journeyman,Employee,Regular,TX,2019-05-10,7.31,1.0,40.0,Hourly,28.2,58656.0,28.2,6982.94,5855.26,587.96,4975.16,8261.65,85318.97,41.02,1.4546,hours_defaulted;pay_basis_imputed
PIN-10201,Pinnacle Plumbing & Drain,Field Service - Repair & Maintenance,Field,Plumbing Service Technician,Journeyman,Plumbing Service Technician - Journeyman,Field - Service,Plumber - Journeyman,Employee,Full-Time,TX,2025-08-19,1.03,1.0,40.0,Hourly,26.21,54516.8,26.21,6490.18,5442.07,546.47,4624.08,8261.65,79881.25,38.4,1.4653,hours_defaulted;pay_basis_imputed
PIN-10202,Pinnacle Plumbing & Drain,Field Service - Repair & Maintenance,Field,Plumbing Service Technician,Journeyman,Plumbing Service Technician - Journeyman,Field - Service,Plumber - Journeyman,Employee,,TX,2025-02-03,1.57,1.0,40.0,Hourly,27.42,57033.6,27.42,6789.8,5693.31,571.7,4837.55,8261.65,83187.61,39.99,1.4586,hours_defaulted;pay_basis_imputed
PIN-10203,Pinnacle Plumbing & Drain,Field Service - Repair & Maintenance,Field,Plumbing Service Technician,Journeyman,Plumbing Service Technician - Journeyman,Field - Service,Plumber - Journeyman,Employee,Regular,TX,2023-12-10,2.72,1.0,40.0,Hourly,28.19,58635.2,28.19,6980.47,5853.19,587.76,4973.4,8261.65,85291.67,41.01,1.4546,hours_defaulted;pay_basis_imputed
PIN-10204,Pinnacle Plumbing & Drain,Field Service - Repair & Maintenance,Field,Plumbing Service Technician,Journeyman,Plumbing Service Technician - Journeyman,Field - Service,Plumber - Journeyman,Employee,,TX,2022-10-04,3.91,1.0,40.0,Hourly,29.65,61672.0,29.65,7342.0,6156.33,618.2,5230.98,8261.65,89281.16,42.92,1.4477,hours_defaulted;pay_basis_imputed
PIN-10205,Pinnacle Plumbing & Drain,Field Service - Repair & Maintenance,Field,Plumbing Service Technician,Journeyman,Plumbing Service Technician - Journeyman,Field - Service,Plumber - Journeyman,Employee,Regular,TX,2023-03-08,3.48,1.0,40.0,Hourly,28.56,59404.8,28.56,7072.09,5930.01,595.47,5038.67,8261.65,86302.69,41.49,1.4528,hours_defaulted;pay_basis_imputed
PIN-10206,Pinnacle Plumbing & Drain,Field Service - Repair & Maintenance,Field,Plumbing Service Technician,Journeyman,Plumbing Service Technician - Journeyman,Field - Service,Plumber - Journeyman,Employee,,TX,2022-08-05,4.07,1.0,40.0,Hourly,29.52,61401.6,29.52,7309.81,6129.34,615.49,5208.04,8261.65,88925.93,42.75,1.4483,hours_defaulted;pay_basis_imputed
PIN-10207,Pinnacle Plumbing & Drain,Field Service - Repair & Maintenance,Field,Plumbing Service Technician,Journeyman,Plumbing Service Technician - Journeyman,Field - Service,Plumber - Journeyman,Employee,Regular,TX,2024-04-02,2.41,1.0,40.0,Hourly,25.86,53788.8,25.86,6403.51,5369.4,539.18,4562.33,8261.65,78924.87,37.94,1.4673,hours_defaulted;pay_basis_imputed
PIN-10208,Pinnacle Plumbing & Drain,Field Service - Repair & Maintenance,Field,Plumbing Service Technician,Journeyman,Plumbing Service Technician - Journeyman,Field - Service,Plumber - Journeyman,Employee,Full-Time,TX,2017-12-01,8.75,1.0,40.0,Hourly,24.95,51896.0,24.95,6178.17,5180.46,520.2,4401.78,8261.65,76438.26,36.75,1.4729,hours_defaulted;pay_basis_imputed
PIN-10209,Pinnacle Plumbing & Drain,Field Service - Repair & Maintenance,Field,Plumbing Service Technician,Journeyman,Plumbing Service Technician - Journeyman,Field - Service,Plumber - Journeyman,Employee,FT,TX,2019-05-06,7.32,1.0,40.0,Hourly,27.39,56971.2,27.39,6782.37,5687.08,571.08,4832.26,8261.65,83105.64,39.95,1.4587,hours_defaulted;pay_basis_imputed
PIN-10210,Pinnacle Plumbing & Drain,Field Service - Repair & Maintenance,Field,Plumbing Service Technician,Journeyman,Plumbing Service Technician - Journeyman,Field - Service,Plumber - Journeyman,Employee,Regular,TX,2020-05-06,6.32,1.0,40.0,Hourly,26.66,55452.8,26.66,6601.61,5535.51,555.86,4703.47,8261.65,81110.9,39.0,1.4627,hours_defaulted;pay_basis_imputed
PIN-10211,Pinnacle Plumbing & Drain,Field Service - Repair & Maintenance,Field,Plumbing Service Technician,Journeyman,Plumbing Service Technician - Journeyman,Field - Service,Plumber - Journeyman,Employee,,TX,2023-03-06,3.49,1.0,40.0,Hourly,25.9,53872.0,25.9,6413.41,5377.71,540.01,4569.39,8261.65,79034.17,38.0,1.4671,hours_defaulted;pay_basis_imputed
PIN-10212,Pinnacle Plumbing & Drain,Field Service - Repair & Maintenance,Field,Plumbing Service Technician,Journeyman,Plumbing Service Technician - Journeyman,Field - Service,Plumber - Journeyman,Employee,Regular,TX,2022-06-26,4.18,1.0,40.0,Hourly,33.82,70345.6,33.82,8374.58,7022.16,705.14,5966.67,8261.65,100675.8,48.4,1.4312,hours_defaulted;pay_basis_imputed
PIN-10213,Pinnacle Plumbing & Drain,Field Service - Repair & Maintenance,Field,Plumbing Service Technician,Journeyman,Plumbing Service Technician - Journeyman,Field - Service,Plumber - Journeyman,Employee,FT,TX,2023-10-03,2.91,1.0,40.0,Hourly,31.54,65603.2,31.54,7810.0,6548.76,657.6,5564.42,8261.65,94445.63,45.41,1.4396,hours_defaulted;pay_basis_imputed
PIN-10214,Pinnacle Plumbing & Drain,Field Service - Repair & Maintenance,Field,Plumbing Service Technician,Journeyman,Plumbing Service Technician - Journeyman,Field - Service,Plumber - Journeyman,Employee,FT,TX,2022-11-02,3.83,1.0,40.0,Hourly,33.44,69555.2,33.44,8280.48,6943.26,697.22,5899.62,8261.65,99637.43,47.9,1.4325,hours_defaulted;pay_basis_imputed
PIN-10215,Pinnacle Plumbing & Drain,Field Service - Repair & Maintenance,Field,Plumbing Service Technician,Journeyman,Plumbing Service Technician - Journeyman,Field - Service,Plumber - Journeyman,Employee,Full-Time,TX,2022-01-31,4.58,1.0,40.0,Hourly,24.48,50918.4,24.48,6061.79,5082.87,510.4,4318.86,8261.65,75153.97,36.13,1.476,hours_defaulted;pay_basis_imputed
PIN-10216,Pinnacle Plumbing & Drain,Field Service - Repair & Maintenance,Field,Plumbing Service Technician,Journeyman,Plumbing Service Technician - Journeyman,Field - Service,Plumber - Journeyman,Employee,Regular,TX,2024-03-17,2.46,1.0,40.0,Hourly,25.72,53497.6,25.72,6368.84,5340.33,536.26,4537.63,8261.65,78542.31,37.76,1.4681,hours_defaulted;pay_basis_imputed
PIN-10217,Pinnacle Plumbing & Drain,Field Service - Repair & Maintenance,Field,Plumbing Service Technician,Journeyman,Plumbing Service Technician - Journeyman,Field - Service,Plumber - Journeyman,Employee,,TX,2024-09-25,1.93,1.0,40.0,Hourly,24.49,50939.2,24.49,6064.27,5084.94,510.61,4320.63,8261.65,75181.3,36.14,1.4759,hours_defaulted;pay_basis_imputed
PIN-10218,Pinnacle Plumbing & Drain,Field Service - Repair & Maintenance,Field,Plumbing Service Technician,Journeyman,Plumbing Service Technician - Journeyman,Field - Service,Plumber - Journeyman,Employee,,TX,2025-01-17,1.62,1.0,40.0,Hourly,30.32,63065.6,30.32,7507.9,6295.45,632.17,5349.18,8261.65,91111.95,43.8,1.4447,hours_defaulted;pay_basis_imputed
PIN-10219,Pinnacle Plumbing & Drain,Field Service - Repair & Maintenance,Field,Plumbing Service Technician,Journeyman,Plumbing Service Technician - Journeyman,Field - Service,Plumber - Journeyman,Employee,Regular,TX,2013-04-29,13.34,1.0,40.0,Hourly,26.08,54246.4,26.08,6457.98,5415.08,543.76,4601.14,8261.65,79526.01,38.23,1.466,hours_defaulted;pay_basis_imputed
PIN-10220,Pinnacle Plumbing & Drain,Field Service - Repair & Maintenance,Field,Plumbing Service Technician,Journeyman,Plumbing Service Technician - Journeyman,Field - Service,Plumber - Journeyman,Employee,FT,TX,2026-04-20,0.36,1.0,40.0,Hourly,32.38,67350.4,32.38,8018.0,6723.17,675.12,5712.61,8261.65,96740.95,46.51,1.4364,hours_defaulted;pay_basis_imputed
PIN-10221,Pinnacle Plumbing & Drain,Field Service - Repair & Maintenance,Field,Plumbing Service Technician,Journeyman,Plumbing Service Technician - Journeyman,Field - Service,Plumber - Journeyman,Employee,,TX,2022-09-13,3.96,1.0,40.0,Hourly,26.01,54100.8,26.01,6440.65,5400.55,542.3,4588.79,8261.65,79334.74,38.14,1.4664,hours_defaulted;pay_basis_imputed
PIN-10222,Pinnacle Plumbing & Drain,Field Service - Repair & Maintenance,Field,Plumbing Service Technician,Journeyman,Plumbing Service Technician - Journeyman,Field - Service,Plumber - Journeyman,Employee,FT,TX,2025-05-30,1.25,1.0,40.0,Hourly,26.89,55931.2,26.89,6658.56,5583.26,560.65,4744.05,8261.65,81739.37,39.3,1.4614,hours_defaulted;pay_basis_imputed
PIN-10223,Pinnacle Plumbing & Drain,Field Service - Repair & Maintenance,Field,Plumbing Service Technician,Journeyman,Plumbing Service Technician - Journeyman,Field - Service,Plumber - Journeyman,Employee,Full-Time,TX,2011-06-30,15.17,1.0,40.0,Hourly,31.67,65873.6,31.67,7842.19,6575.75,660.31,5587.35,8261.65,94800.85,45.58,1.4391,hours_defaulted;pay_basis_imputed
PIN-10224,Pinnacle Plumbing & Drain,Field Service - Repair & Maintenance,Field,Plumbing Service Technician,Journeyman,Plumbing Service Technician - Journeyman,Field - Service,Plumber - Journeyman,Employee,FT,TX,2022-04-30,4.34,1.0,40.0,Hourly,27.59,57387.2,27.59,6831.89,5728.61,575.25,4867.54,8261.65,83652.14,40.22,1.4577,hours_defaulted;pay_basis_imputed
PIN-10225,Pinnacle Plumbing & Drain,Field Service - Repair & Maintenance,Field,Plumbing Service Technician,Journeyman,Plumbing Service Technician - Journeyman,Field - Service,Plumber - Journeyman,Employee,Full-Time,TX,2023-04-27,3.35,1.0,40.0,Hourly,33.85,70408.0,33.85,8382.01,7028.39,705.77,5971.96,8261.65,100757.78,48.44,1.4311,hours_defaulted;pay_basis_imputed
PIN-10226,Pinnacle Plumbing & Drain,Field Service - Repair & Maintenance,Field,Plumbing Service Technician,Journeyman,Plumbing Service Technician - Journeyman,Field - Service,Plumber - Journeyman,Employee,FT,TX,2021-06-22,5.19,1.0,40.0,Hourly,25.7,53456.0,25.7,6363.89,5336.18,535.84,4534.1,8261.65,78487.66,37.73,1.4683,hours_defaulted;pay_basis_imputed
PIN-10227,Pinnacle Plumbing & Drain,Field Service - Repair & Maintenance,Field,Plumbing Service Technician,Journeyman,Plumbing Service Technician - Journeyman,Field - Service,Plumber - Journeyman,Employee,,TX,2021-02-08,5.56,1.0,40.0,Hourly,32.45,67496.0,32.45,8035.34,6737.71,676.58,5724.96,8261.65,96932.24,46.6,1.4361,hours_defaulted;pay_basis_imputed
PIN-10228,Pinnacle Plumbing & Drain,Field Service - Repair & Maintenance,Field,Plumbing Service Technician,Journeyman,Plumbing Service Technician - Journeyman,Field - Service,Plumber - Journeyman,Employee,,TX,2023-02-14,3.54,1.0,40.0,Hourly,28.74,59779.2,28.74,7116.66,5967.39,599.22,5070.43,8261.65,86794.55,41.73,1.4519,hours_defaulted;pay_basis_imputed
PIN-10229,Pinnacle Plumbing & Drain,Field Service - Repair & Maintenance,Field,Plumbing Service Technician,Journeyman,Plumbing Service Technician - Journeyman,Field - Service,Plumber - Journeyman,Employee,FT,TX,2022-07-25,4.1,1.0,40.0,Hourly,30.16,62732.8,30.16,7468.28,6262.23,628.83,5320.95,8261.65,90674.74,43.59,1.4454,hours_defaulted;pay_basis_imputed
PIN-10230,Pinnacle Plumbing & Drain,Field Service - Repair & Maintenance,Field,Plumbing Service Technician,Journeyman,Plumbing Service Technician - Journeyman,Field - Service,Plumber - Journeyman,Employee,,TX,2024-05-27,2.26,1.0,40.0,Hourly,30.37,63169.6,30.37,7520.28,6305.83,633.21,5358.0,8261.65,91248.57,43.87,1.4445,hours_defaulted;pay_basis_imputed
PIN-10231,Pinnacle Plumbing & Drain,Field Service - Repair & Maintenance,Field,Plumbing Service Technician,Journeyman,Plumbing Service Technician - Journeyman,Field - Service,Plumber - Journeyman,Employee,Full-Time,TX,2018-01-01,8.66,1.0,40.0,Hourly,24.65,51272.0,24.65,6103.89,5118.17,513.95,4348.86,8261.65,75618.52,36.36,1.4749,hours_defaulted;pay_basis_imputed
PIN-10232,Pinnacle Plumbing & Drain,Field Service - Repair & Maintenance,Field,Plumbing Service Technician,Journeyman,Plumbing Service Technician - Journeyman,Field - Service,Plumber - Journeyman,Employee,FT,TX,2024-10-21,1.86,1.0,40.0,Hourly,28.1,58448.0,28.1,6958.18,5834.5,585.88,4957.52,8261.65,85045.73,40.89,1.4551,hours_defaulted;pay_basis_imputed
PIN-10233,Pinnacle Plumbing & Drain,Field Service - Repair & Maintenance,Field,Plumbing Service Technician,Journeyman,Plumbing Service Technician - Journeyman,Field - Service,Plumber - Journeyman,Employee,,TX,2020-01-04,6.66,1.0,40.0,Hourly,26.71,55556.8,26.71,6613.99,5545.89,556.9,4712.29,8261.65,81247.52,39.06,1.4624,hours_defaulted;pay_basis_imputed
PIN-10234,Pinnacle Plumbing & Drain,Field Service - Repair & Maintenance,Field,Plumbing Service Technician,Journeyman,Plumbing Service Technician - Journeyman,Field - Service,Plumber - Journeyman,Employee,Regular,TX,2023-10-12,2.89,1.0,40.0,Hourly,24.71,51396.8,24.71,6118.74,5130.62,515.2,4359.44,8261.65,75782.45,36.43,1.4745,hours_defaulted;pay_basis_imputed
PIN-10235,Pinnacle Plumbing & Drain,Field Service - Repair & Maintenance,Field,Plumbing Service Technician,Journeyman,Plumbing Service Technician - Journeyman,Field - Service,Plumber - Journeyman,Employee,,TX,2018-12-08,7.73,1.0,40.0,Hourly,25.39,52811.2,25.39,6287.13,5271.81,529.38,4479.41,8261.65,77640.58,37.33,1.4702,hours_defaulted;pay_basis_imputed
PIN-10236,Pinnacle Plumbing & Drain,Field Service - Repair & Maintenance,Field,Plumbing Service Technician,Journeyman,Plumbing Service Technician - Journeyman,Field - Service,Plumber - Journeyman,Employee,FT,TX,2025-01-17,1.62,1.0,40.0,Hourly,33.76,70220.8,33.76,8359.72,7009.71,703.89,5956.08,8261.65,100511.85,48.32,1.4314,hours_defaulted;pay_basis_imputed
PIN-10237,Pinnacle Plumbing & Drain,Field Service - Repair & Maintenance,Field,Plumbing Service Technician,Journeyman,Plumbing Service Technician - Journeyman,Field - Service,Plumber - Journeyman,Employee,Regular,TX,2025-01-20,1.61,1.0,40.0,Hourly,27.85,57928.0,27.85,6896.28,5782.59,580.67,4913.41,8261.65,84362.6,40.56,1.4563,hours_defaulted;pay_basis_imputed
PIN-10238,Pinnacle Plumbing & Drain,Field Service - Repair & Maintenance,Field,Plumbing Service Technician,Journeyman,Plumbing Service Technician - Journeyman,Field - Service,Plumber - Journeyman,Employee,,TX,2022-07-21,4.11,1.0,40.0,Hourly,28.73,59758.4,28.73,7114.18,5965.31,599.02,5068.67,8261.65,86767.23,41.72,1.452,hours_defaulted;pay_basis_imputed
PIN-10239,Pinnacle Plumbing & Drain,Field Service - Repair & Maintenance,Field,Plumbing Service Technician,Journeyman,Plumbing Service Technician - Journeyman,Field - Service,Plumber - Journeyman,Employee,Full-Time,TX,2019-02-27,7.51,1.0,40.0,Hourly,32.72,68057.6,32.72,8102.2,6793.77,682.21,5772.6,8261.65,97670.03,46.96,1.4351,hours_defaulted;pay_basis_imputed
PIN-10240,Pinnacle Plumbing & Drain,Field Service - Repair & Maintenance,Field,Plumbing Service Technician,Journeyman,Plumbing Service Technician - Journeyman,Field - Service,Plumber - Journeyman,Employee,Full-Time,TX,2024-02-11,2.55,1.0,40.0,Hourly,26.3,54704.0,26.3,6512.46,5460.76,548.35,4639.96,8261.65,80127.18,38.52,1.4647,hours_defaulted;pay_basis_imputed
PIN-10241,Pinnacle Plumbing & Drain,Field Service - Repair & Maintenance,Field,Plumbing Service Technician,Journeyman,Plumbing Service Technician - Journeyman,Field - Service,Plumber - Journeyman,Employee,Regular,TX,2022-08-15,4.04,1.0,40.0,Hourly,31.34,65187.2,31.34,7760.48,6507.23,653.43,5529.13,8261.65,93899.12,45.14,1.4405,hours_defaulted;pay_basis_imputed
PIN-10242,Pinnacle Plumbing & Drain,Field Service - Repair & Maintenance,Field,Plumbing Service Technician,Journeyman,Plumbing Service Technician - Journeyman,Field - Service,Plumber - Journeyman,Employee,,TX,2022-04-20,4.36,1.0,40.0,Hourly,24.11,50148.8,24.11,5970.17,5006.04,502.69,4253.59,8261.65,74142.94,35.65,1.4785,hours_defaulted;pay_basis_imputed
PIN-10243,Pinnacle Plumbing & Drain,Field Service - Repair & Maintenance,Field,Plumbing Service Technician,Journeyman,Plumbing Service Technician - Journeyman,Field - Service,Plumber - Journeyman,Employee,,TX,2020-07-03,6.16,1.0,40.0,Hourly,29.49,61339.2,29.49,7302.38,6123.11,614.86,5202.75,8261.65,88843.95,42.71,1.4484,hours_defaulted;pay_basis_imputed
PIN-10244,Pinnacle Plumbing & Drain,Field Service - Repair & Maintenance,Field,Plumbing Service Technician,Journeyman,Plumbing Service Technician - Journeyman,Field - Service,Plumber - Journeyman,Employee,Full-Time,TX,2024-03-12,2.47,1.0,40.0,Hourly,33.88,70470.4,33.88,8389.44,7034.62,706.39,5977.25,8261.65,100839.75,48.48,1.431,hours_defaulted;pay_basis_imputed
PIN-10245,Pinnacle Plumbing & Drain,Field Service - Repair & Maintenance,Field,Plumbing Service Technician,Master,Plumbing Service Technician - Master,Field - Service,Plumber - Master,Employee,,TX,2022-06-30,4.17,1.0,40.0,Hourly,37.85,78728.0,37.85,9372.5,7858.93,789.17,6677.65,8261.65,111687.9,53.7,1.4187,hours_defaulted;pay_basis_imputed
PIN-10246,Pinnacle Plumbing & Drain,Field Service - Repair & Maintenance,Field,Plumbing Service Technician,Master,Plumbing Service Technician - Master,Field - Service,Plumber - Master,Employee,FT,TX,2025-11-26,0.76,1.0,40.0,Hourly,39.58,82326.4,39.58,9800.88,8218.13,825.24,6982.87,8261.65,116415.17,55.97,1.4141,hours_defaulted;pay_basis_imputed
PIN-10247,Pinnacle Plumbing & Drain,Field Service - Repair & Maintenance,Field,Plumbing Service Technician,Master,Plumbing Service Technician - Master,Field - Service,Plumber - Master,Employee,Full-Time,TX,2021-08-09,5.06,1.0,40.0,Hourly,36.94,76835.2,36.94,9147.16,7669.98,770.19,6517.11,8261.65,109201.29,52.5,1.4212,hours_defaulted;pay_basis_imputed
PIN-10248,Pinnacle Plumbing & Drain,Field Service - Repair & Maintenance,Field,Plumbing Service Technician,Master,Plumbing Service Technician - Master,Field - Service,Plumber - Master,Employee,Regular,TX,2025-03-21,1.45,1.0,40.0,Hourly,41.72,86777.6,41.72,10330.79,8662.47,869.85,7360.42,8261.65,122262.78,58.78,1.4089,hours_defaulted;pay_basis_imputed
PIN-10249,Pinnacle Plumbing & Drain,Field Service - Repair & Maintenance,Field,Plumbing Service Technician,Master,Plumbing Service Technician - Master,Field - Service,Plumber - Master,Employee,,TX,2018-08-22,8.02,1.0,40.0,Hourly,41.23,85758.4,41.23,10209.46,8560.73,859.64,7273.97,8261.65,120923.85,58.14,1.4101,hours_defaulted;pay_basis_imputed
PIN-10250,Pinnacle Plumbing & Drain,Field Service - Repair & Maintenance,Field,Plumbing Service Technician,Master,Plumbing Service Technician - Master,Field - Service,Plumber - Master,Employee,Regular,TX,2023-01-12,3.63,1.0,40.0,Hourly,36.99,76939.2,36.99,9159.54,7680.36,771.23,6525.93,8261.65,109337.91,52.57,1.4211,hours_defaulted;pay_basis_imputed
PIN-10251,Pinnacle Plumbing & Drain,Field Service - Repair & Maintenance,Field,Plumbing Service Technician,Master,Plumbing Service Technician - Master,Field - Service,Plumber - Master,Employee,FT,TX,2024-09-11,1.97,1.0,40.0,Hourly,41.57,86465.6,41.57,10293.65,8631.32,866.73,7333.95,8261.65,121852.9,58.58,1.4093,hours_defaulted;pay_basis_imputed
PIN-10252,Pinnacle Plumbing & Drain,Field Service - Repair & Maintenance,Field,Plumbing Service Technician,Master,Plumbing Service Technician - Master,Field - Service,Plumber - Master,Employee,Regular,TX,2023-06-03,3.24,1.0,40.0,Hourly,40.06,83324.8,40.06,9919.74,8317.8,835.24,7067.55,8261.65,117726.78,56.6,1.4129,hours_defaulted;pay_basis_imputed
PIN-10253,Pinnacle Plumbing & Drain,Field Service - Repair & Maintenance,Field,Plumbing Service Technician,Master,Plumbing Service Technician - Master,Field - Service,Plumber - Master,Employee,Full-Time,TX,2021-07-13,5.13,1.0,40.0,Hourly,43.91,91332.8,43.91,10873.09,9117.19,915.52,7746.79,8261.65,128247.04,61.66,1.4042,hours_defaulted;pay_basis_imputed
PIN-10254,Pinnacle Plumbing & Drain,Field Service - Repair & Maintenance,Field,Plumbing Service Technician,Master,Plumbing Service Technician - Master,Field - Service,Plumber - Master,Employee,FT,TX,2023-11-20,2.78,1.0,40.0,Hourly,34.24,71219.2,34.24,8478.58,7109.37,713.9,6040.76,8261.65,101823.46,48.95,1.4297,hours_defaulted;pay_basis_imputed
PIN-10255,Pinnacle Plumbing & Drain,Field Service - Repair & Maintenance,Field,Plumbing Service Technician,Master,Plumbing Service Technician - Master,Field - Service,Plumber - Master,Employee,Regular,TX,2022-02-10,4.55,1.0,40.0,Hourly,38.05,79144.0,38.05,9422.02,7900.45,793.34,6712.94,8261.65,112234.4,53.96,1.4181,hours_defaulted;pay_basis_imputed
PIN-10256,Pinnacle Plumbing & Drain,Field Service - Repair & Maintenance,Field,Plumbing Service Technician,Master,Plumbing Service Technician - Master,Field - Service,Plumber - Master,Employee,Full-Time,TX,2022-04-08,4.4,1.0,40.0,Hourly,41.75,86840.0,41.75,10338.22,8668.7,870.48,7365.71,8261.65,122344.76,58.82,1.4089,hours_defaulted;pay_basis_imputed
PIN-10257,Pinnacle Plumbing & Drain,Field Service - Repair & Maintenance,Field,Plumbing Service Technician,Master,Plumbing Service Technician - Master,Field - Service,Plumber - Master,Employee,Full-Time,TX,2021-11-29,4.75,1.0,40.0,Hourly,34.73,72238.4,34.73,8599.92,7211.11,724.11,6127.21,8261.65,103162.4,49.6,1.4281,hours_defaulted;pay_basis_imputed
PIN-10258,Pinnacle Plumbing & Drain,Field Service - Repair & Maintenance,Field,Plumbing Service Technician,Master,Plumbing Service Technician - Master,Field - Service,Plumber - Master,Employee,FT,TX,2019-11-01,6.83,1.0,40.0,Hourly,35.98,74838.4,35.98,8909.44,7470.65,750.18,6347.74,8261.65,106578.06,51.24,1.4241,hours_defaulted;pay_basis_imputed
PIN-10259,Pinnacle Plumbing & Drain,Field Service - Repair & Maintenance,Field,Plumbing Service Technician,Master,Plumbing Service Technician - Master,Field - Service,Plumber - Master,Employee,FT,TX,2026-01-08,0.64,1.0,40.0,Hourly,37.16,77292.8,37.16,9201.64,7715.66,774.78,6555.92,8261.65,109802.45,52.79,1.4206,hours_defaulted;pay_basis_imputed
PIN-10260,Pinnacle Plumbing & Drain,Field Service - Repair & Maintenance,Field,Plumbing Service Technician,Master,Plumbing Service Technician - Master,Field - Service,Plumber - Master,Employee,Full-Time,TX,2024-09-05,1.98,1.0,40.0,Hourly,39.57,82305.6,39.57,9798.41,8216.06,825.03,6981.1,8261.65,116387.85,55.96,1.4141,hours_defaulted;pay_basis_imputed
PIN-10261,Pinnacle Plumbing & Drain,Field Service - Repair & Maintenance,Field,Plumbing Service Technician,Master,Plumbing Service Technician - Master,Field - Service,Plumber - Master,Employee,Regular,TX,2021-09-04,4.99,1.0,40.0,Hourly,40.17,83553.6,40.17,9946.98,8340.64,837.54,7086.96,8261.65,118027.37,56.74,1.4126,hours_defaulted;pay_basis_imputed
PIN-10262,Pinnacle Plumbing & Drain,Field Service - Repair & Maintenance,Field,Plumbing Service Technician,Master,Plumbing Service Technician - Master,Field - Service,Plumber - Master,Employee,Full-Time,TX,2022-10-21,3.86,1.0,40.0,Hourly,38.81,80724.8,38.81,9610.21,8058.26,809.18,6847.02,8261.65,114311.12,54.96,1.4161,hours_defaulted;pay_basis_imputed
PIN-10263,Pinnacle Plumbing & Drain,Field Service - Repair & Maintenance,Field,Plumbing Service Technician,Master,Plumbing Service Technician - Master,Field - Service,Plumber - Master,Employee,FT,TX,2025-02-12,1.55,1.0,40.0,Hourly,42.95,89336.0,42.95,10635.37,8917.86,895.5,7577.42,8261.65,125623.8,60.4,1.4062,hours_defaulted;pay_basis_imputed
PIN-10264,Pinnacle Plumbing & Drain,Field Service - Repair & Maintenance,Field,Plumbing Service Technician,Master,Plumbing Service Technician - Master,Field - Service,Plumber - Master,Employee,FT,TX,2021-02-21,5.52,1.0,40.0,Hourly,34.28,71302.4,34.28,8488.49,7117.68,714.73,6047.82,8261.65,101932.77,49.01,1.4296,hours_defaulted;pay_basis_imputed
PIN-10265,Pinnacle Plumbing & Drain,Field Service - Repair & Maintenance,Field,Plumbing Service Technician,Master,Plumbing Service Technician - Master,Field - Service,Plumber - Master,Employee,Regular,TX,2024-02-23,2.52,1.0,40.0,Hourly,35.34,73507.2,35.34,8750.97,7337.77,736.83,6234.83,8261.65,104829.25,50.4,1.4261,hours_defaulted;pay_basis_imputed
PIN-10266,Pinnacle Plumbing & Drain,Field Service - Repair & Maintenance,Field,Plumbing Service Technician,Master,Plumbing Service Technician - Master,Field - Service,Plumber - Master,Employee,,TX,2023-03-14,3.47,1.0,40.0,Hourly,34.04,70803.2,34.04,8429.06,7067.84,709.73,6005.48,8261.65,101276.96,48.69,1.4304,hours_defaulted;pay_basis_imputed
PIN-10267,Pinnacle Plumbing & Drain,Field Service - Repair & Maintenance,Field,Plumbing Service Technician,Master,Plumbing Service Technician - Master,Field - Service,Plumber - Master,Employee,Regular,TX,2025-10-19,0.87,1.0,40.0,Hourly,38.57,80225.6,38.57,9550.79,8008.42,804.18,6804.68,8261.65,113655.32,54.64,1.4167,hours_defaulted;pay_basis_imputed
PIN-10268,Pinnacle Plumbing & Drain,Field Service - Repair & Maintenance,Field,Plumbing Service Technician,Master,Plumbing Service Technician - Master,Field - Service,Plumber - Master,Employee,FT,TX,2025-10-25,0.85,1.0,40.0,Hourly,41.96,87276.8,41.96,10390.22,8712.3,874.86,7402.76,8261.65,122918.59,59.1,1.4084,hours_defaulted;pay_basis_imputed
PIN-10269,Pinnacle Plumbing & Drain,Field Service - Repair & Maintenance,Field,Plumbing Service Technician,Master,Plumbing Service Technician - Master,Field - Service,Plumber - Master,Employee,FT,TX,2023-09-12,2.97,1.0,40.0,Hourly,42.64,88691.2,42.64,10558.61,8853.49,889.04,7522.73,8261.65,124776.72,59.99,1.4069,hours_defaulted;pay_basis_imputed
PIN-10270,Pinnacle Plumbing & Drain,Field Service - Repair & Maintenance,Field,Plumbing Service Technician,Master,Plumbing Service Technician - Master,Field - Service,Plumber - Master,Employee,Full-Time,TX,2018-05-16,8.29,1.0,40.0,Hourly,34.24,71219.2,34.24,8478.58,7109.37,713.9,6040.76,8261.65,101823.46,48.95,1.4297,hours_defaulted;pay_basis_imputed
PIN-10271,Pinnacle Plumbing & Drain,Field Service - Repair & Maintenance,Field,Plumbing Service Technician,Master,Plumbing Service Technician - Master,Field - Service,Plumber - Master,Employee,Full-Time,TX,2024-12-29,1.67,1.0,40.0,Hourly,38.34,79747.2,38.34,9493.83,7960.67,799.38,6764.1,8261.65,113026.83,54.34,1.4173,hours_defaulted;pay_basis_imputed
PIN-10272,Pinnacle Plumbing & Drain,Field Service - Repair & Maintenance,Field,Plumbing Service Technician,Master,Plumbing Service Technician - Master,Field - Service,Plumber - Master,Employee,Regular,TX,2021-06-25,5.18,1.0,40.0,Hourly,42.08,87526.4,42.08,10419.94,8737.22,877.36,7423.93,8261.65,123246.5,59.25,1.4081,hours_defaulted;pay_basis_imputed
PIN-10273,Pinnacle Plumbing & Drain,Field Service - Repair & Maintenance,Field,Plumbing Service Technician,Master,Plumbing Service Technician - Master,Field - Service,Plumber - Master,Employee,Regular,TX,2025-05-25,1.27,1.0,40.0,Hourly,39.78,82742.4,39.78,9850.41,8259.66,829.41,7018.15,8261.65,116961.68,56.23,1.4136,hours_defaulted;pay_basis_imputed
PIN-10274,Pinnacle Plumbing & Drain,Field Service - Repair & Maintenance,Field,Plumbing Service Technician,Master,Plumbing Service Technician - Master,Field - Service,Plumber - Master,Employee,Full-Time,TX,2026-06-21,0.19,1.0,40.0,Hourly,41.26,85820.8,41.26,10216.89,8566.96,860.26,7279.26,8261.65,121005.82,58.18,1.41,hours_defaulted;pay_basis_imputed
PIN-10275,Pinnacle Plumbing & Drain,Field Service - Repair & Maintenance,Field,Plumbing Service Technician,Master,Plumbing Service Technician - Master,Field - Service,Plumber - Master,Employee,Regular,TX,2023-11-06,2.82,1.0,40.0,Hourly,41.14,85571.2,41.14,10187.17,8542.04,857.76,7258.09,8261.65,120677.91,58.02,1.4103,hours_defaulted;pay_basis_imputed
PIN-10426,Pinnacle Plumbing & Drain,Field Service - Repair & Maintenance,Field,Plumbing Service Technician,Apprentice,Plumbing Service Technician - Apprentice,Field - Service,Plumber - Apprentice,Employee,Full-Time,TX,2026-07-14,0.13,1.0,40.0,Hourly,19.0,39520.0,19.0,4704.82,3945.04,396.15,3352.06,8261.65,60179.72,28.93,1.5228,hours_defaulted;pay_basis_imputed
BAY-10321,Bayside Mechanical,Field Service - Repair & Maintenance,Service,Service Manager,NA,Service Manager,Field Leadership,Service Manager,Employee,FT,FL,2021-12-13,4.71,1.0,40.0,Annual,91500.0,91500.0,43.99,10892.99,9133.88,917.19,7760.97,8261.65,128466.68,61.76,1.404,clean
BAY-10322,Bayside Mechanical,Field Service - Repair & Maintenance,Service,Service Manager,NA,Service Manager,Field Leadership,Service Manager,Employee,Regular,FL,2015-12-10,10.72,1.0,40.0,Annual,97500.0,97500.0,46.88,11607.29,9732.82,977.34,8269.88,8261.65,136348.98,65.55,1.3985,clean
BAY-10323,Bayside Mechanical,Field Service - Repair & Maintenance,Service,Service Manager,NA,Service Manager,Field Leadership,Service Manager,Employee,Full-Time,FL,2025-07-20,1.11,1.0,40.0,Annual,94500.0,94500.0,45.43,11250.14,9433.35,947.26,8015.43,8261.65,132407.83,63.66,1.4011,clean
BAY-10324,Bayside Mechanical,Field Service - Repair & Maintenance,Service,Service Manager,NA,Service Manager,Field Leadership,Service Manager,Employee,Full-Time,FL,2025-06-23,1.19,1.0,40.0,Annual,98000.0,98000.0,47.12,11666.81,9782.73,982.35,8312.29,8261.65,137005.83,65.87,1.398,clean
BAY-10325,Bayside Mechanical,Field Service - Repair & Maintenance,Service,Service Manager,NA,Service Manager,Field Leadership,Service Manager,Employee,,FL,2023-11-29,2.75,1.0,40.0,Annual,86000.0,86000.0,41.35,10238.22,8584.85,862.06,7294.46,8261.65,121241.24,58.29,1.4098,clean
BAY-10326,Bayside Mechanical,Field Service - Repair & Maintenance,Service,Service Manager,NA,Service Manager,Field Leadership,Service Manager,Employee,Regular,FL,2023-08-01,3.08,1.0,40.0,Annual,88000.0,88000.0,42.31,10476.32,8784.49,882.11,7464.1,8261.65,123868.67,59.55,1.4076,clean
GLC-10261,Great Lakes Comfort Systems,Field Service - Repair & Maintenance,Service - Plumbing,Service Manager,NA,Service Manager,Field Leadership,Service Manager,Employee,Regular,MI,2017-08-24,9.02,1.0,40.0,Annual,93000.0,93000.0,44.71,11071.57,9283.61,932.23,7888.2,8261.65,130437.26,62.71,1.4026,clean
GLC-10262,Great Lakes Comfort Systems,Field Service - Repair & Maintenance,Service - HVAC,Service Manager,NA,Service Manager,Field Leadership,Service Manager,Employee,Regular,MI,2022-02-18,4.53,1.0,40.0,Annual,96000.0,96000.0,46.15,11428.71,9583.08,962.3,8142.65,8261.65,134378.39,64.6,1.3998,clean
GLC-10263,Great Lakes Comfort Systems,Field Service - Repair & Maintenance,Service - HVAC,Service Manager,NA,Service Manager,Field Leadership,Service Manager,Employee,FT,MI,2024-04-22,2.36,1.0,40.0,Annual,94500.0,94500.0,45.43,11250.14,9433.35,947.26,8015.43,8261.65,132407.83,63.66,1.4011,clean
GLC-10264,Great Lakes Comfort Systems,Field Service - Repair & Maintenance,Service - Plumbing,Service Manager,NA,Service Manager,Field Leadership,Service Manager,Employee,Regular,MI,2013-10-04,12.91,1.0,40.0,Annual,86000.0,86000.0,41.35,10238.22,8584.85,862.06,7294.46,8261.65,121241.24,58.29,1.4098,clean
GLC-10265,Great Lakes Comfort Systems,Field Service - Repair & Maintenance,Service - HVAC,Service Manager,NA,Service Manager,Field Leadership,Service Manager,Employee,Regular,MI,2021-09-25,4.93,1.0,40.0,Annual,90500.0,90500.0,43.51,10773.94,9034.05,907.17,7676.15,8261.65,127152.96,61.13,1.405,clean
GLC-10266,Great Lakes Comfort Systems,Field Service - Repair & Maintenance,Service - HVAC,Service Manager,NA,Service Manager,Field Leadership,Service Manager,Employee,FT,MI,2021-12-03,4.74,1.0,40.0,Annual,85500.0,85500.0,41.11,10178.7,8534.93,857.05,7252.05,8261.65,120584.38,57.97,1.4103,clean
GLC-10267,Great Lakes Comfort Systems,Field Service - Repair & Maintenance,Service - HVAC,Service Manager,NA,Service Manager,Field Leadership,Service Manager,Employee,,MI,2017-12-20,8.7,1.0,40.0,Annual,96000.0,96000.0,46.15,11428.71,9583.08,962.3,8142.65,8261.65,134378.39,64.6,1.3998,clean
PIN-10283,Pinnacle Plumbing & Drain,Field Service - Repair & Maintenance,Field,Service Manager,NA,Service Manager,Field Leadership,Service Manager,Employee,,TX,2022-01-17,4.62,1.0,40.0,Annual,99000.0,99000.0,47.6,11785.86,9882.56,992.37,8397.11,8261.65,138319.55,66.5,1.3972,hours_defaulted;pay_basis_imputed
PIN-10284,Pinnacle Plumbing & Drain,Field Service - Repair & Maintenance,Field,Service Manager,NA,Service Manager,Field Leadership,Service Manager,Employee,,TX,2019-11-02,6.83,1.0,40.0,Annual,94500.0,94500.0,45.43,11250.14,9433.35,947.26,8015.43,8261.65,132407.83,63.66,1.4011,hours_defaulted;pay_basis_imputed
RED-10199,Redwood Electric,Field Service - Repair & Maintenance,Field Ops - Service,Service Manager,NA,Service Manager,Field Leadership,Service Manager,Employee,FT,AZ,2023-02-27,3.51,1.0,40.0,Annual,94500.0,94500.0,45.43,11250.14,9433.35,947.26,8015.43,8261.65,132407.83,63.66,1.4011,hours_defaulted
RED-10200,Redwood Electric,Field Service - Repair & Maintenance,Field Ops - Service,Service Manager,NA,Service Manager,Field Leadership,Service Manager,Employee,Regular,AZ,2024-02-14,2.54,1.0,40.0,Annual,86500.0,86500.0,41.59,10297.75,8634.76,867.07,7336.87,8261.65,121898.1,58.6,1.4092,hours_defaulted
RED-10201,Redwood Electric,Field Service - Repair & Maintenance,Field Ops - Service,Service Manager,NA,Service Manager,Field Leadership,Service Manager,Employee,Regular,AZ,2023-11-15,2.79,1.0,40.0,Annual,96500.0,96500.0,46.39,11488.24,9633.0,967.31,8185.06,8261.65,135035.26,64.92,1.3993,hours_defaulted
RED-10202,Redwood Electric,Field Service - Repair & Maintenance,Field Ops - Service,Service Manager,NA,Service Manager,Field Leadership,Service Manager,Employee,FT,AZ,2019-08-12,7.05,1.0,40.0,Annual,91000.0,91000.0,43.75,10833.47,9083.97,912.18,7718.56,8261.65,127809.83,61.45,1.4045,hours_defaulted
RED-10203,Redwood Electric,Field Service - Repair & Maintenance,Field Ops - Service,Service Manager,NA,Service Manager,Field Leadership,Service Manager,Employee,Full-Time,AZ,2024-02-15,2.54,1.0,40.0,Annual,95000.0,95000.0,45.67,11309.66,9483.26,952.28,8057.83,8261.65,133064.68,63.97,1.4007,hours_defaulted
BAY-10458,Bayside Mechanical,Finance & Accounting,Finance,AP/AR Specialist,NA,AP/AR Specialist,Finance & Accounting,AP/AR Specialist,Employee,FT,FL,2025-10-18,0.87,1.0,40.0,Hourly,23.16,48172.8,23.16,0.0,0.0,3851.26,3608.0,7498.36,63130.42,30.35,1.3105,clean
BAY-10459,Bayside Mechanical,Finance & Accounting,Finance,AP/AR Specialist,NA,AP/AR Specialist,Finance & Accounting,AP/AR Specialist,Employee,Full-Time,FL,2020-02-10,6.55,1.0,40.0,Hourly,24.125,50180.0,24.12,0.0,0.0,4011.73,3758.33,7498.36,65448.42,31.47,1.3043,pay_rate_imputed
BAY-10460,Bayside Mechanical,Finance & Accounting,Finance,AP/AR Specialist,NA,AP/AR Specialist,Finance & Accounting,AP/AR Specialist,Employee,Regular,FL,2024-03-11,2.47,1.0,40.0,Hourly,24.02,49961.6,24.02,0.0,0.0,3994.27,3741.97,7498.36,65196.2,31.34,1.3049,clean
BAY-10461,Bayside Mechanical,Finance & Accounting,Finance,AP/AR Specialist,NA,AP/AR Specialist,Finance & Accounting,AP/AR Specialist,Employee,Regular,FL,2024-08-07,2.06,1.0,40.0,Hourly,26.07,54225.6,26.07,0.0,0.0,4335.16,4061.34,7498.36,70120.46,33.71,1.2931,clean
BAY-10462,Bayside Mechanical,Finance & Accounting,Finance,AP/AR Specialist,NA,AP/AR Specialist,Finance & Accounting,AP/AR Specialist,Employee,FT,FL,2023-09-16,2.96,1.0,40.0,Hourly,26.27,54641.6,26.27,0.0,0.0,4368.42,4092.49,7498.36,70600.87,33.94,1.2921,clean
BAY-10463,Bayside Mechanical,Finance & Accounting,Finance,AP/AR Specialist,NA,AP/AR Specialist,Finance & Accounting,AP/AR Specialist,Employee,Regular,FL,2023-04-20,3.36,1.0,40.0,Hourly,23.24,48339.2,23.24,0.0,0.0,3864.57,3620.46,7498.36,63322.59,30.44,1.31,clean
BAY-10464,Bayside Mechanical,Finance & Accounting,Finance,AP/AR Specialist,NA,AP/AR Specialist,Finance & Accounting,AP/AR Specialist,Employee,,FL,2024-10-22,1.86,1.0,40.0,Hourly,24.23,50398.4,24.23,0.0,0.0,4029.19,3774.69,7498.36,65700.64,31.59,1.3036,clean
GLC-10375,Great Lakes Comfort Systems,Finance & Accounting,Finance,AP/AR Specialist,NA,AP/AR Specialist,Finance & Accounting,AP/AR Specialist,Employee,Regular,MI,2022-09-22,3.94,1.0,40.0,Hourly,26.77,55681.6,26.77,0.0,0.0,4451.57,4170.39,7498.36,71801.92,34.52,1.2895,clean
GLC-10376,Great Lakes Comfort Systems,Finance & Accounting,Finance,AP/AR Specialist,NA,AP/AR Specialist,Finance & Accounting,AP/AR Specialist,Employee,Full-Time,MI,2026-02-18,0.53,1.0,40.0,Hourly,23.53,48942.4,23.53,0.0,0.0,3912.79,3665.64,7498.36,64019.19,30.78,1.3081,clean
GLC-10377,Great Lakes Comfort Systems,Finance & Accounting,Finance,AP/AR Specialist,NA,AP/AR Specialist,Finance & Accounting,AP/AR Specialist,Employee,Regular,MI,2024-03-30,2.42,1.0,40.0,Hourly,23.49,48859.2,23.49,0.0,0.0,3906.14,3659.41,7498.36,63923.11,30.73,1.3083,clean
GLC-10378,Great Lakes Comfort Systems,Finance & Accounting,Finance,AP/AR Specialist,NA,AP/AR Specialist,Finance & Accounting,AP/AR Specialist,Employee,,MI,2024-01-26,2.6,1.0,40.0,Hourly,24.43,50814.4,24.43,0.0,0.0,4062.45,3805.85,7498.36,66181.06,31.82,1.3024,clean
GLC-10379,Great Lakes Comfort Systems,Finance & Accounting,Finance,AP/AR Specialist,NA,AP/AR Specialist,Finance & Accounting,AP/AR Specialist,Employee,Full-Time,MI,2016-10-12,9.88,1.0,40.0,Hourly,21.27,44241.6,21.27,0.0,0.0,3536.97,3313.56,7498.36,58590.49,28.17,1.3243,clean
PIN-10407,Pinnacle Plumbing & Drain,Finance & Accounting,Acctg,AP/AR Specialist,NA,AP/AR Specialist,Finance & Accounting,AP/AR Specialist,Employee,,TX,2024-05-25,2.27,1.0,40.0,Hourly,22.64,47091.2,22.64,0.0,0.0,3764.79,3526.99,7498.36,61881.34,29.75,1.3141,hours_defaulted;pay_basis_imputed
PIN-10408,Pinnacle Plumbing & Drain,Finance & Accounting,Acctg,AP/AR Specialist,NA,AP/AR Specialist,Finance & Accounting,AP/AR Specialist,Employee,Full-Time,TX,2023-11-13,2.8,1.0,40.0,Hourly,23.9,49712.0,23.9,0.0,0.0,3974.32,3723.28,7498.36,64907.96,31.21,1.3057,hours_defaulted;pay_basis_imputed
PIN-10409,Pinnacle Plumbing & Drain,Finance & Accounting,Acctg,AP/AR Specialist,NA,AP/AR Specialist,Finance & Accounting,AP/AR Specialist,Employee,FT,TX,2024-07-07,2.15,1.0,40.0,Hourly,23.5,48880.0,23.5,0.0,0.0,3907.8,3660.97,7498.36,63947.13,30.74,1.3082,hours_defaulted;pay_basis_imputed
PIN-10410,Pinnacle Plumbing & Drain,Finance & Accounting,Acctg,AP/AR Specialist,NA,AP/AR Specialist,Finance & Accounting,AP/AR Specialist,Employee,Regular,TX,2024-01-16,2.62,1.0,40.0,Hourly,22.23,46238.4,22.23,0.0,0.0,3696.61,3463.12,7498.36,60896.49,29.28,1.317,hours_defaulted;pay_basis_imputed
PIN-10411,Pinnacle Plumbing & Drain,Finance & Accounting,Acctg,AP/AR Specialist,NA,AP/AR Specialist,Finance & Accounting,AP/AR Specialist,Employee,Regular,TX,2024-09-06,1.98,1.0,40.0,Hourly,22.28,46342.4,22.28,0.0,0.0,3704.93,3470.91,7498.36,61016.6,29.33,1.3166,hours_defaulted;pay_basis_imputed
PIN-10412,Pinnacle Plumbing & Drain,Finance & Accounting,Acctg,AP/AR Specialist,NA,AP/AR Specialist,Finance & Accounting,AP/AR Specialist,Employee,Full-Time,TX,2025-02-21,1.52,1.0,40.0,Hourly,22.91,47652.8,22.91,0.0,0.0,3809.69,3569.05,7498.36,62529.9,30.06,1.3122,hours_defaulted;pay_basis_imputed
PIN-10413,Pinnacle Plumbing & Drain,Finance & Accounting,Acctg,AP/AR Specialist,NA,AP/AR Specialist,Finance & Accounting,AP/AR Specialist,Employee,FT,TX,2023-10-05,2.9,1.0,40.0,Hourly,22.84,47507.2,22.84,0.0,0.0,3798.05,3558.15,7498.36,62361.76,29.98,1.3127,hours_defaulted;pay_basis_imputed
RED-10269,Redwood Electric,Finance & Accounting,Finance,AP/AR Specialist,NA,AP/AR Specialist,Finance & Accounting,AP/AR Specialist,Employee,Full-Time,AZ,2025-04-25,1.35,1.0,40.0,Hourly,24.74,51459.2,24.74,0.0,0.0,4114.0,3854.14,7498.36,66925.7,32.18,1.3006,hours_defaulted
RED-10270,Redwood Electric,Finance & Accounting,Finance,AP/AR Specialist,NA,AP/AR Specialist,Finance & Accounting,AP/AR Specialist,Employee,,AZ,2020-05-09,6.31,1.0,40.0,Hourly,21.42,44553.6,21.42,0.0,0.0,3561.92,3336.93,7498.36,58950.81,28.34,1.3231,hours_defaulted
RED-10271,Redwood Electric,Finance & Accounting,Finance,AP/AR Specialist,NA,AP/AR Specialist,Finance & Accounting,AP/AR Specialist,Employee,Regular,AZ,2021-09-06,4.98,1.0,40.0,Hourly,26.38,54870.4,26.38,0.0,0.0,4386.71,4109.63,7498.36,70865.1,34.07,1.2915,hours_defaulted
BAY-10467,Bayside Mechanical,Finance & Accounting,Finance,Accountant,Staff,Accountant - Staff,Finance & Accounting,Staff Accountant,Employee,Regular,FL,2023-07-07,3.15,1.0,40.0,Annual,68000.0,68000.0,32.69,0.0,0.0,5436.38,5093.0,7498.36,86027.74,41.36,1.2651,clean
BAY-10468,Bayside Mechanical,Finance & Accounting,Finance,Accountant,Staff,Accountant - Staff,Finance & Accounting,Staff Accountant,Employee,FT,FL,2023-09-10,2.97,1.0,40.0,Annual,68500.0,68500.0,32.93,0.0,0.0,5476.36,5130.45,7498.36,86605.17,41.64,1.2643,clean
BAY-10469,Bayside Mechanical,Finance & Accounting,Finance,Accountant,Staff,Accountant - Staff,Finance & Accounting,Staff Accountant,Employee,Regular,FL,2024-11-11,1.8,1.0,40.0,Annual,64000.0,64000.0,30.77,0.0,0.0,5116.6,4793.41,7498.36,81408.37,39.14,1.272,clean
BAY-10470,Bayside Mechanical,Finance & Accounting,Finance,Accountant,Staff,Accountant - Staff,Finance & Accounting,Staff Accountant,Employee,Regular,FL,2022-11-21,3.78,1.0,40.0,Annual,69000.0,69000.0,33.17,0.0,0.0,5516.33,5167.89,7498.36,87182.58,41.91,1.2635,clean
BAY-10471,Bayside Mechanical,Finance & Accounting,Finance,Accountant,Senior,Accountant - Senior,Finance & Accounting,Senior Accountant,Employee,Regular,FL,2024-06-14,2.21,1.0,40.0,Annual,85000.0,85000.0,40.87,0.0,0.0,6795.48,6366.25,7498.36,105660.09,50.8,1.2431,clean
BAY-10472,Bayside Mechanical,Finance & Accounting,Finance,Accountant,Senior,Accountant - Senior,Finance & Accounting,Senior Accountant,Employee,,FL,2022-08-15,4.04,1.0,40.0,Annual,86500.0,86500.0,41.59,0.0,0.0,6915.4,6478.59,7498.36,107392.35,51.63,1.2415,clean
GLC-10380,Great Lakes Comfort Systems,Finance & Accounting,Finance,Accountant,Staff,Accountant - Staff,Finance & Accounting,Staff Accountant,Employee,Full-Time,MI,2025-04-14,1.38,1.0,40.0,Annual,66500.0,66500.0,31.97,0.0,0.0,5316.46,4980.65,7498.36,84295.47,40.53,1.2676,clean
GLC-10381,Great Lakes Comfort Systems,Finance & Accounting,Finance,Accountant,Staff,Accountant - Staff,Finance & Accounting,Staff Accountant,Employee,Regular,MI,2021-12-09,4.73,1.0,40.0,Annual,62500.0,62500.0,30.05,0.0,0.0,4996.68,4681.06,7498.36,79676.1,38.31,1.2748,clean
GLC-10382,Great Lakes Comfort Systems,Finance & Accounting,Finance,Accountant,Staff,Accountant - Staff,Finance & Accounting,Staff Accountant,Employee,FT,MI,2024-10-02,1.91,1.0,40.0,Annual,62500.0,62500.0,30.05,0.0,0.0,4996.68,4681.06,7498.36,79676.1,38.31,1.2748,clean
GLC-10383,Great Lakes Comfort Systems,Finance & Accounting,Finance,Accountant,Staff,Accountant - Staff,Finance & Accounting,Staff Accountant,Employee,Full-Time,MI,2024-05-30,2.25,1.0,40.0,Annual,65000.0,65000.0,31.25,0.0,0.0,5196.54,4868.31,7498.36,82563.21,39.69,1.2702,clean
GLC-10384,Great Lakes Comfort Systems,Finance & Accounting,Finance,Accountant,Staff,Accountant - Staff,Finance & Accounting,Staff Accountant,Employee,Regular,MI,2025-06-25,1.18,1.0,40.0,Annual,59000.0,59000.0,28.37,0.0,0.0,4716.86,4418.92,7498.36,75634.14,36.36,1.2819,clean
GLC-10385,Great Lakes Comfort Systems,Finance & Accounting,Finance,Accountant,Senior,Accountant - Senior,Finance & Accounting,Senior Accountant,Employee,FT,MI,2025-02-06,1.56,1.0,40.0,Annual,77500.0,77500.0,37.26,0.0,0.0,6195.88,5804.52,7498.36,96998.76,46.63,1.2516,clean
NHS-10005,Northstar Corporate,Finance & Accounting,Finance & Accounting,Accountant,Senior,Accountant - Senior,Finance & Accounting,Senior Accountant,Employee,Full-Time,FL,2024-02-22,2.52,1.0,40.0,Annual,89500.0,89500.0,43.03,0.0,0.0,7155.24,6703.28,7498.36,110856.88,53.3,1.2386,clean
NHS-10006,Northstar Corporate,Finance & Accounting,Finance & Accounting,Accountant,Senior,Accountant - Senior,Finance & Accounting,Senior Accountant,Employee,FT,FL,2026-02-13,0.54,1.0,40.0,Annual,86000.0,86000.0,41.35,0.0,0.0,6875.43,6441.14,7498.36,106814.93,51.35,1.242,clean
NHS-10007,Northstar Corporate,Finance & Accounting,Finance & Accounting,Accountant,Senior,Accountant - Senior,Finance & Accounting,Senior Accountant,Employee,,FL,2024-03-10,2.48,1.0,40.0,Annual,76500.0,76500.0,36.78,0.0,0.0,6115.93,5729.62,7498.36,95843.91,46.08,1.2529,clean
PIN-10415,Pinnacle Plumbing & Drain,Finance & Accounting,Acctg,Accountant,Staff,Accountant - Staff,Finance & Accounting,Staff Accountant,Employee,,TX,2021-03-14,5.46,1.0,40.0,Annual,62000.0,62000.0,29.81,0.0,0.0,4956.7,4643.61,7498.36,79098.67,38.03,1.2758,hours_defaulted;pay_basis_imputed
PIN-10416,Pinnacle Plumbing & Drain,Finance & Accounting,Acctg,Accountant,Staff,Accountant - Staff,Finance & Accounting,Staff Accountant,Employee,Regular,TX,2018-11-09,7.81,1.0,40.0,Annual,67500.0,67500.0,32.45,0.0,0.0,5396.41,5055.55,7498.36,85450.32,41.08,1.2659,hours_defaulted;pay_basis_imputed
PIN-10417,Pinnacle Plumbing & Drain,Finance & Accounting,Acctg,Accountant,Staff,Accountant - Staff,Finance & Accounting,Staff Accountant,Employee,Regular,TX,2022-12-26,3.68,1.0,40.0,Annual,70000.0,70000.0,33.65,0.0,0.0,5596.28,5242.79,7498.36,88337.43,42.47,1.262,hours_defaulted;pay_basis_imputed
PIN-10418,Pinnacle Plumbing & Drain,Finance & Accounting,Acctg,Accountant,Senior,Accountant - Senior,Finance & Accounting,Senior Accountant,Employee,Regular,TX,2018-10-22,7.86,1.0,40.0,Annual,80000.0,80000.0,38.46,0.0,0.0,6395.75,5991.76,7498.36,99885.87,48.02,1.2486,hours_defaulted;pay_basis_imputed
PIN-10419,Pinnacle Plumbing & Drain,Finance & Accounting,Acctg,Accountant,Senior,Accountant - Senior,Finance & Accounting,Senior Accountant,Employee,,TX,2025-05-25,1.27,1.0,40.0,Annual,86500.0,86500.0,41.59,0.0,0.0,6915.4,6478.59,7498.36,107392.35,51.63,1.2415,hours_defaulted;pay_basis_imputed
RED-10273,Redwood Electric,Finance & Accounting,Finance,Accountant,Staff,Accountant - Staff,Finance & Accounting,Staff Accountant,Employee,Regular,AZ,2023-03-11,3.47,1.0,40.0,Annual,62000.0,62000.0,29.81,0.0,0.0,4956.7,4643.61,7498.36,79098.67,38.03,1.2758,hours_defaulted
RED-10274,Redwood Electric,Finance & Accounting,Finance,Accountant,Staff,Accountant - Staff,Finance & Accounting,Staff Accountant,Employee,Regular,AZ,2026-02-23,0.52,1.0,40.0,Annual,64500.0,64500.0,31.01,0.0,0.0,5156.57,4830.86,7498.36,81985.79,39.42,1.2711,hours_defaulted
GLC-10386,Great Lakes Comfort Systems,Finance & Accounting,Finance,Controller,NA,Controller,Finance & Accounting,Controller,Employee,,MI,2025-05-20,1.28,1.0,40.0,Annual,125500.0,125500.0,60.34,0.0,0.0,10033.33,9399.58,7498.36,152431.27,73.28,1.2146,clean
PIN-10420,Pinnacle Plumbing & Drain,Finance & Accounting,Acctg,Controller,NA,Controller,Finance & Accounting,Controller,Employee,,TX,2024-10-04,1.91,1.0,40.0,Annual,120000.0,120000.0,57.69,0.0,0.0,9593.62,8987.64,7498.36,146079.62,70.23,1.2173,hours_defaulted;pay_basis_imputed
PIN-10421,Pinnacle Plumbing & Drain,Finance & Accounting,Acctg,Controller,NA,Controller,Finance & Accounting,Controller,Employee,FT,TX,2022-08-28,4.01,1.0,40.0,Annual,123000.0,123000.0,59.13,0.0,0.0,9833.46,9212.33,7498.36,149544.15,71.9,1.2158,hours_defaulted;pay_basis_imputed
PIN-10422,Pinnacle Plumbing & Drain,Finance & Accounting,Acctg,Controller,NA,Controller,Finance & Accounting,Controller,Employee,Full-Time,TX,2020-12-18,5.7,1.0,40.0,Annual,139000.0,139000.0,66.83,0.0,0.0,11112.61,10410.69,7498.36,168021.66,80.78,1.2088,hours_defaulted;pay_basis_imputed
NHS-10008,Northstar Corporate,Finance & Accounting,Finance & Accounting,FP&A Analyst,NA,FP&A Analyst,Finance & Accounting,FP&A Analyst,Employee,,FL,2024-01-09,2.64,1.0,40.0,Annual,84500.0,84500.0,40.62,0.0,0.0,6755.51,6328.8,7498.36,105082.67,50.52,1.2436,clean
NHS-10009,Northstar Corporate,Finance & Accounting,Finance & Accounting,FP&A Analyst,NA,FP&A Analyst,Finance & Accounting,FP&A Analyst,Employee,Full-Time,FL,2025-01-14,1.63,1.0,40.0,Annual,92500.0,92500.0,44.47,0.0,0.0,7395.08,6927.97,7498.36,114321.41,54.96,1.2359,clean
NHS-10010,Northstar Corporate,Finance & Accounting,Finance & Accounting,FP&A Analyst,NA,FP&A Analyst,Finance & Accounting,FP&A Analyst,Employee,Regular,FL,2025-11-09,0.81,1.0,40.0,Annual,81500.0,81500.0,39.18,0.0,0.0,6515.67,6104.11,7498.36,101618.14,48.85,1.2468,clean
NHS-10011,Northstar Corporate,Finance & Accounting,Finance & Accounting,FP&A Analyst,NA,FP&A Analyst,Finance & Accounting,FP&A Analyst,Employee,Regular,FL,2021-04-06,5.4,1.0,40.0,Annual,91500.0,91500.0,43.99,0.0,0.0,7315.13,6853.08,7498.36,113166.57,54.41,1.2368,clean
BAY-10465,Bayside Mechanical,Finance & Accounting,Finance,Payroll Specialist,NA,Payroll Specialist,Finance & Accounting,Payroll Specialist,Employee,Full-Time,FL,2025-11-12,0.8,1.0,40.0,Annual,56000.0,56000.0,26.92,0.0,0.0,4477.02,4194.23,7498.36,72169.61,34.7,1.2887,clean
BAY-10466,Bayside Mechanical,Finance & Accounting,Finance,Payroll Specialist,NA,Payroll Specialist,Finance & Accounting,Payroll Specialist,Employee,Regular,FL,2022-01-03,4.66,1.0,40.0,Annual,55500.0,55500.0,26.68,0.0,0.0,4437.05,4156.78,7498.36,71592.19,34.42,1.2899,clean
NHS-10001,Northstar Corporate,Finance & Accounting,Finance & Accounting,Payroll Specialist,NA,Payroll Specialist,Finance & Accounting,Payroll Specialist,Employee,FT,FL,2022-09-21,3.94,1.0,40.0,Annual,59500.0,59500.0,28.61,0.0,0.0,4756.84,4456.37,7498.36,76211.57,36.64,1.2809,clean
NHS-10002,Northstar Corporate,Finance & Accounting,Finance & Accounting,Payroll Specialist,NA,Payroll Specialist,Finance & Accounting,Payroll Specialist,Employee,Regular,FL,2022-02-17,4.53,1.0,40.0,Annual,57500.0,57500.0,27.64,0.0,0.0,4596.94,4306.58,7498.36,73901.88,35.53,1.2853,clean
NHS-10003,Northstar Corporate,Finance & Accounting,Finance & Accounting,Payroll Specialist,NA,Payroll Specialist,Finance & Accounting,Payroll Specialist,Employee,Full-Time,FL,2022-09-16,3.96,1.0,40.0,Annual,56000.0,56000.0,26.92,0.0,0.0,4477.02,4194.23,7498.36,72169.61,34.7,1.2887,clean
NHS-10004,Northstar Corporate,Finance & Accounting,Finance & Accounting,Payroll Specialist,NA,Payroll Specialist,Finance & Accounting,Payroll Specialist,Employee,Regular,FL,2024-12-09,1.72,1.0,40.0,Annual,58500.0,58500.0,28.12,0.0,0.0,4676.89,4381.48,7498.36,75056.73,36.08,1.283,clean
PIN-10414,Pinnacle Plumbing & Drain,Finance & Accounting,Acctg,Payroll Specialist,NA,Payroll Specialist,Finance & Accounting,Payroll Specialist,Employee,Full-Time,TX,2022-10-29,3.84,1.0,40.0,Annual,56500.0,56500.0,27.16,0.0,0.0,4516.99,4231.68,7498.36,72747.03,34.97,1.2876,hours_defaulted;pay_basis_imputed
RED-10272,Redwood Electric,Finance & Accounting,Finance,Payroll Specialist,NA,Payroll Specialist,Finance & Accounting,Payroll Specialist,Employee,Regular,AZ,2023-09-28,2.92,1.0,40.0,Annual,56000.0,56000.0,26.92,0.0,0.0,4477.02,4194.23,7498.36,72169.61,34.7,1.2887,hours_defaulted
NHS-10015,Northstar Corporate,HR,HR,HR Business Partner,NA,HR Business Partner,HR,HR Business Partner,Employee,Full-Time,FL,2024-10-23,1.85,1.0,40.0,Annual,93000.0,93000.0,44.71,0.0,0.0,5606.56,6957.52,7414.75,112978.83,54.32,1.2148,clean
NHS-10016,Northstar Corporate,HR,HR,HR Business Partner,NA,HR Business Partner,HR,HR Business Partner,Employee,Full-Time,FL,2022-08-18,4.04,1.0,40.0,Annual,81000.0,81000.0,38.94,0.0,0.0,4883.13,6059.78,7414.75,99357.66,47.77,1.2266,clean
NHS-10017,Northstar Corporate,HR,HR,HR Business Partner,NA,HR Business Partner,HR,HR Business Partner,Employee,,FL,2025-08-14,1.05,1.0,40.0,Annual,97000.0,97000.0,46.63,0.0,0.0,5847.7,7256.77,7414.75,117519.22,56.5,1.2115,clean
NHS-10018,Northstar Corporate,HR,HR,HR Business Partner,NA,HR Business Partner,HR,HR Business Partner,Employee,FT,FL,2024-04-14,2.38,1.0,40.0,Annual,94500.0,94500.0,45.43,0.0,0.0,5696.99,7069.74,7414.75,114681.48,55.14,1.2136,clean
NHS-10019,Northstar Corporate,HR,HR,HR Business Partner,NA,HR Business Partner,HR,HR Business Partner,Employee,Regular,FL,2025-02-14,1.54,1.0,40.0,Annual,98000.0,98000.0,47.12,0.0,0.0,5907.99,7331.58,7414.75,118654.32,57.05,1.2108,clean
NHS-10020,Northstar Corporate,HR,HR,HR Business Partner,NA,HR Business Partner,HR,HR Business Partner,Employee,,FL,2021-08-25,5.02,1.0,40.0,Annual,99000.0,99000.0,47.6,0.0,0.0,5968.27,7406.39,7414.75,119789.41,57.59,1.21,clean
BAY-10473,Bayside Mechanical,HR,HR,HR Coordinator,NA,HR Coordinator,HR,HR Coordinator,Employee,,FL,2025-02-01,1.58,1.0,40.0,Annual,52000.0,52000.0,25.0,0.0,0.0,3134.85,3890.23,7414.75,66439.83,31.94,1.2777,clean
BAY-10474,Bayside Mechanical,HR,HR,HR Coordinator,NA,HR Coordinator,HR,HR Coordinator,Employee,,FL,2025-04-17,1.37,1.0,40.0,Annual,46000.0,46000.0,22.12,0.0,0.0,2773.14,3441.35,7414.75,59629.24,28.67,1.2963,clean
BAY-10475,Bayside Mechanical,HR,HR,HR Coordinator,NA,HR Coordinator,HR,HR Coordinator,Employee,Regular,FL,2023-09-04,2.99,1.0,40.0,Annual,50500.0,50500.0,24.28,0.0,0.0,3044.42,3778.01,7414.75,64737.18,31.12,1.2819,clean
NHS-10012,Northstar Corporate,HR,HR,HR Coordinator,NA,HR Coordinator,HR,HR Coordinator,Employee,Regular,FL,2019-01-17,7.62,1.0,40.0,Annual,47000.0,47000.0,22.6,0.0,0.0,2833.42,3516.17,7414.75,60764.34,29.21,1.2929,clean
PIN-10423,Pinnacle Plumbing & Drain,HR,HR,HR Coordinator,NA,HR Coordinator,HR,HR Coordinator,Employee,Regular,TX,2024-09-29,1.92,1.0,40.0,Annual,49500.0,49500.0,23.8,0.0,0.0,2984.14,3703.2,7414.75,63602.09,30.58,1.2849,hours_defaulted;pay_basis_imputed
RED-10275,Redwood Electric,HR,HR,HR Coordinator,NA,HR Coordinator,HR,HR Coordinator,Employee,Full-Time,AZ,2020-12-25,5.68,1.0,40.0,Annual,50500.0,50500.0,24.28,0.0,0.0,3044.42,3778.01,7414.75,64737.18,31.12,1.2819,hours_defaulted
RED-10276,Redwood Electric,HR,HR,HR Coordinator,NA,HR Coordinator,HR,HR Coordinator,Employee,Full-Time,AZ,2023-05-26,3.27,1.0,40.0,Annual,45500.0,45500.0,21.88,0.0,0.0,2742.99,3403.95,7414.75,59061.69,28.4,1.2981,hours_defaulted
RED-10277,Redwood Electric,HR,HR,HR Coordinator,NA,HR Coordinator,HR,HR Coordinator,Employee,Full-Time,AZ,2018-12-20,7.7,1.0,40.0,Annual,48000.0,48000.0,23.08,0.0,0.0,2893.71,3590.98,7414.75,61899.44,29.76,1.2896,hours_defaulted;pay_rate_imputed
RED-10278,Redwood Electric,HR,HR,HR Coordinator,NA,HR Coordinator,HR,HR Coordinator,Employee,Full-Time,AZ,2023-01-31,3.58,1.0,40.0,Annual,54500.0,54500.0,26.2,0.0,0.0,3285.56,4077.26,7414.75,69277.57,33.31,1.2711,hours_defaulted
RED-10279,Redwood Electric,HR,HR,HR Coordinator,NA,HR Coordinator,HR,HR Coordinator,Employee,Regular,AZ,2025-12-27,0.68,1.0,40.0,Annual,45500.0,45500.0,21.88,0.0,0.0,2742.99,3403.95,7414.75,59061.69,28.4,1.2981,hours_defaulted
NHS-10021,Northstar Corporate,HR,HR,HR Manager,NA,HR Manager,HR,HR Manager,Employee,,FL,2025-09-14,0.96,1.0,40.0,Annual,98000.0,98000.0,47.12,0.0,0.0,5907.99,7331.58,7414.75,118654.32,57.05,1.2108,clean
NHS-10022,Northstar Corporate,HR,HR,HR Manager,NA,HR Manager,HR,HR Manager,Employee,Regular,FL,2025-04-30,1.34,1.0,40.0,Annual,97500.0,97500.0,46.88,0.0,0.0,5877.84,7294.18,7414.75,118086.77,56.77,1.2111,clean
NHS-10023,Northstar Corporate,HR,HR,HR Manager,NA,HR Manager,HR,HR Manager,Employee,Regular,FL,2016-10-06,9.9,1.0,40.0,Annual,103500.0,103500.0,49.76,0.0,0.0,6239.56,7743.05,7414.75,124897.36,60.05,1.2067,clean
BAY-10476,Bayside Mechanical,HR,HR,Recruiter,NA,Recruiter,HR,Recruiter,Employee,Regular,FL,2020-08-17,6.04,1.0,40.0,Annual,55500.0,55500.0,26.68,0.0,0.0,3345.85,4152.07,7414.75,70412.67,33.85,1.2687,clean
BAY-10477,Bayside Mechanical,HR,HR,Recruiter,NA,Recruiter,HR,Recruiter,Employee,Regular,FL,2017-12-02,8.74,1.0,40.0,Annual,62500.0,62500.0,30.05,0.0,0.0,3767.85,4675.75,7414.75,78358.35,37.67,1.2537,clean
BAY-10478,Bayside Mechanical,HR,HR,Recruiter,NA,Recruiter,HR,Recruiter,Employee,Full-Time,FL,2026-02-08,0.56,1.0,40.0,Annual,57500.0,57500.0,27.64,0.0,0.0,3466.42,4301.69,7414.75,72682.86,34.94,1.264,clean
NHS-10013,Northstar Corporate,HR,HR,Recruiter,NA,Recruiter,HR,Recruiter,Employee,Regular,FL,2021-10-06,4.9,1.0,40.0,Annual,64500.0,64500.0,31.01,0.0,0.0,3888.42,4825.38,7414.75,80628.55,38.76,1.2501,clean
NHS-10014,Northstar Corporate,HR,HR,Recruiter,NA,Recruiter,HR,Recruiter,Employee,Regular,FL,2026-06-08,0.23,1.0,40.0,Annual,55000.0,55000.0,26.44,0.0,0.0,3315.71,4114.66,7414.75,69845.12,33.58,1.2699,clean
RED-10280,Redwood Electric,HR,HR,Recruiter,NA,Recruiter,HR,Recruiter,Employee,Full-Time,AZ,2024-07-17,2.12,1.0,40.0,Annual,65500.0,65500.0,31.49,0.0,0.0,3948.71,4900.19,7414.75,81763.65,39.31,1.2483,hours_defaulted
RED-10281,Redwood Electric,HR,HR,Recruiter,NA,Recruiter,HR,Recruiter,Employee,Regular,AZ,2026-04-30,0.34,1.0,40.0,Annual,56500.0,56500.0,27.16,0.0,0.0,3406.13,4226.88,7414.75,71547.76,34.4,1.2663,hours_defaulted
RED-10282,Redwood Electric,HR,HR,Recruiter,NA,Recruiter,HR,Recruiter,Employee,Regular,AZ,2022-08-04,4.07,1.0,40.0,Annual,62500.0,62500.0,30.05,0.0,0.0,3767.85,4675.75,7414.75,78358.35,37.67,1.2537,hours_defaulted
RED-10283,Redwood Electric,HR,HR,Recruiter,NA,Recruiter,HR,Recruiter,Employee,FT,AZ,2023-02-24,3.52,1.0,40.0,Annual,55000.0,55000.0,26.44,0.0,0.0,3315.71,4114.66,7414.75,69845.12,33.58,1.2699,hours_defaulted
NHS-10040,Northstar Corporate,IT,IT,Business Systems Analyst,NA,Business Systems Analyst,IT,Business Systems Analyst,Employee,Regular,FL,2022-10-07,3.9,1.0,40.0,Annual,91000.0,91000.0,43.75,0.0,0.0,7294.3,6824.73,8831.68,113950.71,54.78,1.2522,clean
NHS-10041,Northstar Corporate,IT,IT,Business Systems Analyst,NA,Business Systems Analyst,IT,Business Systems Analyst,Employee,,FL,2023-11-30,2.75,1.0,40.0,Annual,85500.0,85500.0,41.11,0.0,0.0,6853.44,6412.24,8831.68,107597.36,51.73,1.2584,clean
NHS-10042,Northstar Corporate,IT,IT,Business Systems Analyst,NA,Business Systems Analyst,IT,Business Systems Analyst,Employee,,FL,2024-03-12,2.47,1.0,40.0,Annual,90000.0,90000.0,43.27,0.0,0.0,7214.14,6749.73,8831.68,112795.55,54.23,1.2533,clean
NHS-10043,Northstar Corporate,IT,IT,Business Systems Analyst,NA,Business Systems Analyst,IT,Business Systems Analyst,Employee,FT,FL,2021-11-08,4.81,1.0,40.0,Annual,84500.0,84500.0,40.62,0.0,0.0,6773.28,6337.25,8831.68,106442.21,51.17,1.2597,clean
NHS-10044,Northstar Corporate,IT,IT,Business Systems Analyst,NA,Business Systems Analyst,IT,Business Systems Analyst,Employee,FT,FL,2023-05-29,3.26,1.0,40.0,Annual,88000.0,88000.0,42.31,0.0,0.0,7053.83,6599.74,8831.68,110485.25,53.12,1.2555,clean
NHS-10045,Northstar Corporate,IT,IT,Business Systems Analyst,NA,Business Systems Analyst,IT,Business Systems Analyst,Employee,Full-Time,FL,2021-01-13,5.63,1.0,40.0,Annual,89500.0,89500.0,43.03,0.0,0.0,7174.07,6712.23,8831.68,112217.98,53.95,1.2538,clean
NHS-10046,Northstar Corporate,IT,IT,Business Systems Analyst,NA,Business Systems Analyst,IT,Business Systems Analyst,Employee,,FL,2025-04-28,1.34,1.0,40.0,Annual,91000.0,91000.0,43.75,0.0,0.0,7294.3,6824.73,8831.68,113950.71,54.78,1.2522,clean
BAY-10479,Bayside Mechanical,IT,IT,Help Desk Technician,NA,Help Desk Technician,IT,Help Desk Technician,Employee,Full-Time,FL,2024-04-19,2.37,1.0,40.0,Hourly,25.51,53060.8,25.51,0.0,0.0,4253.2,3979.4,8831.68,70125.08,33.71,1.3216,clean
GLC-10387,Great Lakes Comfort Systems,IT,IT,Help Desk Technician,NA,Help Desk Technician,IT,Help Desk Technician,Employee,Full-Time,MI,2016-06-21,10.19,1.0,40.0,Hourly,25.08,52166.4,25.08,0.0,0.0,4181.51,3912.32,8831.68,69091.91,33.22,1.3245,clean
GLC-10388,Great Lakes Comfort Systems,IT,IT,Help Desk Technician,NA,Help Desk Technician,IT,Help Desk Technician,Employee,Regular,MI,2025-06-05,1.24,1.0,40.0,Hourly,24.38,50710.4,24.38,0.0,0.0,4064.8,3803.13,8831.68,67410.01,32.41,1.3293,clean
NHS-10024,Northstar Corporate,IT,IT,Help Desk Technician,NA,Help Desk Technician,IT,Help Desk Technician,Employee,,FL,2021-07-07,5.15,1.0,40.0,Hourly,25.22,52457.6,25.22,0.0,0.0,4204.85,3934.16,8831.68,69428.29,33.38,1.3235,clean
NHS-10025,Northstar Corporate,IT,IT,Help Desk Technician,NA,Help Desk Technician,IT,Help Desk Technician,Employee,Regular,FL,2022-09-11,3.97,1.0,40.0,Hourly,27.04,56243.2,27.04,0.0,0.0,4508.3,4218.07,8831.68,73801.25,35.48,1.3122,clean
NHS-10026,Northstar Corporate,IT,IT,Help Desk Technician,NA,Help Desk Technician,IT,Help Desk Technician,Employee,Full-Time,FL,2025-05-22,1.28,1.0,40.0,Hourly,25.45,52936.0,25.45,0.0,0.0,4243.2,3970.04,8831.68,69980.92,33.64,1.322,clean
NHS-10027,Northstar Corporate,IT,IT,Help Desk Technician,NA,Help Desk Technician,IT,Help Desk Technician,Employee,,FL,2023-08-26,3.01,1.0,40.0,Hourly,26.86,55868.8,26.86,0.0,0.0,4478.28,4189.99,8831.68,73368.75,35.27,1.3132,clean
NHS-10028,Northstar Corporate,IT,IT,Help Desk Technician,NA,Help Desk Technician,IT,Help Desk Technician,Employee,Regular,FL,2019-03-15,7.46,1.0,40.0,Hourly,26.15,54392.0,26.15,0.0,0.0,4359.91,4079.24,8831.68,71662.83,34.45,1.3175,clean
NHS-10029,Northstar Corporate,IT,IT,Help Desk Technician,NA,Help Desk Technician,IT,Help Desk Technician,Employee,Full-Time,FL,2024-08-02,2.08,1.0,40.0,Hourly,24.6,51168.0,24.6,0.0,0.0,4101.48,3837.45,8831.68,67938.61,32.66,1.3278,clean
NHS-10030,Northstar Corporate,IT,IT,Help Desk Technician,NA,Help Desk Technician,IT,Help Desk Technician,Employee,Regular,FL,2021-10-29,4.84,1.0,40.0,Hourly,27.0,56160.0,27.0,0.0,0.0,4501.63,4211.83,8831.68,73705.14,35.44,1.3124,clean
NHS-10031,Northstar Corporate,IT,IT,Help Desk Technician,NA,Help Desk Technician,IT,Help Desk Technician,Employee,FT,FL,2024-08-14,2.05,1.0,40.0,Hourly,22.93,47694.4,22.93,0.0,0.0,3823.05,3576.94,8831.68,63926.07,30.73,1.3403,clean
NHS-10032,Northstar Corporate,IT,IT,Help Desk Technician,NA,Help Desk Technician,IT,Help Desk Technician,Employee,Regular,FL,2020-10-28,5.84,1.0,40.0,Hourly,24.6,51168.0,24.6,0.0,0.0,4101.48,3837.45,8831.68,67938.61,32.66,1.3278,clean
NHS-10047,Northstar Corporate,IT,IT,IT Manager,NA,IT Manager,IT,IT Manager,Employee,Regular,FL,2023-03-21,3.45,1.0,40.0,Annual,112500.0,112500.0,54.09,0.0,0.0,9017.68,8437.16,8831.68,138786.52,66.72,1.2337,clean
NHS-10048,Northstar Corporate,IT,IT,IT Manager,NA,IT Manager,IT,IT Manager,Employee,Full-Time,FL,2015-04-04,11.41,1.0,40.0,Annual,121000.0,121000.0,58.17,0.0,0.0,9699.02,9074.64,8831.68,148605.34,71.44,1.2281,clean
NHS-10049,Northstar Corporate,IT,IT,IT Manager,NA,IT Manager,IT,IT Manager,Employee,FT,FL,2025-11-29,0.75,1.0,40.0,Annual,114500.0,114500.0,55.05,0.0,0.0,9177.99,8587.16,8831.68,141096.83,67.84,1.2323,clean
NHS-10050,Northstar Corporate,IT,IT,IT Manager,NA,IT Manager,IT,IT Manager,Employee,,FL,2024-01-14,2.63,1.0,40.0,Annual,118500.0,118500.0,56.97,0.0,0.0,9498.62,8887.14,8831.68,145717.44,70.06,1.2297,clean
GLC-10389,Great Lakes Comfort Systems,IT,IT,Systems Administrator,NA,Systems Administrator,IT,Systems Administrator,Employee,Regular,MI,2025-07-05,1.16,1.0,40.0,Annual,91000.0,91000.0,43.75,0.0,0.0,7294.3,6824.73,8831.68,113950.71,54.78,1.2522,clean
NHS-10033,Northstar Corporate,IT,IT,Systems Administrator,NA,Systems Administrator,IT,Systems Administrator,Employee,Regular,FL,2023-08-21,3.03,1.0,40.0,Annual,76000.0,76000.0,36.54,0.0,0.0,6091.94,5699.77,8831.68,96623.39,46.45,1.2714,clean
NHS-10034,Northstar Corporate,IT,IT,Systems Administrator,NA,Systems Administrator,IT,Systems Administrator,Employee,Regular,FL,2023-04-12,3.39,1.0,40.0,Annual,81500.0,81500.0,39.18,0.0,0.0,6532.81,6112.26,8831.68,102976.75,49.51,1.2635,clean
NHS-10035,Northstar Corporate,IT,IT,Systems Administrator,NA,Systems Administrator,IT,Systems Administrator,Employee,Full-Time,FL,2022-04-12,4.39,1.0,40.0,Annual,93000.0,93000.0,44.71,0.0,0.0,7454.62,6974.72,8831.68,116261.02,55.89,1.2501,clean
NHS-10036,Northstar Corporate,IT,IT,Systems Administrator,NA,Systems Administrator,IT,Systems Administrator,Employee,Full-Time,FL,2024-08-14,2.05,1.0,40.0,Annual,88500.0,88500.0,42.55,0.0,0.0,7093.91,6637.23,8831.68,111062.82,53.4,1.2549,clean
NHS-10037,Northstar Corporate,IT,IT,Systems Administrator,NA,Systems Administrator,IT,Systems Administrator,Employee,Regular,FL,2021-03-07,5.48,1.0,40.0,Annual,79500.0,79500.0,38.22,0.0,0.0,6372.49,5962.26,8831.68,100666.43,48.4,1.2662,clean
NHS-10038,Northstar Corporate,IT,IT,Systems Administrator,NA,Systems Administrator,IT,Systems Administrator,Employee,,FL,2025-12-24,0.68,1.0,40.0,Annual,77500.0,77500.0,37.26,0.0,0.0,6212.18,5812.27,8831.68,98356.13,47.29,1.2691,clean
NHS-10039,Northstar Corporate,IT,IT,Systems Administrator,NA,Systems Administrator,IT,Systems Administrator,Employee,FT,FL,2020-12-29,5.67,1.0,40.0,Annual,91500.0,91500.0,43.99,0.0,0.0,7334.38,6862.23,8831.68,114528.29,55.06,1.2517,clean
RED-10284,Redwood Electric,IT,IT,Systems Administrator,NA,Systems Administrator,IT,Systems Administrator,Employee,Regular,AZ,2022-02-18,4.53,1.0,40.0,Annual,89000.0,89000.0,42.79,0.0,0.0,7133.99,6674.73,8831.68,111640.4,53.67,1.2544,hours_defaulted
NHS-10055,Northstar Corporate,Marketing,Marketing,Digital Marketing Specialist,NA,Digital Marketing Specialist,Marketing,Digital Marketing Specialist,Employee,Regular,FL,2026-01-31,0.58,1.0,40.0,Annual,64000.0,64000.0,30.77,0.0,0.0,3190.81,4798.09,7328.3,79317.2,38.13,1.2393,clean
NHS-10056,Northstar Corporate,Marketing,Marketing,Digital Marketing Specialist,NA,Digital Marketing Specialist,Marketing,Digital Marketing Specialist,Employee,FT,FL,2025-01-12,1.63,1.0,40.0,Annual,71500.0,71500.0,34.38,0.0,0.0,3564.73,5360.37,7328.3,87753.4,42.19,1.2273,clean
NHS-10057,Northstar Corporate,Marketing,Marketing,Digital Marketing Specialist,NA,Digital Marketing Specialist,Marketing,Digital Marketing Specialist,Employee,Regular,FL,2024-08-09,2.06,1.0,40.0,Annual,63500.0,63500.0,30.53,0.0,0.0,3165.88,4760.6,7328.3,78754.78,37.86,1.2402,clean
NHS-10058,Northstar Corporate,Marketing,Marketing,Digital Marketing Specialist,NA,Digital Marketing Specialist,Marketing,Digital Marketing Specialist,Employee,,FL,2022-10-01,3.92,1.0,40.0,Annual,64500.0,64500.0,31.01,0.0,0.0,3215.74,4835.58,7328.3,79879.62,38.4,1.2384,clean
NHS-10079,Northstar Corporate,Marketing,Marketing,Digital Marketing Specialist,NA,Digital Marketing Specialist,Marketing,Digital Marketing Specialist,Employee,Regular,FL,2026-08-03,0.08,1.0,40.0,Annual,72000.0,72000.0,34.62,0.0,0.0,3589.66,5397.85,7328.3,88315.81,42.46,1.2266,clean
NHS-10051,Northstar Corporate,Marketing,Marketing,Marketing Coordinator,NA,Marketing Coordinator,Marketing,Marketing Coordinator,Employee,Regular,FL,2024-06-01,2.25,1.0,40.0,Annual,57000.0,57000.0,27.4,0.0,0.0,2841.81,4273.3,7328.3,71443.41,34.35,1.2534,clean
NHS-10052,Northstar Corporate,Marketing,Marketing,Marketing Coordinator,NA,Marketing Coordinator,Marketing,Marketing Coordinator,Employee,,FL,2018-08-06,8.07,1.0,40.0,Annual,57000.0,57000.0,27.4,0.0,0.0,2841.81,4273.3,7328.3,71443.41,34.35,1.2534,clean
NHS-10053,Northstar Corporate,Marketing,Marketing,Marketing Coordinator,NA,Marketing Coordinator,Marketing,Marketing Coordinator,Employee,Regular,FL,2021-05-25,5.27,1.0,40.0,Annual,53500.0,53500.0,25.72,0.0,0.0,2667.32,4010.9,7328.3,67506.52,32.46,1.2618,clean
NHS-10054,Northstar Corporate,Marketing,Marketing,Marketing Coordinator,NA,Marketing Coordinator,Marketing,Marketing Coordinator,Employee,,FL,2018-11-03,7.82,1.0,40.0,Annual,51000.0,51000.0,24.52,0.0,0.0,2542.68,3823.48,7328.3,64694.46,31.1,1.2685,clean
NHS-10078,Northstar Corporate,Marketing,Marketing,Marketing Director,NA,Marketing Director,Marketing,Marketing Director,Employee,Regular,FL,2026-07-13,0.13,1.0,40.0,Annual,140000.0,140000.0,67.31,0.0,0.0,6979.89,10495.82,7328.3,164804.01,79.23,1.1772,clean
NHS-10059,Northstar Corporate,Marketing,Marketing,Marketing Manager,NA,Marketing Manager,Marketing,Marketing Manager,Employee,,FL,2020-09-23,5.94,1.0,40.0,Annual,86000.0,86000.0,41.35,0.0,0.0,4287.65,6447.43,7328.3,104063.38,50.03,1.21,clean
NHS-10060,Northstar Corporate,Marketing,Marketing,Marketing Manager,NA,Marketing Manager,Marketing,Marketing Manager,Employee,,FL,2019-10-21,6.86,1.0,40.0,Annual,96000.0,96000.0,46.15,0.0,0.0,4786.21,7197.14,7328.3,115311.65,55.44,1.2012,clean
BAY-10363,Bayside Mechanical,Sales,Sales,Inside Sales Representative,NA,Inside Sales Representative,Sales,Inside Sales Representative,Employee,FT,FL,2025-04-18,1.37,1.0,40.0,Hourly,18.55,38584.0,18.55,0.0,23177.86,768.98,3259.52,5826.39,71616.75,34.43,1.8561,clean
BAY-10364,Bayside Mechanical,Sales,Sales,Inside Sales Representative,NA,Inside Sales Representative,Sales,Inside Sales Representative,Employee,FT,FL,2025-11-22,0.77,1.0,40.0,Hourly,21.57,44865.6,21.57,0.0,26951.29,894.18,3790.18,5826.39,82327.64,39.58,1.835,clean
BAY-10365,Bayside Mechanical,Sales,Sales,Inside Sales Representative,NA,Inside Sales Representative,Sales,Inside Sales Representative,Employee,Regular,FL,2020-09-08,5.98,1.0,40.0,Hourly,18.17,37793.6,18.17,0.0,22703.05,753.23,3192.75,5826.39,70269.02,33.78,1.8593,clean
BAY-10366,Bayside Mechanical,Sales,Sales,Inside Sales Representative,NA,Inside Sales Representative,Sales,Inside Sales Representative,Employee,Full-Time,FL,2021-08-14,5.05,1.0,40.0,Hourly,21.13,43950.4,21.13,0.0,26401.52,875.94,3712.86,5826.39,80767.11,38.83,1.8377,clean
GLC-10290,Great Lakes Comfort Systems,Sales,Sales,Inside Sales Representative,NA,Inside Sales Representative,Sales,Inside Sales Representative,Employee,Regular,MI,2019-09-05,6.99,1.0,40.0,Hourly,19.87,41329.6,19.87,0.0,24827.17,823.7,3491.46,5826.39,76298.32,36.68,1.8461,clean
PIN-10313,Pinnacle Plumbing & Drain,Sales,Sales,Inside Sales Representative,NA,Inside Sales Representative,Sales,Inside Sales Representative,Employee,Regular,TX,2020-07-18,6.12,1.0,40.0,Hourly,18.89,39291.2,18.89,0.0,23602.68,783.08,3319.26,5826.39,72822.61,35.01,1.8534,hours_defaulted;pay_basis_imputed
PIN-10314,Pinnacle Plumbing & Drain,Sales,Sales,Inside Sales Representative,NA,Inside Sales Representative,Sales,Inside Sales Representative,Employee,FT,TX,2017-12-14,8.71,1.0,40.0,Hourly,18.11,37668.8,18.11,0.0,22628.09,750.74,3182.2,5826.39,70056.22,33.68,1.8598,hours_defaulted;pay_basis_imputed
PIN-10315,Pinnacle Plumbing & Drain,Sales,Sales,Inside Sales Representative,NA,Inside Sales Representative,Sales,Inside Sales Representative,Employee,,TX,2019-12-23,6.69,1.0,40.0,Hourly,18.9,39312.0,18.9,0.0,23615.18,783.49,3321.02,5826.39,72858.08,35.03,1.8533,hours_defaulted;pay_basis_imputed
PIN-10316,Pinnacle Plumbing & Drain,Sales,Sales,Inside Sales Representative,NA,Inside Sales Representative,Sales,Inside Sales Representative,Employee,FT,TX,2023-06-02,3.25,1.0,40.0,Hourly,21.93,45614.4,21.93,0.0,27401.1,909.1,3853.44,5826.39,83604.43,40.19,1.8329,hours_defaulted;pay_basis_imputed
PIN-10317,Pinnacle Plumbing & Drain,Sales,Sales,Inside Sales Representative,NA,Inside Sales Representative,Sales,Inside Sales Representative,Employee,,TX,2023-03-12,3.47,1.0,40.0,Hourly,20.65,42952.0,20.65,0.0,25801.77,856.04,3628.52,5826.39,79064.72,38.01,1.8408,hours_defaulted;pay_basis_imputed
PIN-10318,Pinnacle Plumbing & Drain,Sales,Sales,Inside Sales Representative,NA,Inside Sales Representative,Sales,Inside Sales Representative,Employee,Regular,TX,2025-06-18,1.2,1.0,40.0,Hourly,20.2,42016.0,20.2,0.0,25239.5,837.38,3549.45,5826.39,77468.72,37.24,1.8438,hours_defaulted;pay_basis_imputed
RED-10218,Redwood Electric,Sales,Sales,Inside Sales Representative,NA,Inside Sales Representative,Sales,Inside Sales Representative,Employee,Regular,AZ,2025-04-07,1.4,1.0,40.0,Hourly,20.2,42016.0,20.2,0.0,25239.5,837.38,3549.45,5826.39,77468.72,37.24,1.8438,hours_defaulted
BAY-10327,Bayside Mechanical,Sales,Sales,Sales Consultant,Standard,Sales Consultant - Standard,Sales,Comfort Advisor,Employee,FT,FL,2025-08-30,1.0,1.0,40.0,Annual,53500.0,53500.0,25.72,0.0,32138.07,1066.26,4519.6,5826.39,97050.32,46.66,1.814,clean
BAY-10328,Bayside Mechanical,Sales,Sales,Sales Consultant,Standard,Sales Consultant - Standard,Sales,Comfort Advisor,Employee,Regular,FL,2021-10-10,4.89,1.0,40.0,Annual,48000.0,48000.0,23.08,0.0,28834.16,956.65,4054.97,5826.39,87672.17,42.15,1.8265,clean
BAY-10329,Bayside Mechanical,Sales,Sales,Sales Consultant,Standard,Sales Consultant - Standard,Sales,Comfort Advisor,Employee,,FL,2025-07-23,1.11,1.0,40.0,Annual,47500.0,47500.0,22.84,0.0,28533.8,946.68,4012.73,5826.39,86819.6,41.74,1.8278,pay_rate_imputed
BAY-10330,Bayside Mechanical,Sales,Sales,Sales Consultant,Standard,Sales Consultant - Standard,Sales,Comfort Advisor,Employee,FT,FL,2022-05-15,4.3,1.0,40.0,Annual,54000.0,54000.0,25.96,0.0,32438.43,1076.23,4561.84,5826.39,97902.89,47.07,1.813,clean
BAY-10331,Bayside Mechanical,Sales,Sales,Sales Consultant,Standard,Sales Consultant - Standard,Sales,Comfort Advisor,Employee,Full-Time,FL,2023-04-16,3.38,1.0,40.0,Annual,42500.0,42500.0,20.43,0.0,25530.24,847.03,3590.34,5826.39,78294.0,37.64,1.8422,clean
BAY-10332,Bayside Mechanical,Sales,Sales,Sales Consultant,Standard,Sales Consultant - Standard,Sales,Comfort Advisor,Employee,Regular,FL,2022-05-26,4.27,1.0,40.0,Annual,49000.0,49000.0,23.56,0.0,29434.87,976.58,4139.45,5826.39,89377.29,42.97,1.824,clean
BAY-10333,Bayside Mechanical,Sales,Sales,Sales Consultant,Standard,Sales Consultant - Standard,Sales,Comfort Advisor,Employee,Regular,FL,2024-10-11,1.89,1.0,40.0,Annual,54000.0,54000.0,25.96,0.0,32438.43,1076.23,4561.84,5826.39,97902.89,47.07,1.813,clean
BAY-10334,Bayside Mechanical,Sales,Sales,Sales Consultant,Standard,Sales Consultant - Standard,Sales,Comfort Advisor,Employee,Full-Time,FL,2024-11-21,1.77,1.0,40.0,Annual,44000.0,44000.0,21.15,0.0,26431.31,876.93,3717.05,5826.39,80851.68,38.87,1.8375,clean
BAY-10335,Bayside Mechanical,Sales,Sales,Sales Consultant,Standard,Sales Consultant - Standard,Sales,Comfort Advisor,Employee,FT,FL,2025-09-30,0.92,1.0,40.0,Annual,47500.0,47500.0,22.84,0.0,28533.8,946.68,4012.73,5826.39,86819.6,41.74,1.8278,clean
BAY-10336,Bayside Mechanical,Sales,Sales,Sales Consultant,Standard,Sales Consultant - Standard,Sales,Comfort Advisor,Employee,Regular,FL,2017-12-08,8.73,1.0,40.0,Annual,51500.0,51500.0,24.76,0.0,30936.65,1026.4,4350.64,5826.39,93640.08,45.02,1.8183,clean
BAY-10337,Bayside Mechanical,Sales,Sales,Sales Consultant,Standard,Sales Consultant - Standard,Sales,Comfort Advisor,Employee,Regular,FL,2022-10-21,3.86,1.0,40.0,Annual,47500.0,47500.0,22.84,0.0,28533.8,946.68,4012.73,5826.39,86819.6,41.74,1.8278,pay_rate_imputed
BAY-10338,Bayside Mechanical,Sales,Sales,Sales Consultant,Standard,Sales Consultant - Standard,Sales,Comfort Advisor,Employee,FT,FL,2020-07-06,6.15,1.0,40.0,Annual,44500.0,44500.0,21.39,0.0,26731.67,886.89,3759.29,5826.39,81704.24,39.28,1.8361,clean
BAY-10339,Bayside Mechanical,Sales,Sales,Sales Consultant,Standard,Sales Consultant - Standard,Sales,Comfort Advisor,Employee,FT,FL,2011-06-30,15.17,1.0,40.0,Annual,44500.0,44500.0,21.39,0.0,26731.67,886.89,3759.29,5826.39,81704.24,39.28,1.8361,clean
BAY-10340,Bayside Mechanical,Sales,Sales,Sales Consultant,Standard,Sales Consultant - Standard,Sales,Comfort Advisor,Employee,,FL,2025-11-19,0.78,1.0,40.0,Annual,46500.0,46500.0,22.36,0.0,27933.09,926.75,3928.25,5826.39,85114.48,40.92,1.8304,clean
BAY-10341,Bayside Mechanical,Sales,Sales,Sales Consultant,Standard,Sales Consultant - Standard,Sales,Comfort Advisor,Employee,,FL,2020-04-09,6.39,1.0,40.0,Annual,45500.0,45500.0,21.88,0.0,27332.38,906.82,3843.77,5826.39,83409.36,40.1,1.8332,clean
BAY-10342,Bayside Mechanical,Sales,Sales,Sales Consultant,Standard,Sales Consultant - Standard,Sales,Comfort Advisor,Employee,Regular,FL,2019-04-06,7.4,1.0,40.0,Annual,46500.0,46500.0,22.36,0.0,27933.09,926.75,3928.25,5826.39,85114.48,40.92,1.8304,clean
BAY-10343,Bayside Mechanical,Sales,Sales,Sales Consultant,Standard,Sales Consultant - Standard,Sales,Comfort Advisor,Employee,Regular,FL,2025-06-29,1.17,1.0,40.0,Annual,48500.0,48500.0,23.32,0.0,29134.51,966.61,4097.21,5826.39,88524.72,42.56,1.8253,clean
BAY-10344,Bayside Mechanical,Sales,Sales,Sales Consultant,Standard,Sales Consultant - Standard,Sales,Comfort Advisor,Employee,Full-Time,FL,2025-11-10,0.8,1.0,40.0,Annual,45500.0,45500.0,21.88,0.0,27332.38,906.82,3843.77,5826.39,83409.36,40.1,1.8332,clean
BAY-10345,Bayside Mechanical,Sales,Sales,Sales Consultant,Standard,Sales Consultant - Standard,Sales,Comfort Advisor,Employee,Regular,FL,2026-01-20,0.61,1.0,40.0,Annual,49500.0,49500.0,23.8,0.0,29735.23,986.54,4181.69,5826.39,90229.85,43.38,1.8228,clean
BAY-10346,Bayside Mechanical,Sales,Sales,Sales Consultant,Standard,Sales Consultant - Standard,Sales,Comfort Advisor,Employee,Regular,FL,2025-08-18,1.03,1.0,40.0,Annual,42500.0,42500.0,20.43,0.0,25530.24,847.03,3590.34,5826.39,78294.0,37.64,1.8422,clean
BAY-10347,Bayside Mechanical,Sales,Sales,Sales Consultant,Standard,Sales Consultant - Standard,Sales,Comfort Advisor,Employee,Full-Time,FL,2023-05-19,3.29,1.0,40.0,Annual,46000.0,46000.0,22.12,0.0,27632.73,916.79,3886.01,5826.39,84261.92,40.51,1.8318,clean
BAY-10348,Bayside Mechanical,Sales,Sales,Sales Consultant,Standard,Sales Consultant - Standard,Sales,Comfort Advisor,Employee,,FL,2025-11-01,0.83,1.0,40.0,Annual,49500.0,49500.0,23.8,0.0,29735.23,986.54,4181.69,5826.39,90229.85,43.38,1.8228,clean
BAY-10349,Bayside Mechanical,Sales,Sales,Sales Consultant,Standard,Sales Consultant - Standard,Sales,Comfort Advisor,Employee,Full-Time,FL,2024-02-15,2.54,1.0,40.0,Annual,45000.0,45000.0,21.63,0.0,27032.02,896.86,3801.53,5826.39,82556.8,39.69,1.8346,clean
BAY-10350,Bayside Mechanical,Sales,Sales,Sales Consultant,Standard,Sales Consultant - Standard,Sales,Comfort Advisor,Employee,Regular,FL,2024-04-23,2.35,1.0,40.0,Annual,52000.0,52000.0,25.0,0.0,31237.0,1036.37,4392.88,5826.39,94492.64,45.43,1.8172,clean
BAY-10351,Bayside Mechanical,Sales,Sales,Sales Consultant,Standard,Sales Consultant - Standard,Sales,Comfort Advisor,Employee,,FL,2024-01-11,2.64,1.0,40.0,Annual,43500.0,43500.0,20.91,0.0,26130.96,866.96,3674.81,5826.39,79999.12,38.46,1.8391,clean
BAY-10352,Bayside Mechanical,Sales,Sales,Sales Consultant,Standard,Sales Consultant - Standard,Sales,Comfort Advisor,Employee,,FL,2023-06-29,3.17,1.0,40.0,Annual,46500.0,46500.0,22.36,0.0,27933.09,926.75,3928.25,5826.39,85114.48,40.92,1.8304,clean
BAY-10353,Bayside Mechanical,Sales,Sales,Sales Consultant,Standard,Sales Consultant - Standard,Sales,Comfort Advisor,Employee,Regular,FL,2025-05-15,1.3,1.0,40.0,Annual,55000.0,55000.0,26.44,0.0,33039.14,1096.16,4646.32,5826.39,99608.01,47.89,1.8111,clean
BAY-10354,Bayside Mechanical,Sales,Sales,Sales Consultant,Standard,Sales Consultant - Standard,Sales,Comfort Advisor,Employee,FT,FL,2024-11-13,1.8,1.0,40.0,Annual,46000.0,46000.0,22.12,0.0,27632.73,916.79,3886.01,5826.39,84261.92,40.51,1.8318,clean
BAY-10355,Bayside Mechanical,Sales,Sales,Sales Consultant,Standard,Sales Consultant - Standard,Sales,Comfort Advisor,Employee,Regular,FL,2020-07-19,6.12,1.0,40.0,Annual,49000.0,49000.0,23.56,0.0,29434.87,976.58,4139.45,5826.39,89377.29,42.97,1.824,clean
BAY-10356,Bayside Mechanical,Sales,Sales,Sales Consultant,Standard,Sales Consultant - Standard,Sales,Comfort Advisor,Employee,FT,FL,2024-07-02,2.16,1.0,40.0,Annual,48000.0,48000.0,23.08,0.0,28834.16,956.65,4054.97,5826.39,87672.17,42.15,1.8265,clean
BAY-10357,Bayside Mechanical,Sales,Sales,Sales Consultant,Standard,Sales Consultant - Standard,Sales,Comfort Advisor,Employee,,FL,2019-05-30,7.26,1.0,40.0,Annual,51000.0,51000.0,24.52,0.0,30636.29,1016.44,4308.4,5826.39,92787.52,44.61,1.8194,clean
BAY-10358,Bayside Mechanical,Sales,Sales,Sales Consultant,Senior,Sales Consultant - Senior,Sales,Sr Comfort Advisor,Employee,Regular,FL,2013-05-31,13.25,1.0,40.0,Annual,54500.0,54500.0,26.2,0.0,32738.78,1086.19,4604.08,5826.39,98755.44,47.48,1.812,clean
BAY-10359,Bayside Mechanical,Sales,Sales,Sales Consultant,Senior,Sales Consultant - Senior,Sales,Sr Comfort Advisor,Employee,FT,FL,2024-08-16,2.04,1.0,40.0,Annual,62000.0,62000.0,29.81,0.0,37244.12,1235.67,5237.67,5826.39,111543.85,53.63,1.7991,clean
BAY-10360,Bayside Mechanical,Sales,Sales,Sales Consultant,Senior,Sales Consultant - Senior,Sales,Sr Comfort Advisor,Employee,Full-Time,FL,2025-02-26,1.51,1.0,40.0,Annual,50500.0,50500.0,24.28,0.0,30335.94,1006.47,4266.16,5826.39,91934.96,44.2,1.8205,clean
BAY-10361,Bayside Mechanical,Sales,Sales,Sales Consultant,Senior,Sales Consultant - Senior,Sales,Sr Comfort Advisor,Employee,Regular,FL,2021-09-29,4.92,1.0,40.0,Annual,57500.0,57500.0,27.64,0.0,34540.92,1145.98,4857.51,5826.39,103870.8,49.94,1.8064,clean
BAY-10362,Bayside Mechanical,Sales,Sales,Sales Consultant,Senior,Sales Consultant - Senior,Sales,Sr Comfort Advisor,Employee,Full-Time,FL,2021-11-18,4.78,1.0,40.0,Annual,54500.0,54500.0,26.2,0.0,32738.78,1086.19,4604.08,5826.39,98755.44,47.48,1.812,clean
GLC-10268,Great Lakes Comfort Systems,Sales,Sales,Sales Consultant,Standard,Sales Consultant - Standard,Sales,Comfort Advisor,Employee,Regular,MI,2025-09-12,0.97,1.0,40.0,Annual,48000.0,48000.0,23.08,0.0,28834.16,956.65,4054.97,5826.39,87672.17,42.15,1.8265,clean
GLC-10269,Great Lakes Comfort Systems,Sales,Sales,Sales Consultant,Standard,Sales Consultant - Standard,Sales,Comfort Advisor,Employee,Regular,MI,2025-09-05,0.99,1.0,40.0,Annual,49000.0,49000.0,23.56,0.0,29434.87,976.58,4139.45,5826.39,89377.29,42.97,1.824,clean
GLC-10270,Great Lakes Comfort Systems,Sales,Sales,Sales Consultant,Standard,Sales Consultant - Standard,Sales,Comfort Advisor,Employee,Regular,MI,2023-07-29,3.09,1.0,40.0,Annual,50500.0,50500.0,24.28,0.0,30335.94,1006.47,4266.16,5826.39,91934.96,44.2,1.8205,clean
GLC-10271,Great Lakes Comfort Systems,Sales,Sales,Sales Consultant,Standard,Sales Consultant - Standard,Sales,Comfort Advisor,Employee,FT,MI,2025-06-15,1.21,1.0,40.0,Annual,54000.0,54000.0,25.96,0.0,32438.43,1076.23,4561.84,5826.39,97902.89,47.07,1.813,clean
GLC-10272,Great Lakes Comfort Systems,Sales,Sales,Sales Consultant,Standard,Sales Consultant - Standard,Sales,Comfort Advisor,Employee,Regular,MI,2024-02-08,2.56,1.0,40.0,Annual,52000.0,52000.0,25.0,0.0,31237.0,1036.37,4392.88,5826.39,94492.64,45.43,1.8172,clean
GLC-10273,Great Lakes Comfort Systems,Sales,Sales,Sales Consultant,Standard,Sales Consultant - Standard,Sales,Comfort Advisor,Employee,Full-Time,MI,2025-01-27,1.59,1.0,40.0,Annual,48000.0,48000.0,23.08,0.0,28834.16,956.65,4054.97,5826.39,87672.17,42.15,1.8265,clean
GLC-10274,Great Lakes Comfort Systems,Sales,Sales,Sales Consultant,Standard,Sales Consultant - Standard,Sales,Comfort Advisor,Employee,Regular,MI,2023-06-21,3.2,1.0,40.0,Annual,50500.0,50500.0,24.28,0.0,30335.94,1006.47,4266.16,5826.39,91934.96,44.2,1.8205,clean
GLC-10275,Great Lakes Comfort Systems,Sales,Sales,Sales Consultant,Standard,Sales Consultant - Standard,Sales,Comfort Advisor,Employee,Full-Time,MI,2023-07-27,3.1,1.0,40.0,Annual,42500.0,42500.0,20.43,0.0,25530.24,847.03,3590.34,5826.39,78294.0,37.64,1.8422,clean
GLC-10276,Great Lakes Comfort Systems,Sales,Sales,Sales Consultant,Standard,Sales Consultant - Standard,Sales,Comfort Advisor,Employee,Regular,MI,2026-02-18,0.53,1.0,40.0,Annual,45500.0,45500.0,21.88,0.0,27332.38,906.82,3843.77,5826.39,83409.36,40.1,1.8332,clean
GLC-10277,Great Lakes Comfort Systems,Sales,Sales,Sales Consultant,Standard,Sales Consultant - Standard,Sales,Comfort Advisor,Employee,Regular,MI,2020-02-02,6.58,1.0,40.0,Annual,42000.0,42000.0,20.19,0.0,25229.89,837.07,3548.1,5826.39,77441.45,37.23,1.8438,clean
GLC-10278,Great Lakes Comfort Systems,Sales,Sales,Sales Consultant,Standard,Sales Consultant - Standard,Sales,Comfort Advisor,Employee,Regular,MI,2024-01-13,2.63,1.0,40.0,Annual,54000.0,54000.0,25.96,0.0,32438.43,1076.23,4561.84,5826.39,97902.89,47.07,1.813,clean
GLC-10279,Great Lakes Comfort Systems,Sales,Sales,Sales Consultant,Standard,Sales Consultant - Standard,Sales,Comfort Advisor,Employee,Full-Time,MI,2025-01-29,1.59,1.0,40.0,Annual,49500.0,49500.0,23.8,0.0,29735.23,986.54,4181.69,5826.39,90229.85,43.38,1.8228,clean
GLC-10280,Great Lakes Comfort Systems,Sales,Sales,Sales Consultant,Standard,Sales Consultant - Standard,Sales,Comfort Advisor,Employee,Regular,MI,2025-09-01,1.0,1.0,40.0,Annual,44500.0,44500.0,21.39,0.0,26731.67,886.89,3759.29,5826.39,81704.24,39.28,1.8361,clean
GLC-10281,Great Lakes Comfort Systems,Sales,Sales,Sales Consultant,Standard,Sales Consultant - Standard,Sales,Comfort Advisor,Employee,Full-Time,MI,2014-07-10,12.14,1.0,40.0,Annual,47000.0,47000.0,22.6,0.0,28233.45,936.72,3970.49,5826.39,85967.05,41.33,1.8291,clean
GLC-10282,Great Lakes Comfort Systems,Sales,Sales,Sales Consultant,Standard,Sales Consultant - Standard,Sales,Comfort Advisor,Employee,Regular,MI,2024-10-09,1.89,1.0,40.0,Annual,42000.0,42000.0,20.19,0.0,25229.89,837.07,3548.1,5826.39,77441.45,37.23,1.8438,clean
GLC-10283,Great Lakes Comfort Systems,Sales,Sales,Sales Consultant,Standard,Sales Consultant - Standard,Sales,Comfort Advisor,Employee,Regular,MI,2025-03-17,1.46,1.0,40.0,Annual,45500.0,45500.0,21.88,0.0,27332.38,906.82,3843.77,5826.39,83409.36,40.1,1.8332,clean
GLC-10284,Great Lakes Comfort Systems,Sales,Sales,Sales Consultant,Standard,Sales Consultant - Standard,Sales,Comfort Advisor,Employee,,MI,2025-04-07,1.4,1.0,40.0,Annual,51500.0,51500.0,24.76,0.0,30936.65,1026.4,4350.64,5826.39,93640.08,45.02,1.8183,clean
GLC-10285,Great Lakes Comfort Systems,Sales,Sales,Sales Consultant,Standard,Sales Consultant - Standard,Sales,Comfort Advisor,Employee,Regular,MI,2025-02-03,1.57,1.0,40.0,Annual,55000.0,55000.0,26.44,0.0,33039.14,1096.16,4646.32,5826.39,99608.01,47.89,1.8111,clean
GLC-10286,Great Lakes Comfort Systems,Sales,Sales,Sales Consultant,Standard,Sales Consultant - Standard,Sales,Comfort Advisor,Employee,,MI,2024-11-28,1.75,1.0,40.0,Annual,49500.0,49500.0,23.8,0.0,29735.23,986.54,4181.69,5826.39,90229.85,43.38,1.8228,clean
GLC-10287,Great Lakes Comfort Systems,Sales,Sales,Sales Consultant,Standard,Sales Consultant - Standard,Sales,Comfort Advisor,Employee,Regular,MI,2024-12-30,1.67,1.0,40.0,Annual,45000.0,45000.0,21.63,0.0,27032.02,896.86,3801.53,5826.39,82556.8,39.69,1.8346,clean
GLC-10288,Great Lakes Comfort Systems,Sales,Sales,Sales Consultant,Senior,Sales Consultant - Senior,Sales,Senior Comfort Advisor,Employee,Regular,MI,2022-06-13,4.22,1.0,40.0,Annual,59000.0,59000.0,28.37,0.0,35441.99,1175.88,4984.23,5826.39,106428.49,51.17,1.8039,clean
GLC-10289,Great Lakes Comfort Systems,Sales,Sales,Sales Consultant,Senior,Sales Consultant - Senior,Sales,Senior Comfort Advisor,Employee,FT,MI,2023-02-11,3.55,1.0,40.0,Annual,60500.0,60500.0,29.09,0.0,36343.05,1205.77,5110.95,5826.39,108986.16,52.4,1.8014,clean
PIN-10285,Pinnacle Plumbing & Drain,Sales,Sales,Sales Consultant,Standard,Sales Consultant - Standard,Sales,Sales Consultant,Employee,FT,TX,2025-04-25,1.35,1.0,40.0,Annual,47500.0,47500.0,22.84,0.0,28533.8,946.68,4012.73,5826.39,86819.6,41.74,1.8278,hours_defaulted;pay_basis_imputed
PIN-10286,Pinnacle Plumbing & Drain,Sales,Sales,Sales Consultant,Standard,Sales Consultant - Standard,Sales,Sales Consultant,Employee,,TX,2025-04-06,1.4,1.0,40.0,Annual,50000.0,50000.0,24.04,0.0,30035.58,996.51,4223.92,5826.39,91082.4,43.79,1.8216,hours_defaulted;pay_basis_imputed
PIN-10287,Pinnacle Plumbing & Drain,Sales,Sales,Sales Consultant,Standard,Sales Consultant - Standard,Sales,Sales Consultant,Employee,,TX,2022-02-11,4.55,1.0,40.0,Annual,54500.0,54500.0,26.2,0.0,32738.78,1086.19,4604.08,5826.39,98755.44,47.48,1.812,hours_defaulted;pay_basis_imputed
PIN-10288,Pinnacle Plumbing & Drain,Sales,Sales,Sales Consultant,Standard,Sales Consultant - Standard,Sales,Sales Consultant,Employee,FT,TX,2024-01-02,2.66,1.0,40.0,Annual,45500.0,45500.0,21.88,0.0,27332.38,906.82,3843.77,5826.39,83409.36,40.1,1.8332,hours_defaulted;pay_basis_imputed
PIN-10289,Pinnacle Plumbing & Drain,Sales,Sales,Sales Consultant,Standard,Sales Consultant - Standard,Sales,Sales Consultant,Employee,Regular,TX,2020-11-05,5.82,1.0,40.0,Annual,47000.0,47000.0,22.6,0.0,28233.45,936.72,3970.49,5826.39,85967.05,41.33,1.8291,hours_defaulted;pay_basis_imputed
PIN-10290,Pinnacle Plumbing & Drain,Sales,Sales,Sales Consultant,Standard,Sales Consultant - Standard,Sales,Sales Consultant,Employee,Full-Time,TX,2024-09-29,1.92,1.0,40.0,Annual,48500.0,48500.0,23.32,0.0,29134.51,966.61,4097.21,5826.39,88524.72,42.56,1.8253,hours_defaulted;pay_basis_imputed
PIN-10291,Pinnacle Plumbing & Drain,Sales,Sales,Sales Consultant,Standard,Sales Consultant - Standard,Sales,Sales Consultant,Employee,,TX,2025-02-21,1.52,1.0,40.0,Annual,51000.0,51000.0,24.52,0.0,30636.29,1016.44,4308.4,5826.39,92787.52,44.61,1.8194,hours_defaulted;pay_basis_imputed
PIN-10292,Pinnacle Plumbing & Drain,Sales,Sales,Sales Consultant,Standard,Sales Consultant - Standard,Sales,Sales Consultant,Employee,FT,TX,2022-03-29,4.42,1.0,40.0,Annual,47500.0,47500.0,22.84,0.0,28533.8,946.68,4012.73,5826.39,86819.6,41.74,1.8278,hours_defaulted;pay_basis_imputed
PIN-10293,Pinnacle Plumbing & Drain,Sales,Sales,Sales Consultant,Standard,Sales Consultant - Standard,Sales,Sales Consultant,Employee,FT,TX,2025-10-21,0.86,1.0,40.0,Annual,51000.0,51000.0,24.52,0.0,30636.29,1016.44,4308.4,5826.39,92787.52,44.61,1.8194,hours_defaulted;pay_basis_imputed
PIN-10294,Pinnacle Plumbing & Drain,Sales,Sales,Sales Consultant,Standard,Sales Consultant - Standard,Sales,Sales Consultant,Employee,Full-Time,TX,2025-11-28,0.76,1.0,40.0,Annual,45000.0,45000.0,21.63,0.0,27032.02,896.86,3801.53,5826.39,82556.8,39.69,1.8346,hours_defaulted;pay_basis_imputed
PIN-10295,Pinnacle Plumbing & Drain,Sales,Sales,Sales Consultant,Standard,Sales Consultant - Standard,Sales,Sales Consultant,Employee,FT,TX,2025-03-24,1.44,1.0,40.0,Annual,51500.0,51500.0,24.76,0.0,30936.65,1026.4,4350.64,5826.39,93640.08,45.02,1.8183,hours_defaulted;pay_basis_imputed
PIN-10296,Pinnacle Plumbing & Drain,Sales,Sales,Sales Consultant,Standard,Sales Consultant - Standard,Sales,Sales Consultant,Employee,,TX,2020-01-15,6.63,1.0,40.0,Annual,46500.0,46500.0,22.36,0.0,27933.09,926.75,3928.25,5826.39,85114.48,40.92,1.8304,hours_defaulted;pay_basis_imputed
PIN-10297,Pinnacle Plumbing & Drain,Sales,Sales,Sales Consultant,Standard,Sales Consultant - Standard,Sales,Sales Consultant,Employee,,TX,2024-10-08,1.89,1.0,40.0,Annual,53000.0,53000.0,25.48,0.0,31837.72,1056.3,4477.36,5826.39,96197.77,46.25,1.8151,hours_defaulted;pay_basis_imputed
PIN-10298,Pinnacle Plumbing & Drain,Sales,Sales,Sales Consultant,Standard,Sales Consultant - Standard,Sales,Sales Consultant,Employee,FT,TX,2025-02-08,1.56,1.0,40.0,Annual,52500.0,52500.0,25.24,0.0,31537.36,1046.33,4435.12,5826.39,95345.2,45.84,1.8161,hours_defaulted;pay_basis_imputed
PIN-10299,Pinnacle Plumbing & Drain,Sales,Sales,Sales Consultant,Standard,Sales Consultant - Standard,Sales,Sales Consultant,Employee,Regular,TX,2025-10-30,0.84,1.0,40.0,Annual,49000.0,49000.0,23.56,0.0,29434.87,976.58,4139.45,5826.39,89377.29,42.97,1.824,hours_defaulted;pay_basis_imputed
PIN-10300,Pinnacle Plumbing & Drain,Sales,Sales,Sales Consultant,Standard,Sales Consultant - Standard,Sales,Sales Consultant,Employee,FT,TX,2024-02-02,2.58,1.0,40.0,Annual,54500.0,54500.0,26.2,0.0,32738.78,1086.19,4604.08,5826.39,98755.44,47.48,1.812,hours_defaulted;pay_basis_imputed
PIN-10301,Pinnacle Plumbing & Drain,Sales,Sales,Sales Consultant,Standard,Sales Consultant - Standard,Sales,Sales Consultant,Employee,Regular,TX,2023-04-06,3.4,1.0,40.0,Annual,47000.0,47000.0,22.6,0.0,28233.45,936.72,3970.49,5826.39,85967.05,41.33,1.8291,hours_defaulted;pay_basis_imputed
PIN-10302,Pinnacle Plumbing & Drain,Sales,Sales,Sales Consultant,Standard,Sales Consultant - Standard,Sales,Sales Consultant,Employee,Full-Time,TX,2022-04-23,4.36,1.0,40.0,Annual,47000.0,47000.0,22.6,0.0,28233.45,936.72,3970.49,5826.39,85967.05,41.33,1.8291,hours_defaulted;pay_basis_imputed
PIN-10303,Pinnacle Plumbing & Drain,Sales,Sales,Sales Consultant,Standard,Sales Consultant - Standard,Sales,Sales Consultant,Employee,Regular,TX,2024-02-12,2.55,1.0,40.0,Annual,52500.0,52500.0,25.24,0.0,31537.36,1046.33,4435.12,5826.39,95345.2,45.84,1.8161,hours_defaulted;pay_basis_imputed
PIN-10304,Pinnacle Plumbing & Drain,Sales,Sales,Sales Consultant,Standard,Sales Consultant - Standard,Sales,Sales Consultant,Employee,,TX,2020-08-06,6.07,1.0,40.0,Annual,53500.0,53500.0,25.72,0.0,32138.07,1066.26,4519.6,5826.39,97050.32,46.66,1.814,hours_defaulted;pay_basis_imputed
PIN-10305,Pinnacle Plumbing & Drain,Sales,Sales,Sales Consultant,Standard,Sales Consultant - Standard,Sales,Sales Consultant,Employee,FT,TX,2023-08-24,3.02,1.0,40.0,Annual,50000.0,50000.0,24.04,0.0,30035.58,996.51,4223.92,5826.39,91082.4,43.79,1.8216,hours_defaulted;pay_basis_imputed
PIN-10306,Pinnacle Plumbing & Drain,Sales,Sales,Sales Consultant,Senior,Sales Consultant - Senior,Sales,Senior Sales Consultant,Employee,,TX,2023-02-09,3.56,1.0,40.0,Annual,57500.0,57500.0,27.64,0.0,34540.92,1145.98,4857.51,5826.39,103870.8,49.94,1.8064,hours_defaulted;pay_basis_imputed
PIN-10307,Pinnacle Plumbing & Drain,Sales,Sales,Sales Consultant,Senior,Sales Consultant - Senior,Sales,Senior Sales Consultant,Employee,,TX,2024-05-21,2.28,1.0,40.0,Annual,50500.0,50500.0,24.28,0.0,30335.94,1006.47,4266.16,5826.39,91934.96,44.2,1.8205,hours_defaulted;pay_basis_imputed
PIN-10308,Pinnacle Plumbing & Drain,Sales,Sales,Sales Consultant,Senior,Sales Consultant - Senior,Sales,Senior Sales Consultant,Employee,FT,TX,2023-07-16,3.13,1.0,40.0,Annual,50500.0,50500.0,24.28,0.0,30335.94,1006.47,4266.16,5826.39,91934.96,44.2,1.8205,hours_defaulted;pay_basis_imputed
PIN-10309,Pinnacle Plumbing & Drain,Sales,Sales,Sales Consultant,Senior,Sales Consultant - Senior,Sales,Senior Sales Consultant,Employee,Full-Time,TX,2024-07-25,2.1,1.0,40.0,Annual,61500.0,61500.0,29.57,0.0,36943.77,1225.7,5195.43,5826.39,110691.29,53.22,1.7999,hours_defaulted;pay_basis_imputed
PIN-10310,Pinnacle Plumbing & Drain,Sales,Sales,Sales Consultant,Senior,Sales Consultant - Senior,Sales,Senior Sales Consultant,Employee,,TX,2021-06-19,5.2,1.0,40.0,Annual,56500.0,56500.0,27.16,0.0,33940.21,1126.05,4773.03,5826.39,102165.68,49.12,1.8082,hours_defaulted;pay_basis_imputed
PIN-10311,Pinnacle Plumbing & Drain,Sales,Sales,Sales Consultant,Senior,Sales Consultant - Senior,Sales,Senior Sales Consultant,Employee,,TX,2024-02-08,2.56,1.0,40.0,Annual,50500.0,50500.0,24.28,0.0,30335.94,1006.47,4266.16,5826.39,91934.96,44.2,1.8205,hours_defaulted;pay_basis_imputed
PIN-10312,Pinnacle Plumbing & Drain,Sales,Sales,Sales Consultant,Senior,Sales Consultant - Senior,Sales,Senior Sales Consultant,Employee,Regular,TX,2020-04-06,6.4,1.0,40.0,Annual,56500.0,56500.0,27.16,0.0,33940.21,1126.05,4773.03,5826.39,102165.68,49.12,1.8082,hours_defaulted;pay_basis_imputed
RED-10204,Redwood Electric,Sales,Sales,Sales Consultant,Standard,Sales Consultant - Standard,Sales,Home Solutions Consultant,Employee,Regular,AZ,2022-03-12,4.47,1.0,40.0,Annual,49000.0,49000.0,23.56,0.0,29434.87,976.58,4139.45,5826.39,89377.29,42.97,1.824,hours_defaulted
RED-10205,Redwood Electric,Sales,Sales,Sales Consultant,Standard,Sales Consultant - Standard,Sales,Home Solutions Consultant,Employee,Regular,AZ,2025-04-28,1.34,1.0,40.0,Annual,50000.0,50000.0,24.04,0.0,30035.58,996.51,4223.92,5826.39,91082.4,43.79,1.8216,hours_defaulted;on_leave
RED-10206,Redwood Electric,Sales,Sales,Sales Consultant,Standard,Sales Consultant - Standard,Sales,Home Solutions Consultant,Employee,Regular,AZ,2023-08-26,3.01,1.0,40.0,Annual,42500.0,42500.0,20.43,0.0,25530.24,847.03,3590.34,5826.39,78294.0,37.64,1.8422,hours_defaulted
RED-10207,Redwood Electric,Sales,Sales,Sales Consultant,Standard,Sales Consultant - Standard,Sales,Home Solutions Consultant,Employee,Regular,AZ,2025-03-30,1.42,1.0,40.0,Annual,53000.0,53000.0,25.48,0.0,31837.72,1056.3,4477.36,5826.39,96197.77,46.25,1.8151,hours_defaulted
RED-10208,Redwood Electric,Sales,Sales,Sales Consultant,Standard,Sales Consultant - Standard,Sales,Home Solutions Consultant,Employee,Full-Time,AZ,2020-04-13,6.38,1.0,40.0,Annual,42500.0,42500.0,20.43,0.0,25530.24,847.03,3590.34,5826.39,78294.0,37.64,1.8422,hours_defaulted
RED-10209,Redwood Electric,Sales,Sales,Sales Consultant,Standard,Sales Consultant - Standard,Sales,Home Solutions Consultant,Employee,,AZ,2017-03-17,9.46,1.0,40.0,Annual,54000.0,54000.0,25.96,0.0,32438.43,1076.23,4561.84,5826.39,97902.89,47.07,1.813,hours_defaulted
RED-10210,Redwood Electric,Sales,Sales,Sales Consultant,Standard,Sales Consultant - Standard,Sales,Home Solutions Consultant,Employee,Full-Time,AZ,2022-11-04,3.82,1.0,40.0,Annual,51500.0,51500.0,24.76,0.0,30936.65,1026.4,4350.64,5826.39,93640.08,45.02,1.8183,hours_defaulted
RED-10211,Redwood Electric,Sales,Sales,Sales Consultant,Standard,Sales Consultant - Standard,Sales,Home Solutions Consultant,Employee,Full-Time,AZ,2023-08-17,3.04,1.0,40.0,Annual,51000.0,51000.0,24.52,0.0,30636.29,1016.44,4308.4,5826.39,92787.52,44.61,1.8194,hours_defaulted
RED-10212,Redwood Electric,Sales,Sales,Sales Consultant,Senior,Sales Consultant - Senior,Sales,Sr Home Solutions Consultant,Employee,Full-Time,AZ,2019-10-19,6.87,1.0,40.0,Annual,54500.0,54500.0,26.2,0.0,32738.78,1086.19,4604.08,5826.39,98755.44,47.48,1.812,hours_defaulted
RED-10213,Redwood Electric,Sales,Sales,Sales Consultant,Senior,Sales Consultant - Senior,Sales,Sr Home Solutions Consultant,Employee,Regular,AZ,2021-02-13,5.54,1.0,40.0,Annual,55500.0,55500.0,26.68,0.0,33339.5,1106.12,4688.56,5826.39,100460.57,48.3,1.8101,hours_defaulted
RED-10214,Redwood Electric,Sales,Sales,Sales Consultant,Senior,Sales Consultant - Senior,Sales,Sr Home Solutions Consultant,Employee,Regular,AZ,2023-05-08,3.32,1.0,40.0,Annual,54000.0,54000.0,25.96,0.0,32438.43,1076.23,4561.84,5826.39,97902.89,47.07,1.813,hours_defaulted
RED-10215,Redwood Electric,Sales,Sales,Sales Consultant,Senior,Sales Consultant - Senior,Sales,Sr Home Solutions Consultant,Employee,Full-Time,AZ,2023-12-03,2.74,1.0,40.0,Annual,59000.0,59000.0,28.37,0.0,35441.99,1175.88,4984.23,5826.39,106428.49,51.17,1.8039,hours_defaulted
RED-10216,Redwood Electric,Sales,Sales,Sales Consultant,Senior,Sales Consultant - Senior,Sales,Sr Home Solutions Consultant,Employee,Regular,AZ,2024-05-10,2.31,1.0,40.0,Annual,62000.0,62000.0,29.81,0.0,37244.12,1235.67,5237.67,5826.39,111543.85,53.63,1.7991,hours_defaulted
RED-10217,Redwood Electric,Sales,Sales,Sales Consultant,Senior,Sales Consultant - Senior,Sales,Sr Home Solutions Consultant,Employee,Regular,AZ,2022-02-15,4.54,1.0,40.0,Annual,55500.0,55500.0,26.68,0.0,33339.5,1106.12,4688.56,5826.39,100460.57,48.3,1.8101,hours_defaulted
BAY-10367,Bayside Mechanical,Sales,Sales,Sales Manager,NA,Sales Manager,Sales,Sales Manager,Employee,,FL,2022-06-07,4.23,1.0,40.0,Annual,95000.0,95000.0,45.67,0.0,57067.6,1893.36,8025.46,5826.39,167812.81,80.68,1.7665,clean
BAY-10368,Bayside Mechanical,Sales,Sales,Sales Manager,NA,Sales Manager,Sales,Sales Manager,Employee,FT,FL,2024-08-18,2.03,1.0,40.0,Annual,104500.0,104500.0,50.24,0.0,62774.36,2082.7,8828.0,5826.39,184011.45,88.47,1.7609,clean
BAY-10369,Bayside Mechanical,Sales,Sales,Sales Manager,NA,Sales Manager,Sales,Sales Manager,Employee,Regular,FL,2022-08-24,4.02,1.0,40.0,Annual,105500.0,105500.0,50.72,0.0,63375.08,2102.63,8912.48,5826.39,185716.58,89.29,1.7603,clean
BAY-10370,Bayside Mechanical,Sales,Sales,Sales Manager,NA,Sales Manager,Sales,Sales Manager,Employee,FT,FL,2023-05-27,3.26,1.0,40.0,Annual,100000.0,100000.0,48.08,0.0,60071.16,1993.01,8447.85,5826.39,176338.41,84.78,1.7634,clean
PIN-10319,Pinnacle Plumbing & Drain,Sales,Sales,Sales Manager,NA,Sales Manager,Sales,Sales Manager,Employee,Regular,TX,2023-03-30,3.42,1.0,40.0,Annual,93500.0,93500.0,44.95,0.0,56166.54,1863.47,7898.74,5826.39,165255.14,79.45,1.7674,hours_defaulted;pay_basis_imputed
PIN-10320,Pinnacle Plumbing & Drain,Sales,Sales,Sales Manager,NA,Sales Manager,Sales,Sales Manager,Employee,Regular,TX,2020-12-27,5.68,1.0,40.0,Annual,114000.0,114000.0,54.81,0.0,68481.13,2272.04,9630.55,5826.39,200210.11,96.25,1.7562,hours_defaulted;pay_basis_imputed
PIN-10321,Pinnacle Plumbing & Drain,Sales,Sales,Sales Manager,NA,Sales Manager,Sales,Sales Manager,Employee,Regular,TX,2025-11-30,0.75,1.0,40.0,Annual,105500.0,105500.0,50.72,0.0,63375.08,2102.63,8912.48,5826.39,185716.58,89.29,1.7603,hours_defaulted;pay_basis_imputed
PIN-10322,Pinnacle Plumbing & Drain,Sales,Sales,Sales Manager,NA,Sales Manager,Sales,Sales Manager,Employee,FT,TX,2023-08-16,3.04,1.0,40.0,Annual,109000.0,109000.0,52.4,0.0,65477.57,2172.39,9208.16,5826.39,191684.51,92.16,1.7586,hours_defaulted;pay_basis_imputed
BAY-10452,Bayside Mechanical,Warehouse & Fleet,Warehouse,Fleet Coordinator,NA,Fleet Coordinator,Warehouse & Fleet,Fleet Coordinator,Employee,Regular,FL,2021-09-15,4.96,1.0,40.0,Annual,54000.0,54000.0,25.96,4331.32,0.0,543.48,4582.57,5343.79,68801.16,33.08,1.2741,clean
BAY-10453,Bayside Mechanical,Warehouse & Fleet,Warehouse,Fleet Coordinator,NA,Fleet Coordinator,Warehouse & Fleet,Fleet Coordinator,Employee,Regular,FL,2025-07-16,1.13,1.0,40.0,Annual,57500.0,57500.0,27.64,4612.06,0.0,578.71,4879.59,5343.79,72914.15,35.05,1.2681,clean
BAY-10454,Bayside Mechanical,Warehouse & Fleet,Warehouse,Fleet Coordinator,NA,Fleet Coordinator,Warehouse & Fleet,Fleet Coordinator,Employee,Regular,FL,2022-10-09,3.89,1.0,40.0,Annual,52000.0,52000.0,25.0,4170.9,0.0,523.35,4412.84,5343.79,66450.88,31.95,1.2779,clean
BAY-10455,Bayside Mechanical,Warehouse & Fleet,Warehouse,Fleet Coordinator,NA,Fleet Coordinator,Warehouse & Fleet,Fleet Coordinator,Employee,,FL,2024-12-05,1.74,1.0,40.0,Annual,52000.0,52000.0,25.0,4170.9,0.0,523.35,4412.84,5343.79,66450.88,31.95,1.2779,clean
GLC-10367,Great Lakes Comfort Systems,Warehouse & Fleet,Warehouse,Fleet Coordinator,NA,Fleet Coordinator,Warehouse & Fleet,Fleet Coordinator,Employee,,MI,2022-05-05,4.32,1.0,40.0,Annual,54500.0,54500.0,26.2,4371.43,0.0,548.51,4625.0,5343.79,69388.73,33.36,1.2732,clean
GLC-10368,Great Lakes Comfort Systems,Warehouse & Fleet,Warehouse,Fleet Coordinator,NA,Fleet Coordinator,Warehouse & Fleet,Fleet Coordinator,Employee,Full-Time,MI,2024-02-29,2.5,1.0,40.0,Annual,51500.0,51500.0,24.76,4130.8,0.0,518.32,4370.41,5343.79,65863.32,31.67,1.2789,clean
GLC-10369,Great Lakes Comfort Systems,Warehouse & Fleet,Warehouse,Fleet Coordinator,NA,Fleet Coordinator,Warehouse & Fleet,Fleet Coordinator,Employee,Regular,MI,2021-03-06,5.49,1.0,40.0,Annual,53000.0,53000.0,25.48,4251.11,0.0,533.42,4497.71,5343.79,67626.03,32.51,1.276,clean
PIN-10403,Pinnacle Plumbing & Drain,Warehouse & Fleet,Fleet,Fleet Coordinator,NA,Fleet Coordinator,Warehouse & Fleet,Fleet Coordinator,Employee,,TX,2020-11-21,5.77,1.0,40.0,Annual,53500.0,53500.0,25.72,4291.22,0.0,538.45,4540.14,5343.79,68213.6,32.8,1.275,hours_defaulted;pay_basis_imputed
PIN-10404,Pinnacle Plumbing & Drain,Warehouse & Fleet,Fleet,Fleet Coordinator,NA,Fleet Coordinator,Warehouse & Fleet,Fleet Coordinator,Employee,,TX,2025-09-24,0.93,1.0,40.0,Annual,57500.0,57500.0,27.64,4612.06,0.0,578.71,4879.59,5343.79,72914.15,35.05,1.2681,hours_defaulted;pay_basis_imputed
PIN-10405,Pinnacle Plumbing & Drain,Warehouse & Fleet,Fleet,Fleet Coordinator,NA,Fleet Coordinator,Warehouse & Fleet,Fleet Coordinator,Employee,Full-Time,TX,2023-02-26,3.51,1.0,40.0,Annual,59500.0,59500.0,28.61,4772.48,0.0,598.84,5049.31,5343.79,75264.42,36.18,1.2649,hours_defaulted;pay_basis_imputed
PIN-10406,Pinnacle Plumbing & Drain,Warehouse & Fleet,Fleet,Fleet Coordinator,NA,Fleet Coordinator,Warehouse & Fleet,Fleet Coordinator,Employee,Regular,TX,2025-06-20,1.2,1.0,40.0,Annual,53500.0,53500.0,25.72,4291.22,0.0,538.45,4540.14,5343.79,68213.6,32.8,1.275,hours_defaulted;pay_basis_imputed
RED-10267,Redwood Electric,Warehouse & Fleet,Parts & Fleet,Fleet Coordinator,NA,Fleet Coordinator,Warehouse & Fleet,Fleet Coordinator,Employee,,AZ,2026-02-06,0.56,1.0,40.0,Annual,51500.0,51500.0,24.76,4130.8,0.0,518.32,4370.41,5343.79,65863.32,31.67,1.2789,hours_defaulted
BAY-10445,Bayside Mechanical,Warehouse & Fleet,Warehouse,Parts Coordinator,NA,Parts Coordinator,Warehouse & Fleet,Parts Coordinator,Employee,FT,FL,2021-01-02,5.66,1.0,40.0,Hourly,20.31,42244.8,20.31,3388.44,0.0,425.17,3585.0,5343.79,54987.2,26.44,1.3016,clean
BAY-10446,Bayside Mechanical,Warehouse & Fleet,Warehouse,Parts Coordinator,NA,Parts Coordinator,Warehouse & Fleet,Parts Coordinator,Employee,Regular,FL,2022-01-28,4.59,1.0,40.0,Hourly,25.95,53976.0,25.95,4329.4,0.0,543.24,4580.53,5343.79,68772.96,33.06,1.2741,clean
BAY-10447,Bayside Mechanical,Warehouse & Fleet,Warehouse,Parts Coordinator,NA,Parts Coordinator,Warehouse & Fleet,Parts Coordinator,Employee,Regular,FL,2020-05-09,6.31,1.0,40.0,Hourly,24.98,51958.4,24.98,4167.57,0.0,522.93,4409.31,5343.79,66402.0,31.92,1.278,clean
BAY-10448,Bayside Mechanical,Warehouse & Fleet,Warehouse,Parts Coordinator,NA,Parts Coordinator,Warehouse & Fleet,Parts Coordinator,Employee,Regular,FL,2025-12-11,0.72,1.0,40.0,Hourly,23.13,48110.4,23.13,3858.92,0.0,484.21,4082.76,5343.79,61880.08,29.75,1.2862,clean
BAY-10449,Bayside Mechanical,Warehouse & Fleet,Warehouse,Parts Coordinator,NA,Parts Coordinator,Warehouse & Fleet,Parts Coordinator,Employee,FT,FL,2024-06-20,2.2,1.0,40.0,Hourly,25.32,52665.6,25.32,4224.29,0.0,530.05,4469.33,5343.79,67233.06,32.32,1.2766,clean
BAY-10450,Bayside Mechanical,Warehouse & Fleet,Warehouse,Parts Coordinator,NA,Parts Coordinator,Warehouse & Fleet,Parts Coordinator,Employee,Regular,FL,2022-01-07,4.65,1.0,40.0,Hourly,22.56,46924.8,22.56,3763.82,0.0,472.27,3982.15,5343.79,60486.83,29.08,1.289,clean
BAY-10451,Bayside Mechanical,Warehouse & Fleet,Warehouse,Parts Coordinator,NA,Parts Coordinator,Warehouse & Fleet,Parts Coordinator,Employee,Full-Time,FL,2022-07-26,4.1,1.0,40.0,Hourly,24.055,50034.4,24.06,4013.24,0.0,503.57,4246.04,5343.79,64141.04,30.84,1.2819,pay_rate_imputed
GLC-10363,Great Lakes Comfort Systems,Warehouse & Fleet,Warehouse,Parts Coordinator,NA,Parts Coordinator,Warehouse & Fleet,Parts Coordinator,Employee,Full-Time,MI,2023-05-12,3.3,1.0,40.0,Hourly,22.67,47153.6,22.67,3782.18,0.0,474.58,4001.57,5343.79,60755.72,29.21,1.2885,clean
GLC-10364,Great Lakes Comfort Systems,Warehouse & Fleet,Warehouse,Parts Coordinator,NA,Parts Coordinator,Warehouse & Fleet,Parts Coordinator,Employee,,MI,2023-08-22,3.03,1.0,40.0,Hourly,22.33,46446.4,22.33,3725.45,0.0,467.46,3941.55,5343.79,59924.65,28.81,1.2902,clean
GLC-10365,Great Lakes Comfort Systems,Warehouse & Fleet,Warehouse,Parts Coordinator,NA,Parts Coordinator,Warehouse & Fleet,Parts Coordinator,Employee,,MI,2025-03-23,1.44,1.0,40.0,Hourly,24.94,51875.2,24.94,4160.89,0.0,522.1,4402.25,5343.79,66304.23,31.88,1.2781,clean
GLC-10366,Great Lakes Comfort Systems,Warehouse & Fleet,Warehouse,Parts Coordinator,NA,Parts Coordinator,Warehouse & Fleet,Parts Coordinator,Employee,Regular,MI,2020-12-03,5.74,1.0,40.0,Hourly,25.32,52665.6,25.32,4224.29,0.0,530.05,4469.33,5343.79,67233.06,32.32,1.2766,clean
PIN-10394,Pinnacle Plumbing & Drain,Warehouse & Fleet,Fleet,Parts Coordinator,NA,Parts Coordinator,Warehouse & Fleet,Parts Coordinator,Employee,,TX,2024-07-27,2.09,1.0,40.0,Hourly,22.67,47153.6,22.67,3782.18,0.0,474.58,4001.57,5343.79,60755.72,29.21,1.2885,hours_defaulted;pay_basis_imputed
PIN-10395,Pinnacle Plumbing & Drain,Warehouse & Fleet,Fleet,Parts Coordinator,NA,Parts Coordinator,Warehouse & Fleet,Parts Coordinator,Employee,FT,TX,2018-11-17,7.79,1.0,40.0,Hourly,22.99,47819.2,22.99,3835.56,0.0,481.27,4058.05,5343.79,61537.87,29.59,1.2869,hours_defaulted;pay_basis_imputed
PIN-10396,Pinnacle Plumbing & Drain,Warehouse & Fleet,Fleet,Parts Coordinator,NA,Parts Coordinator,Warehouse & Fleet,Parts Coordinator,Employee,,TX,2024-11-26,1.76,1.0,40.0,Hourly,22.27,46321.6,22.27,3715.44,0.0,466.2,3930.96,5343.79,59777.99,28.74,1.2905,hours_defaulted;pay_basis_imputed
PIN-10397,Pinnacle Plumbing & Drain,Warehouse & Fleet,Fleet,Parts Coordinator,NA,Parts Coordinator,Warehouse & Fleet,Parts Coordinator,Employee,Regular,TX,2026-03-21,0.45,1.0,40.0,Hourly,23.29,48443.2,23.29,3885.61,0.0,487.55,4111.01,5343.79,62271.16,29.94,1.2854,hours_defaulted;pay_basis_imputed
PIN-10398,Pinnacle Plumbing & Drain,Warehouse & Fleet,Fleet,Parts Coordinator,NA,Parts Coordinator,Warehouse & Fleet,Parts Coordinator,Employee,Regular,TX,2024-01-20,2.61,1.0,40.0,Hourly,22.09,45947.2,22.09,3685.41,0.0,462.43,3899.19,5343.79,59338.02,28.53,1.2914,hours_defaulted;pay_basis_imputed
PIN-10399,Pinnacle Plumbing & Drain,Warehouse & Fleet,Fleet,Parts Coordinator,NA,Parts Coordinator,Warehouse & Fleet,Parts Coordinator,Employee,,TX,2020-08-15,6.04,1.0,40.0,Hourly,20.47,42577.6,20.47,3415.14,0.0,428.52,3613.24,5343.79,55378.29,26.62,1.3006,hours_defaulted;pay_basis_imputed
PIN-10400,Pinnacle Plumbing & Drain,Warehouse & Fleet,Fleet,Parts Coordinator,NA,Parts Coordinator,Warehouse & Fleet,Parts Coordinator,Employee,,TX,2019-11-09,6.81,1.0,40.0,Hourly,25.56,53164.8,25.56,4264.33,0.0,535.08,4511.69,5343.79,67819.69,32.61,1.2757,hours_defaulted;pay_basis_imputed
PIN-10401,Pinnacle Plumbing & Drain,Warehouse & Fleet,Fleet,Parts Coordinator,NA,Parts Coordinator,Warehouse & Fleet,Parts Coordinator,Employee,Full-Time,TX,2023-08-14,3.05,1.0,40.0,Hourly,22.44,46675.2,22.44,3743.8,0.0,469.76,3960.97,5343.79,60193.52,28.94,1.2896,hours_defaulted;pay_basis_imputed
PIN-10402,Pinnacle Plumbing & Drain,Warehouse & Fleet,Fleet,Parts Coordinator,NA,Parts Coordinator,Warehouse & Fleet,Parts Coordinator,Employee,FT,TX,2026-01-03,0.66,1.0,40.0,Hourly,21.14,43971.2,21.14,3526.92,0.0,442.55,3731.5,5343.79,57015.96,27.41,1.2967,hours_defaulted;pay_basis_imputed
RED-10262,Redwood Electric,Warehouse & Fleet,Parts & Fleet,Parts Coordinator,NA,Parts Coordinator,Warehouse & Fleet,Parts Coordinator,Employee,,AZ,2023-09-30,2.92,1.0,40.0,Hourly,25.22,52457.6,25.22,4207.61,0.0,527.96,4451.68,5343.79,66988.64,32.21,1.277,hours_defaulted
RED-10263,Redwood Electric,Warehouse & Fleet,Parts & Fleet,Parts Coordinator,NA,Parts Coordinator,Warehouse & Fleet,Parts Coordinator,Employee,Regular,AZ,2025-10-29,0.84,1.0,40.0,Hourly,20.23,42078.4,20.23,3375.1,0.0,423.5,3570.87,5343.79,54791.66,26.34,1.3021,hours_defaulted;on_leave
RED-10264,Redwood Electric,Warehouse & Fleet,Parts & Fleet,Parts Coordinator,NA,Parts Coordinator,Warehouse & Fleet,Parts Coordinator,Employee,Regular,AZ,2026-05-26,0.27,1.0,40.0,Hourly,20.41,42452.8,20.41,3405.13,0.0,427.26,3602.65,5343.79,55231.63,26.55,1.301,hours_defaulted
RED-10265,Redwood Electric,Warehouse & Fleet,Parts & Fleet,Parts Coordinator,NA,Parts Coordinator,Warehouse & Fleet,Parts Coordinator,Employee,Full-Time,AZ,2016-11-19,9.78,1.0,40.0,Hourly,20.11,41828.8,20.11,3355.08,0.0,420.98,3549.69,5343.79,54498.34,26.2,1.3029,hours_defaulted
RED-10266,Redwood Electric,Warehouse & Fleet,Parts & Fleet,Parts Coordinator,NA,Parts Coordinator,Warehouse & Fleet,Parts Coordinator,Employee,Regular,AZ,2022-02-20,4.53,1.0,40.0,Hourly,23.33,48526.4,23.33,3892.29,0.0,488.39,4118.07,5343.79,62368.94,29.99,1.2853,hours_defaulted
BAY-10433,Bayside Mechanical,Warehouse & Fleet,Warehouse,Warehouse Associate,Unspecified,Warehouse Associate - Unspecified,Warehouse & Fleet,Warehouse Associate,Employee,FT,FL,2024-12-29,1.67,1.0,40.0,Hourly,17.65,36712.0,17.65,2944.66,0.0,369.49,3115.47,5343.79,48485.41,23.31,1.3207,clean
BAY-10434,Bayside Mechanical,Warehouse & Fleet,Warehouse,Warehouse Associate,Unspecified,Warehouse Associate - Unspecified,Warehouse & Fleet,Warehouse Associate,Employee,Regular,FL,2023-10-31,2.83,1.0,40.0,Hourly,16.53,34382.4,16.53,2757.8,0.0,346.04,2917.77,5343.79,45747.8,21.99,1.3306,clean
BAY-10435,Bayside Mechanical,Warehouse & Fleet,Warehouse,Warehouse Associate,Unspecified,Warehouse Associate - Unspecified,Warehouse & Fleet,Warehouse Associate,Employee,Regular,FL,2023-04-15,3.38,0.725,29.0,Hourly,20.88,31487.04,20.88,2525.57,0.0,316.9,2672.07,3874.25,40875.83,27.11,1.2982,clean
BAY-10436,Bayside Mechanical,Warehouse & Fleet,Warehouse,Warehouse Associate,Unspecified,Warehouse Associate - Unspecified,Warehouse & Fleet,Warehouse Associate,Employee,FT,FL,2021-03-07,5.48,0.6,24.0,Hourly,17.66,22039.68,17.66,1767.8,0.0,221.82,1870.34,3206.27,29105.91,23.32,1.3206,clean
BAY-10437,Bayside Mechanical,Warehouse & Fleet,Warehouse,Warehouse Associate,Unspecified,Warehouse Associate - Unspecified,Warehouse & Fleet,Warehouse Associate,Employee,Regular,FL,2025-06-29,1.17,1.0,40.0,Hourly,16.91,35172.8,16.91,2821.2,0.0,354.0,2984.85,5343.79,46676.64,22.44,1.3271,clean
BAY-10438,Bayside Mechanical,Warehouse & Fleet,Warehouse,Warehouse Associate,Unspecified,Warehouse Associate - Unspecified,Warehouse & Fleet,Warehouse Associate,Employee,Full-Time,FL,2026-04-21,0.36,1.0,40.0,Hourly,19.52,40601.6,19.52,3256.64,0.0,408.63,3445.55,5343.79,53056.21,25.51,1.3068,clean
BAY-10439,Bayside Mechanical,Warehouse & Fleet,Warehouse,Warehouse Associate,Unspecified,Warehouse Associate - Unspecified,Warehouse & Fleet,Warehouse Associate,Employee,Full-Time,FL,2023-04-18,3.37,1.0,40.0,Hourly,16.22,33737.6,16.22,2706.08,0.0,339.55,2863.05,5343.79,44990.07,21.63,1.3335,clean
BAY-10440,Bayside Mechanical,Warehouse & Fleet,Warehouse,Warehouse Associate,Unspecified,Warehouse Associate - Unspecified,Warehouse & Fleet,Warehouse Associate,Employee,Regular,FL,2026-02-09,0.56,1.0,40.0,Hourly,18.27,38001.6,18.27,3048.1,0.0,382.47,3224.91,5343.79,50000.87,24.04,1.3158,clean
BAY-10441,Bayside Mechanical,Warehouse & Fleet,Warehouse,Warehouse Associate,Unspecified,Warehouse Associate - Unspecified,Warehouse & Fleet,Warehouse Associate,Employee,Regular,FL,2023-10-30,2.84,0.625,25.0,Hourly,16.37,21281.0,16.37,1706.94,0.0,214.18,1805.96,3339.87,28347.95,21.81,1.3321,clean
BAY-10442,Bayside Mechanical,Warehouse & Fleet,Warehouse,Warehouse Associate,Unspecified,Warehouse Associate - Unspecified,Warehouse & Fleet,Warehouse Associate,Employee,FT,FL,2022-08-14,4.05,1.0,40.0,Hourly,16.26,33820.8,16.26,2712.76,0.0,340.39,2870.11,5343.79,45087.85,21.68,1.3331,clean
BAY-10443,Bayside Mechanical,Warehouse & Fleet,Warehouse,Warehouse Associate,Unspecified,Warehouse Associate - Unspecified,Warehouse & Fleet,Warehouse Associate,Employee,Full-Time,FL,2026-01-12,0.63,1.0,40.0,Hourly,19.72,41017.6,19.72,3290.01,0.0,412.82,3480.85,5343.79,53545.07,25.74,1.3054,clean
BAY-10444,Bayside Mechanical,Warehouse & Fleet,Warehouse,Warehouse Associate,Unspecified,Warehouse Associate - Unspecified,Warehouse & Fleet,Warehouse Associate,Employee,,FL,2025-11-17,0.79,1.0,40.0,Hourly,16.36,34028.8,16.36,2729.44,0.0,342.48,2887.77,5343.79,45332.28,21.79,1.3322,on_leave
GLC-10346,Great Lakes Comfort Systems,Warehouse & Fleet,Warehouse,Warehouse Associate,Unspecified,Warehouse Associate - Unspecified,Warehouse & Fleet,Warehouse Associate,Employee,FT,MI,2022-12-10,3.72,0.5,20.0,Hourly,18.33,19063.2,18.33,1529.05,0.0,191.86,1617.75,2671.89,25073.75,24.11,1.3153,clean
GLC-10347,Great Lakes Comfort Systems,Warehouse & Fleet,Warehouse,Warehouse Associate,Unspecified,Warehouse Associate - Unspecified,Warehouse & Fleet,Warehouse Associate,Employee,,MI,2022-12-28,3.67,0.7,28.0,Hourly,17.81,25931.36,17.81,2079.95,0.0,260.99,2200.6,3740.65,34213.55,23.5,1.3194,clean
GLC-10348,Great Lakes Comfort Systems,Warehouse & Fleet,Warehouse,Warehouse Associate,Unspecified,Warehouse Associate - Unspecified,Warehouse & Fleet,Warehouse Associate,Employee,Full-Time,MI,2022-10-18,3.87,1.0,40.0,Hourly,19.63,40830.4,19.63,3274.99,0.0,410.94,3464.97,5343.79,53325.09,25.64,1.306,clean
GLC-10349,Great Lakes Comfort Systems,Warehouse & Fleet,Warehouse,Warehouse Associate,Unspecified,Warehouse Associate - Unspecified,Warehouse & Fleet,Warehouse Associate,Employee,FT,MI,2025-05-03,1.33,1.0,40.0,Hourly,18.03,37502.4,18.03,3008.06,0.0,377.44,3182.54,5343.79,49414.23,23.76,1.3176,clean
GLC-10350,Great Lakes Comfort Systems,Warehouse & Fleet,Warehouse,Warehouse Associate,Unspecified,Warehouse Associate - Unspecified,Warehouse & Fleet,Warehouse Associate,Employee,FT,MI,2011-06-30,15.17,0.5,20.0,Hourly,20.57,21392.8,20.57,1715.91,0.0,215.31,1815.44,2671.89,27811.35,26.74,1.3,clean
GLC-10351,Great Lakes Comfort Systems,Warehouse & Fleet,Warehouse,Warehouse Associate,Unspecified,Warehouse Associate - Unspecified,Warehouse & Fleet,Warehouse Associate,Employee,Full-Time,MI,2023-12-13,2.72,1.0,40.0,Hourly,18.8,39104.0,18.8,3136.52,0.0,393.56,3318.46,5343.79,51296.33,24.66,1.3118,clean
GLC-10352,Great Lakes Comfort Systems,Warehouse & Fleet,Warehouse,Warehouse Associate,Unspecified,Warehouse Associate - Unspecified,Warehouse & Fleet,Warehouse Associate,Employee,Regular,MI,2023-09-23,2.94,0.5,20.0,Hourly,19.21,19978.4,19.21,1602.46,0.0,201.07,1695.42,2671.89,26149.24,25.14,1.3089,clean
GLC-10353,Great Lakes Comfort Systems,Warehouse & Fleet,Warehouse,Warehouse Associate,Unspecified,Warehouse Associate - Unspecified,Warehouse & Fleet,Warehouse Associate,Employee,Regular,MI,2025-08-25,1.02,1.0,40.0,Hourly,20.72,43097.6,20.72,3456.85,0.0,433.75,3657.37,5343.79,55989.36,26.92,1.2991,clean
GLC-10354,Great Lakes Comfort Systems,Warehouse & Fleet,Warehouse,Warehouse Associate,Unspecified,Warehouse Associate - Unspecified,Warehouse & Fleet,Warehouse Associate,Employee,FT,MI,2019-03-06,7.49,0.6,24.0,Hourly,19.69,24573.12,19.69,1971.0,0.0,247.32,2085.33,3206.27,32083.04,25.71,1.3056,clean
GLC-10355,Great Lakes Comfort Systems,Warehouse & Fleet,Warehouse,Warehouse Associate,Unspecified,Warehouse Associate - Unspecified,Warehouse & Fleet,Warehouse Associate,Employee,Regular,MI,2017-09-07,8.98,1.0,40.0,Hourly,20.79,43243.2,20.79,3468.52,0.0,435.22,3669.72,5343.79,56160.45,27.0,1.2987,clean
GLC-10356,Great Lakes Comfort Systems,Warehouse & Fleet,Warehouse,Warehouse Associate,Unspecified,Warehouse Associate - Unspecified,Warehouse & Fleet,Warehouse Associate,Employee,Regular,MI,2025-10-01,0.91,1.0,40.0,Hourly,18.7,38896.0,18.7,3119.84,0.0,391.47,3300.81,5343.79,51051.91,24.54,1.3125,clean
GLC-10357,Great Lakes Comfort Systems,Warehouse & Fleet,Warehouse,Warehouse Associate,Unspecified,Warehouse Associate - Unspecified,Warehouse & Fleet,Warehouse Associate,Employee,Full-Time,MI,2022-06-06,4.24,1.0,40.0,Hourly,17.79,37003.2,17.79,2968.02,0.0,372.42,3140.18,5343.79,48827.61,23.47,1.3196,clean
GLC-10358,Great Lakes Comfort Systems,Warehouse & Fleet,Warehouse,Warehouse Associate,Unspecified,Warehouse Associate - Unspecified,Warehouse & Fleet,Warehouse Associate,Employee,FT,MI,2011-06-30,15.17,0.625,25.0,Hourly,18.78,24414.0,18.78,1958.24,0.0,245.71,2071.83,3339.87,32029.65,24.64,1.3119,clean
GLC-10359,Great Lakes Comfort Systems,Warehouse & Fleet,Warehouse,Warehouse Associate,Unspecified,Warehouse Associate - Unspecified,Warehouse & Fleet,Warehouse Associate,Employee,Regular,MI,2021-01-26,5.59,0.625,25.0,Hourly,18.82,24466.0,18.82,1962.41,0.0,246.24,2076.24,3339.87,32090.76,24.69,1.3116,clean
GLC-10360,Great Lakes Comfort Systems,Warehouse & Fleet,Warehouse,Warehouse Associate,Unspecified,Warehouse Associate - Unspecified,Warehouse & Fleet,Warehouse Associate,Employee,Regular,MI,2025-07-24,1.1,0.625,25.0,Hourly,19.52,25376.0,19.52,2035.4,0.0,255.4,2153.47,3339.87,33160.14,25.51,1.3068,clean
GLC-10361,Great Lakes Comfort Systems,Warehouse & Fleet,Warehouse,Warehouse Associate,Unspecified,Warehouse Associate - Unspecified,Warehouse & Fleet,Warehouse Associate,Employee,Full-Time,MI,2023-08-07,3.07,0.7,28.0,Hourly,18.04,26266.24,18.04,2106.81,0.0,264.36,2229.02,3740.65,34607.08,23.77,1.3175,clean
GLC-10362,Great Lakes Comfort Systems,Warehouse & Fleet,Warehouse,Warehouse Associate,Unspecified,Warehouse Associate - Unspecified,Warehouse & Fleet,Warehouse Associate,Employee,Regular,MI,2021-09-14,4.96,1.0,40.0,Hourly,18.26,37980.8,18.26,3046.43,0.0,382.26,3223.14,5343.79,49976.42,24.03,1.3158,clean
PIN-10382,Pinnacle Plumbing & Drain,Warehouse & Fleet,Fleet,Warehouse Associate,Unspecified,Warehouse Associate - Unspecified,Warehouse & Fleet,Warehouse Associate,Employee,Regular,TX,2025-07-09,1.14,1.0,40.0,Hourly,19.16,39852.8,19.16,3196.58,0.0,401.1,3382.0,5343.79,52176.27,25.08,1.3092,hours_defaulted;pay_basis_imputed
PIN-10383,Pinnacle Plumbing & Drain,Warehouse & Fleet,Fleet,Warehouse Associate,Unspecified,Warehouse Associate - Unspecified,Warehouse & Fleet,Warehouse Associate,Employee,Full-Time,TX,2024-10-15,1.88,1.0,40.0,Hourly,17.18,35734.4,17.18,2866.25,0.0,359.65,3032.51,5343.79,47336.6,22.76,1.3247,hours_defaulted;pay_basis_imputed
PIN-10384,Pinnacle Plumbing & Drain,Warehouse & Fleet,Fleet,Warehouse Associate,Unspecified,Warehouse Associate - Unspecified,Warehouse & Fleet,Warehouse Associate,Employee,Regular,TX,2017-02-14,9.54,1.0,40.0,Hourly,18.4,38272.0,18.4,3069.79,0.0,385.19,3247.85,5343.79,50318.62,24.19,1.3148,hours_defaulted;pay_basis_imputed
PIN-10385,Pinnacle Plumbing & Drain,Warehouse & Fleet,Fleet,Warehouse Associate,Unspecified,Warehouse Associate - Unspecified,Warehouse & Fleet,Warehouse Associate,Employee,Regular,TX,2018-10-01,7.92,1.0,40.0,Hourly,16.29,33883.2,16.29,2717.76,0.0,341.02,2875.41,5343.79,45161.18,21.71,1.3328,hours_defaulted;pay_basis_imputed
PIN-10386,Pinnacle Plumbing & Drain,Warehouse & Fleet,Fleet,Warehouse Associate,Unspecified,Warehouse Associate - Unspecified,Warehouse & Fleet,Warehouse Associate,Employee,FT,TX,2022-12-17,3.7,1.0,40.0,Hourly,16.4,34112.0,16.4,2736.11,0.0,343.32,2894.83,5343.79,45430.05,21.84,1.3318,hours_defaulted;pay_basis_imputed
PIN-10387,Pinnacle Plumbing & Drain,Warehouse & Fleet,Fleet,Warehouse Associate,Unspecified,Warehouse Associate - Unspecified,Warehouse & Fleet,Warehouse Associate,Employee,Full-Time,TX,2020-12-03,5.74,1.0,40.0,Hourly,16.84,35027.2,16.84,2809.52,0.0,352.53,2972.49,5343.79,46505.53,22.36,1.3277,hours_defaulted;pay_basis_imputed
PIN-10388,Pinnacle Plumbing & Drain,Warehouse & Fleet,Fleet,Warehouse Associate,Unspecified,Warehouse Associate - Unspecified,Warehouse & Fleet,Warehouse Associate,Employee,FT,TX,2023-07-27,3.1,1.0,40.0,Hourly,17.23,35838.4,17.23,2874.59,0.0,360.69,3041.33,5343.79,47458.8,22.82,1.3242,hours_defaulted;pay_basis_imputed
PIN-10389,Pinnacle Plumbing & Drain,Warehouse & Fleet,Fleet,Warehouse Associate,Unspecified,Warehouse Associate - Unspecified,Warehouse & Fleet,Warehouse Associate,Employee,Regular,TX,2025-05-31,1.25,1.0,40.0,Hourly,16.68,34694.4,16.68,2782.83,0.0,349.18,2944.25,5343.79,46114.45,22.17,1.3292,hours_defaulted;pay_basis_imputed
PIN-10390,Pinnacle Plumbing & Drain,Warehouse & Fleet,Fleet,Warehouse Associate,Unspecified,Warehouse Associate - Unspecified,Warehouse & Fleet,Warehouse Associate,Employee,Full-Time,TX,2025-12-04,0.74,1.0,40.0,Hourly,17.34,36067.2,17.34,2892.94,0.0,363.0,3060.75,5343.79,47727.68,22.95,1.3233,hours_defaulted;pay_basis_imputed
PIN-10391,Pinnacle Plumbing & Drain,Warehouse & Fleet,Fleet,Warehouse Associate,Unspecified,Warehouse Associate - Unspecified,Warehouse & Fleet,Warehouse Associate,Employee,,TX,2025-09-14,0.96,1.0,40.0,Hourly,16.83,35006.4,16.83,2807.85,0.0,352.32,2970.73,5343.79,46481.09,22.35,1.3278,hours_defaulted;pay_basis_imputed
PIN-10392,Pinnacle Plumbing & Drain,Warehouse & Fleet,Fleet,Warehouse Associate,Unspecified,Warehouse Associate - Unspecified,Warehouse & Fleet,Warehouse Associate,Employee,Full-Time,TX,2018-09-01,8.0,1.0,40.0,Hourly,19.4,40352.0,19.4,3236.62,0.0,406.12,3424.37,5343.79,52762.9,25.37,1.3076,hours_defaulted;pay_basis_imputed
PIN-10393,Pinnacle Plumbing & Drain,Warehouse & Fleet,Fleet,Warehouse Associate,Unspecified,Warehouse Associate - Unspecified,Warehouse & Fleet,Warehouse Associate,Employee,Regular,TX,2026-03-20,0.45,1.0,40.0,Hourly,20.82,43305.6,20.82,3473.53,0.0,435.85,3675.02,5343.79,56233.79,27.04,1.2985,hours_defaulted;pay_basis_imputed
RED-10253,Redwood Electric,Warehouse & Fleet,Parts & Fleet,Warehouse Associate,Unspecified,Warehouse Associate - Unspecified,Warehouse & Fleet,Warehouse Associate,Employee,Regular,AZ,2023-04-18,3.37,1.0,40.0,Hourly,16.37,34049.6,16.37,2731.11,0.0,342.69,2889.53,5343.79,45356.72,21.81,1.3321,hours_defaulted
RED-10254,Redwood Electric,Warehouse & Fleet,Parts & Fleet,Warehouse Associate,Unspecified,Warehouse Associate - Unspecified,Warehouse & Fleet,Warehouse Associate,Employee,Regular,AZ,2022-12-02,3.75,1.0,40.0,Hourly,17.02,35401.6,17.02,2839.55,0.0,356.3,3004.26,5343.79,46945.5,22.57,1.3261,hours_defaulted
RED-10255,Redwood Electric,Warehouse & Fleet,Parts & Fleet,Warehouse Associate,Unspecified,Warehouse Associate - Unspecified,Warehouse & Fleet,Warehouse Associate,Employee,Regular,AZ,2026-03-13,0.47,1.0,40.0,Hourly,18.32,38105.6,18.32,3056.44,0.0,383.51,3233.73,5343.79,50123.07,24.1,1.3154,hours_defaulted;pay_rate_imputed
RED-10256,Redwood Electric,Warehouse & Fleet,Parts & Fleet,Warehouse Associate,Unspecified,Warehouse Associate - Unspecified,Warehouse & Fleet,Warehouse Associate,Employee,,AZ,2024-02-10,2.55,1.0,40.0,Hourly,20.07,41745.6,20.07,3348.4,0.0,420.15,3542.63,5343.79,54400.57,26.15,1.3031,hours_defaulted
RED-10257,Redwood Electric,Warehouse & Fleet,Parts & Fleet,Warehouse Associate,Unspecified,Warehouse Associate - Unspecified,Warehouse & Fleet,Warehouse Associate,Employee,,AZ,2023-02-09,3.56,1.0,40.0,Hourly,18.45,38376.0,18.45,3078.13,0.0,386.23,3256.68,5343.79,50440.83,24.25,1.3144,hours_defaulted
RED-10258,Redwood Electric,Warehouse & Fleet,Parts & Fleet,Warehouse Associate,Unspecified,Warehouse Associate - Unspecified,Warehouse & Fleet,Warehouse Associate,Employee,Full-Time,AZ,2023-04-17,3.37,1.0,40.0,Hourly,17.93,37294.4,17.93,2991.37,0.0,375.35,3164.89,5343.79,49169.8,23.64,1.3184,hours_defaulted
RED-10259,Redwood Electric,Warehouse & Fleet,Parts & Fleet,Warehouse Associate,Unspecified,Warehouse Associate - Unspecified,Warehouse & Fleet,Warehouse Associate,Employee,FT,AZ,2025-06-27,1.18,1.0,40.0,Hourly,18.24,37939.2,18.24,3043.09,0.0,381.84,3219.61,5343.79,49927.53,24.0,1.316,hours_defaulted
RED-10260,Redwood Electric,Warehouse & Fleet,Parts & Fleet,Warehouse Associate,Unspecified,Warehouse Associate - Unspecified,Warehouse & Fleet,Warehouse Associate,Employee,Regular,AZ,2024-05-21,2.28,1.0,40.0,Hourly,19.28,40102.4,19.28,3216.6,0.0,403.61,3403.19,5343.79,52469.59,25.23,1.3084,hours_defaulted
RED-10261,Redwood Electric,Warehouse & Fleet,Parts & Fleet,Warehouse Associate,Unspecified,Warehouse Associate - Unspecified,Warehouse & Fleet,Warehouse Associate,Employee,Regular,AZ,2021-10-09,4.89,1.0,40.0,Hourly,20.32,42265.6,20.32,3390.11,0.0,425.38,3586.76,5343.79,55011.64,26.45,1.3016,hours_defaulted
BAY-10456,Bayside Mechanical,Warehouse & Fleet,Warehouse,Warehouse Manager,NA,Warehouse Manager,Warehouse & Fleet,Warehouse Manager,Employee,FT,FL,2025-11-26,0.76,1.0,40.0,Annual,72000.0,72000.0,34.62,5775.1,0.0,724.64,6110.09,5343.79,89953.62,43.25,1.2494,clean
BAY-10457,Bayside Mechanical,Warehouse & Fleet,Warehouse,Warehouse Manager,NA,Warehouse Manager,Warehouse & Fleet,Warehouse Manager,Employee,Regular,FL,2018-06-12,8.22,1.0,40.0,Annual,72000.0,72000.0,34.62,5775.1,0.0,724.64,6110.09,5343.79,89953.62,43.25,1.2494,clean
GLC-10370,Great Lakes Comfort Systems,Warehouse & Fleet,Warehouse,Warehouse Manager,NA,Warehouse Manager,Warehouse & Fleet,Warehouse Manager,Employee,,MI,2021-04-29,5.34,1.0,40.0,Annual,71000.0,71000.0,34.13,5694.89,0.0,714.58,6025.23,5343.79,88778.49,42.68,1.2504,clean
GLC-10371,Great Lakes Comfort Systems,Warehouse & Fleet,Warehouse,Warehouse Manager,NA,Warehouse Manager,Warehouse & Fleet,Warehouse Manager,Employee,Regular,MI,2024-08-29,2.0,1.0,40.0,Annual,77500.0,77500.0,37.26,6216.25,0.0,780.0,6576.84,5343.79,96416.88,46.35,1.2441,clean
GLC-10372,Great Lakes Comfort Systems,Warehouse & Fleet,Warehouse,Warehouse Manager,NA,Warehouse Manager,Warehouse & Fleet,Warehouse Manager,Employee,Full-Time,MI,2024-01-04,2.66,1.0,40.0,Annual,66000.0,66000.0,31.73,5293.84,0.0,664.25,5600.92,5343.79,82902.8,39.86,1.2561,clean
GLC-10373,Great Lakes Comfort Systems,Warehouse & Fleet,Warehouse,Warehouse Manager,NA,Warehouse Manager,Warehouse & Fleet,Warehouse Manager,Employee,,MI,2022-03-24,4.44,1.0,40.0,Annual,76500.0,76500.0,36.78,6136.04,0.0,769.93,6491.97,5343.79,95241.73,45.79,1.245,clean
GLC-10374,Great Lakes Comfort Systems,Warehouse & Fleet,Warehouse,Warehouse Manager,NA,Warehouse Manager,Warehouse & Fleet,Warehouse Manager,Employee,FT,MI,2025-07-20,1.11,1.0,40.0,Annual,70500.0,70500.0,33.89,5654.78,0.0,709.54,5982.8,5343.79,88190.91,42.4,1.2509,clean
RED-10268,Redwood Electric,Warehouse & Fleet,Parts & Fleet,Warehouse Manager,NA,Warehouse Manager,Warehouse & Fleet,Warehouse Manager,Employee,FT,AZ,2023-09-23,2.94,1.0,40.0,Annual,65500.0,65500.0,31.49,5253.74,0.0,659.22,5558.49,5343.79,82315.24,39.57,1.2567,hours_defaulted
